SimulationIndividualId,VirtualProfileId,Variability_CV,ParameterSetId,PopulationIndividualId
0,1,0.3,1,0
1,2,0.3,1,1
2,3,0.3,1,2
3,4,0.3,1,3
4,5,0.3,1,4
5,6,0.3,1,5
6,7,0.3,1,6
7,8,0.3,1,7
8,9,0.3,1,8
9,10,0.3,1,9
10,11,0.3,1,10
11,12,0.3,1,11
12,13,0.3,1,12
13,14,0.3,1,13
14,15,0.3,1,14
15,16,0.3,1,15
16,17,0.3,1,16
17,18,0.3,1,17
18,19,0.3,1,18
19,20,0.3,1,19
20,21,0.3,1,20
21,22,0.3,1,21
22,23,0.3,1,22
23,24,0.3,1,23
24,25,0.3,1,24
25,26,0.3,1,25
26,27,0.3,1,26
27,28,0.3,1,27
28,29,0.3,1,28
29,30,0.3,1,29
30,31,0.3,1,30
31,32,0.3,1,31
32,33,0.3,1,32
33,34,0.3,1,33
34,35,0.3,1,34
35,36,0.3,1,35
36,37,0.3,1,36
37,38,0.3,1,37
38,39,0.3,1,38
39,40,0.3,1,39
40,41,0.3,1,40
41,42,0.3,1,41
42,43,0.3,1,42
43,44,0.3,1,43
44,45,0.3,1,44
45,46,0.3,1,45
46,47,0.3,1,46
47,48,0.3,1,47
48,49,0.3,1,48
49,50,0.3,1,49
50,51,0.3,2,0
51,52,0.3,2,1
52,53,0.3,2,2
53,54,0.3,2,3
54,55,0.3,2,4
55,56,0.3,2,5
56,57,0.3,2,6
57,58,0.3,2,7
58,59,0.3,2,8
59,60,0.3,2,9
60,61,0.3,2,10
61,62,0.3,2,11
62,63,0.3,2,12
63,64,0.3,2,13
64,65,0.3,2,14
65,66,0.3,2,15
66,67,0.3,2,16
67,68,0.3,2,17
68,69,0.3,2,18
69,70,0.3,2,19
70,71,0.3,2,20
71,72,0.3,2,21
72,73,0.3,2,22
73,74,0.3,2,23
74,75,0.3,2,24
75,76,0.3,2,25
76,77,0.3,2,26
77,78,0.3,2,27
78,79,0.3,2,28
79,80,0.3,2,29
80,81,0.3,2,30
81,82,0.3,2,31
82,83,0.3,2,32
83,84,0.3,2,33
84,85,0.3,2,34
85,86,0.3,2,35
86,87,0.3,2,36
87,88,0.3,2,37
88,89,0.3,2,38
89,90,0.3,2,39
90,91,0.3,2,40
91,92,0.3,2,41
92,93,0.3,2,42
93,94,0.3,2,43
94,95,0.3,2,44
95,96,0.3,2,45
96,97,0.3,2,46
97,98,0.3,2,47
98,99,0.3,2,48
99,100,0.3,2,49
100,101,0.3,3,0
101,102,0.3,3,1
102,103,0.3,3,2
103,104,0.3,3,3
104,105,0.3,3,4
105,106,0.3,3,5
106,107,0.3,3,6
107,108,0.3,3,7
108,109,0.3,3,8
109,110,0.3,3,9
110,111,0.3,3,10
111,112,0.3,3,11
112,113,0.3,3,12
113,114,0.3,3,13
114,115,0.3,3,14
115,116,0.3,3,15
116,117,0.3,3,16
117,118,0.3,3,17
118,119,0.3,3,18
119,120,0.3,3,19
120,121,0.3,3,20
121,122,0.3,3,21
122,123,0.3,3,22
123,124,0.3,3,23
124,125,0.3,3,24
125,126,0.3,3,25
126,127,0.3,3,26
127,128,0.3,3,27
128,129,0.3,3,28
129,130,0.3,3,29
130,131,0.3,3,30
131,132,0.3,3,31
132,133,0.3,3,32
133,134,0.3,3,33
134,135,0.3,3,34
135,136,0.3,3,35
136,137,0.3,3,36
137,138,0.3,3,37
138,139,0.3,3,38
139,140,0.3,3,39
140,141,0.3,3,40
141,142,0.3,3,41
142,143,0.3,3,42
143,144,0.3,3,43
144,145,0.3,3,44
145,146,0.3,3,45
146,147,0.3,3,46
147,148,0.3,3,47
148,149,0.3,3,48
149,150,0.3,3,49
150,151,0.3,4,0
151,152,0.3,4,1
152,153,0.3,4,2
153,154,0.3,4,3
154,155,0.3,4,4
155,156,0.3,4,5
156,157,0.3,4,6
157,158,0.3,4,7
158,159,0.3,4,8
159,160,0.3,4,9
160,161,0.3,4,10
161,162,0.3,4,11
162,163,0.3,4,12
163,164,0.3,4,13
164,165,0.3,4,14
165,166,0.3,4,15
166,167,0.3,4,16
167,168,0.3,4,17
168,169,0.3,4,18
169,170,0.3,4,19
170,171,0.3,4,20
171,172,0.3,4,21
172,173,0.3,4,22
173,174,0.3,4,23
174,175,0.3,4,24
175,176,0.3,4,25
176,177,0.3,4,26
177,178,0.3,4,27
178,179,0.3,4,28
179,180,0.3,4,29
180,181,0.3,4,30
181,182,0.3,4,31
182,183,0.3,4,32
183,184,0.3,4,33
184,185,0.3,4,34
185,186,0.3,4,35
186,187,0.3,4,36
187,188,0.3,4,37
188,189,0.3,4,38
189,190,0.3,4,39
190,191,0.3,4,40
191,192,0.3,4,41
192,193,0.3,4,42
193,194,0.3,4,43
194,195,0.3,4,44
195,196,0.3,4,45
196,197,0.3,4,46
197,198,0.3,4,47
198,199,0.3,4,48
199,200,0.3,4,49
200,201,0.3,5,0
201,202,0.3,5,1
202,203,0.3,5,2
203,204,0.3,5,3
204,205,0.3,5,4
205,206,0.3,5,5
206,207,0.3,5,6
207,208,0.3,5,7
208,209,0.3,5,8
209,210,0.3,5,9
210,211,0.3,5,10
211,212,0.3,5,11
212,213,0.3,5,12
213,214,0.3,5,13
214,215,0.3,5,14
215,216,0.3,5,15
216,217,0.3,5,16
217,218,0.3,5,17
218,219,0.3,5,18
219,220,0.3,5,19
220,221,0.3,5,20
221,222,0.3,5,21
222,223,0.3,5,22
223,224,0.3,5,23
224,225,0.3,5,24
225,226,0.3,5,25
226,227,0.3,5,26
227,228,0.3,5,27
228,229,0.3,5,28
229,230,0.3,5,29
230,231,0.3,5,30
231,232,0.3,5,31
232,233,0.3,5,32
233,234,0.3,5,33
234,235,0.3,5,34
235,236,0.3,5,35
236,237,0.3,5,36
237,238,0.3,5,37
238,239,0.3,5,38
239,240,0.3,5,39
240,241,0.3,5,40
241,242,0.3,5,41
242,243,0.3,5,42
243,244,0.3,5,43
244,245,0.3,5,44
245,246,0.3,5,45
246,247,0.3,5,46
247,248,0.3,5,47
248,249,0.3,5,48
249,250,0.3,5,49
250,251,0.3,6,0
251,252,0.3,6,1
252,253,0.3,6,2
253,254,0.3,6,3
254,255,0.3,6,4
255,256,0.3,6,5
256,257,0.3,6,6
257,258,0.3,6,7
258,259,0.3,6,8
259,260,0.3,6,9
260,261,0.3,6,10
261,262,0.3,6,11
262,263,0.3,6,12
263,264,0.3,6,13
264,265,0.3,6,14
265,266,0.3,6,15
266,267,0.3,6,16
267,268,0.3,6,17
268,269,0.3,6,18
269,270,0.3,6,19
270,271,0.3,6,20
271,272,0.3,6,21
272,273,0.3,6,22
273,274,0.3,6,23
274,275,0.3,6,24
275,276,0.3,6,25
276,277,0.3,6,26
277,278,0.3,6,27
278,279,0.3,6,28
279,280,0.3,6,29
280,281,0.3,6,30
281,282,0.3,6,31
282,283,0.3,6,32
283,284,0.3,6,33
284,285,0.3,6,34
285,286,0.3,6,35
286,287,0.3,6,36
287,288,0.3,6,37
288,289,0.3,6,38
289,290,0.3,6,39
290,291,0.3,6,40
291,292,0.3,6,41
292,293,0.3,6,42
293,294,0.3,6,43
294,295,0.3,6,44
295,296,0.3,6,45
296,297,0.3,6,46
297,298,0.3,6,47
298,299,0.3,6,48
299,300,0.3,6,49
300,301,0.3,7,0
301,302,0.3,7,1
302,303,0.3,7,2
303,304,0.3,7,3
304,305,0.3,7,4
305,306,0.3,7,5
306,307,0.3,7,6
307,308,0.3,7,7
308,309,0.3,7,8
309,310,0.3,7,9
310,311,0.3,7,10
311,312,0.3,7,11
312,313,0.3,7,12
313,314,0.3,7,13
314,315,0.3,7,14
315,316,0.3,7,15
316,317,0.3,7,16
317,318,0.3,7,17
318,319,0.3,7,18
319,320,0.3,7,19
320,321,0.3,7,20
321,322,0.3,7,21
322,323,0.3,7,22
323,324,0.3,7,23
324,325,0.3,7,24
325,326,0.3,7,25
326,327,0.3,7,26
327,328,0.3,7,27
328,329,0.3,7,28
329,330,0.3,7,29
330,331,0.3,7,30
331,332,0.3,7,31
332,333,0.3,7,32
333,334,0.3,7,33
334,335,0.3,7,34
335,336,0.3,7,35
336,337,0.3,7,36
337,338,0.3,7,37
338,339,0.3,7,38
339,340,0.3,7,39
340,341,0.3,7,40
341,342,0.3,7,41
342,343,0.3,7,42
343,344,0.3,7,43
344,345,0.3,7,44
345,346,0.3,7,45
346,347,0.3,7,46
347,348,0.3,7,47
348,349,0.3,7,48
349,350,0.3,7,49
350,351,0.3,8,0
351,352,0.3,8,1
352,353,0.3,8,2
353,354,0.3,8,3
354,355,0.3,8,4
355,356,0.3,8,5
356,357,0.3,8,6
357,358,0.3,8,7
358,359,0.3,8,8
359,360,0.3,8,9
360,361,0.3,8,10
361,362,0.3,8,11
362,363,0.3,8,12
363,364,0.3,8,13
364,365,0.3,8,14
365,366,0.3,8,15
366,367,0.3,8,16
367,368,0.3,8,17
368,369,0.3,8,18
369,370,0.3,8,19
370,371,0.3,8,20
371,372,0.3,8,21
372,373,0.3,8,22
373,374,0.3,8,23
374,375,0.3,8,24
375,376,0.3,8,25
376,377,0.3,8,26
377,378,0.3,8,27
378,379,0.3,8,28
379,380,0.3,8,29
380,381,0.3,8,30
381,382,0.3,8,31
382,383,0.3,8,32
383,384,0.3,8,33
384,385,0.3,8,34
385,386,0.3,8,35
386,387,0.3,8,36
387,388,0.3,8,37
388,389,0.3,8,38
389,390,0.3,8,39
390,391,0.3,8,40
391,392,0.3,8,41
392,393,0.3,8,42
393,394,0.3,8,43
394,395,0.3,8,44
395,396,0.3,8,45
396,397,0.3,8,46
397,398,0.3,8,47
398,399,0.3,8,48
399,400,0.3,8,49
400,401,0.3,9,0
401,402,0.3,9,1
402,403,0.3,9,2
403,404,0.3,9,3
404,405,0.3,9,4
405,406,0.3,9,5
406,407,0.3,9,6
407,408,0.3,9,7
408,409,0.3,9,8
409,410,0.3,9,9
410,411,0.3,9,10
411,412,0.3,9,11
412,413,0.3,9,12
413,414,0.3,9,13
414,415,0.3,9,14
415,416,0.3,9,15
416,417,0.3,9,16
417,418,0.3,9,17
418,419,0.3,9,18
419,420,0.3,9,19
420,421,0.3,9,20
421,422,0.3,9,21
422,423,0.3,9,22
423,424,0.3,9,23
424,425,0.3,9,24
425,426,0.3,9,25
426,427,0.3,9,26
427,428,0.3,9,27
428,429,0.3,9,28
429,430,0.3,9,29
430,431,0.3,9,30
431,432,0.3,9,31
432,433,0.3,9,32
433,434,0.3,9,33
434,435,0.3,9,34
435,436,0.3,9,35
436,437,0.3,9,36
437,438,0.3,9,37
438,439,0.3,9,38
439,440,0.3,9,39
440,441,0.3,9,40
441,442,0.3,9,41
442,443,0.3,9,42
443,444,0.3,9,43
444,445,0.3,9,44
445,446,0.3,9,45
446,447,0.3,9,46
447,448,0.3,9,47
448,449,0.3,9,48
449,450,0.3,9,49
450,451,0.3,10,0
451,452,0.3,10,1
452,453,0.3,10,2
453,454,0.3,10,3
454,455,0.3,10,4
455,456,0.3,10,5
456,457,0.3,10,6
457,458,0.3,10,7
458,459,0.3,10,8
459,460,0.3,10,9
460,461,0.3,10,10
461,462,0.3,10,11
462,463,0.3,10,12
463,464,0.3,10,13
464,465,0.3,10,14
465,466,0.3,10,15
466,467,0.3,10,16
467,468,0.3,10,17
468,469,0.3,10,18
469,470,0.3,10,19
470,471,0.3,10,20
471,472,0.3,10,21
472,473,0.3,10,22
473,474,0.3,10,23
474,475,0.3,10,24
475,476,0.3,10,25
476,477,0.3,10,26
477,478,0.3,10,27
478,479,0.3,10,28
479,480,0.3,10,29
480,481,0.3,10,30
481,482,0.3,10,31
482,483,0.3,10,32
483,484,0.3,10,33
484,485,0.3,10,34
485,486,0.3,10,35
486,487,0.3,10,36
487,488,0.3,10,37
488,489,0.3,10,38
489,490,0.3,10,39
490,491,0.3,10,40
491,492,0.3,10,41
492,493,0.3,10,42
493,494,0.3,10,43
494,495,0.3,10,44
495,496,0.3,10,45
496,497,0.3,10,46
497,498,0.3,10,47
498,499,0.3,10,48
499,500,0.3,10,49
500,501,0.3,11,0
501,502,0.3,11,1
502,503,0.3,11,2
503,504,0.3,11,3
504,505,0.3,11,4
505,506,0.3,11,5
506,507,0.3,11,6
507,508,0.3,11,7
508,509,0.3,11,8
509,510,0.3,11,9
510,511,0.3,11,10
511,512,0.3,11,11
512,513,0.3,11,12
513,514,0.3,11,13
514,515,0.3,11,14
515,516,0.3,11,15
516,517,0.3,11,16
517,518,0.3,11,17
518,519,0.3,11,18
519,520,0.3,11,19
520,521,0.3,11,20
521,522,0.3,11,21
522,523,0.3,11,22
523,524,0.3,11,23
524,525,0.3,11,24
525,526,0.3,11,25
526,527,0.3,11,26
527,528,0.3,11,27
528,529,0.3,11,28
529,530,0.3,11,29
530,531,0.3,11,30
531,532,0.3,11,31
532,533,0.3,11,32
533,534,0.3,11,33
534,535,0.3,11,34
535,536,0.3,11,35
536,537,0.3,11,36
537,538,0.3,11,37
538,539,0.3,11,38
539,540,0.3,11,39
540,541,0.3,11,40
541,542,0.3,11,41
542,543,0.3,11,42
543,544,0.3,11,43
544,545,0.3,11,44
545,546,0.3,11,45
546,547,0.3,11,46
547,548,0.3,11,47
548,549,0.3,11,48
549,550,0.3,11,49
550,551,0.3,12,0
551,552,0.3,12,1
552,553,0.3,12,2
553,554,0.3,12,3
554,555,0.3,12,4
555,556,0.3,12,5
556,557,0.3,12,6
557,558,0.3,12,7
558,559,0.3,12,8
559,560,0.3,12,9
560,561,0.3,12,10
561,562,0.3,12,11
562,563,0.3,12,12
563,564,0.3,12,13
564,565,0.3,12,14
565,566,0.3,12,15
566,567,0.3,12,16
567,568,0.3,12,17
568,569,0.3,12,18
569,570,0.3,12,19
570,571,0.3,12,20
571,572,0.3,12,21
572,573,0.3,12,22
573,574,0.3,12,23
574,575,0.3,12,24
575,576,0.3,12,25
576,577,0.3,12,26
577,578,0.3,12,27
578,579,0.3,12,28
579,580,0.3,12,29
580,581,0.3,12,30
581,582,0.3,12,31
582,583,0.3,12,32
583,584,0.3,12,33
584,585,0.3,12,34
585,586,0.3,12,35
586,587,0.3,12,36
587,588,0.3,12,37
588,589,0.3,12,38
589,590,0.3,12,39
590,591,0.3,12,40
591,592,0.3,12,41
592,593,0.3,12,42
593,594,0.3,12,43
594,595,0.3,12,44
595,596,0.3,12,45
596,597,0.3,12,46
597,598,0.3,12,47
598,599,0.3,12,48
599,600,0.3,12,49
600,601,0.3,13,0
601,602,0.3,13,1
602,603,0.3,13,2
603,604,0.3,13,3
604,605,0.3,13,4
605,606,0.3,13,5
606,607,0.3,13,6
607,608,0.3,13,7
608,609,0.3,13,8
609,610,0.3,13,9
610,611,0.3,13,10
611,612,0.3,13,11
612,613,0.3,13,12
613,614,0.3,13,13
614,615,0.3,13,14
615,616,0.3,13,15
616,617,0.3,13,16
617,618,0.3,13,17
618,619,0.3,13,18
619,620,0.3,13,19
620,621,0.3,13,20
621,622,0.3,13,21
622,623,0.3,13,22
623,624,0.3,13,23
624,625,0.3,13,24
625,626,0.3,13,25
626,627,0.3,13,26
627,628,0.3,13,27
628,629,0.3,13,28
629,630,0.3,13,29
630,631,0.3,13,30
631,632,0.3,13,31
632,633,0.3,13,32
633,634,0.3,13,33
634,635,0.3,13,34
635,636,0.3,13,35
636,637,0.3,13,36
637,638,0.3,13,37
638,639,0.3,13,38
639,640,0.3,13,39
640,641,0.3,13,40
641,642,0.3,13,41
642,643,0.3,13,42
643,644,0.3,13,43
644,645,0.3,13,44
645,646,0.3,13,45
646,647,0.3,13,46
647,648,0.3,13,47
648,649,0.3,13,48
649,650,0.3,13,49
650,651,0.3,14,0
651,652,0.3,14,1
652,653,0.3,14,2
653,654,0.3,14,3
654,655,0.3,14,4
655,656,0.3,14,5
656,657,0.3,14,6
657,658,0.3,14,7
658,659,0.3,14,8
659,660,0.3,14,9
660,661,0.3,14,10
661,662,0.3,14,11
662,663,0.3,14,12
663,664,0.3,14,13
664,665,0.3,14,14
665,666,0.3,14,15
666,667,0.3,14,16
667,668,0.3,14,17
668,669,0.3,14,18
669,670,0.3,14,19
670,671,0.3,14,20
671,672,0.3,14,21
672,673,0.3,14,22
673,674,0.3,14,23
674,675,0.3,14,24
675,676,0.3,14,25
676,677,0.3,14,26
677,678,0.3,14,27
678,679,0.3,14,28
679,680,0.3,14,29
680,681,0.3,14,30
681,682,0.3,14,31
682,683,0.3,14,32
683,684,0.3,14,33
684,685,0.3,14,34
685,686,0.3,14,35
686,687,0.3,14,36
687,688,0.3,14,37
688,689,0.3,14,38
689,690,0.3,14,39
690,691,0.3,14,40
691,692,0.3,14,41
692,693,0.3,14,42
693,694,0.3,14,43
694,695,0.3,14,44
695,696,0.3,14,45
696,697,0.3,14,46
697,698,0.3,14,47
698,699,0.3,14,48
699,700,0.3,14,49
700,701,0.3,15,0
701,702,0.3,15,1
702,703,0.3,15,2
703,704,0.3,15,3
704,705,0.3,15,4
705,706,0.3,15,5
706,707,0.3,15,6
707,708,0.3,15,7
708,709,0.3,15,8
709,710,0.3,15,9
710,711,0.3,15,10
711,712,0.3,15,11
712,713,0.3,15,12
713,714,0.3,15,13
714,715,0.3,15,14
715,716,0.3,15,15
716,717,0.3,15,16
717,718,0.3,15,17
718,719,0.3,15,18
719,720,0.3,15,19
720,721,0.3,15,20
721,722,0.3,15,21
722,723,0.3,15,22
723,724,0.3,15,23
724,725,0.3,15,24
725,726,0.3,15,25
726,727,0.3,15,26
727,728,0.3,15,27
728,729,0.3,15,28
729,730,0.3,15,29
730,731,0.3,15,30
731,732,0.3,15,31
732,733,0.3,15,32
733,734,0.3,15,33
734,735,0.3,15,34
735,736,0.3,15,35
736,737,0.3,15,36
737,738,0.3,15,37
738,739,0.3,15,38
739,740,0.3,15,39
740,741,0.3,15,40
741,742,0.3,15,41
742,743,0.3,15,42
743,744,0.3,15,43
744,745,0.3,15,44
745,746,0.3,15,45
746,747,0.3,15,46
747,748,0.3,15,47
748,749,0.3,15,48
749,750,0.3,15,49
750,751,0.3,16,0
751,752,0.3,16,1
752,753,0.3,16,2
753,754,0.3,16,3
754,755,0.3,16,4
755,756,0.3,16,5
756,757,0.3,16,6
757,758,0.3,16,7
758,759,0.3,16,8
759,760,0.3,16,9
760,761,0.3,16,10
761,762,0.3,16,11
762,763,0.3,16,12
763,764,0.3,16,13
764,765,0.3,16,14
765,766,0.3,16,15
766,767,0.3,16,16
767,768,0.3,16,17
768,769,0.3,16,18
769,770,0.3,16,19
770,771,0.3,16,20
771,772,0.3,16,21
772,773,0.3,16,22
773,774,0.3,16,23
774,775,0.3,16,24
775,776,0.3,16,25
776,777,0.3,16,26
777,778,0.3,16,27
778,779,0.3,16,28
779,780,0.3,16,29
780,781,0.3,16,30
781,782,0.3,16,31
782,783,0.3,16,32
783,784,0.3,16,33
784,785,0.3,16,34
785,786,0.3,16,35
786,787,0.3,16,36
787,788,0.3,16,37
788,789,0.3,16,38
789,790,0.3,16,39
790,791,0.3,16,40
791,792,0.3,16,41
792,793,0.3,16,42
793,794,0.3,16,43
794,795,0.3,16,44
795,796,0.3,16,45
796,797,0.3,16,46
797,798,0.3,16,47
798,799,0.3,16,48
799,800,0.3,16,49
800,801,0.3,17,0
801,802,0.3,17,1
802,803,0.3,17,2
803,804,0.3,17,3
804,805,0.3,17,4
805,806,0.3,17,5
806,807,0.3,17,6
807,808,0.3,17,7
808,809,0.3,17,8
809,810,0.3,17,9
810,811,0.3,17,10
811,812,0.3,17,11
812,813,0.3,17,12
813,814,0.3,17,13
814,815,0.3,17,14
815,816,0.3,17,15
816,817,0.3,17,16
817,818,0.3,17,17
818,819,0.3,17,18
819,820,0.3,17,19
820,821,0.3,17,20
821,822,0.3,17,21
822,823,0.3,17,22
823,824,0.3,17,23
824,825,0.3,17,24
825,826,0.3,17,25
826,827,0.3,17,26
827,828,0.3,17,27
828,829,0.3,17,28
829,830,0.3,17,29
830,831,0.3,17,30
831,832,0.3,17,31
832,833,0.3,17,32
833,834,0.3,17,33
834,835,0.3,17,34
835,836,0.3,17,35
836,837,0.3,17,36
837,838,0.3,17,37
838,839,0.3,17,38
839,840,0.3,17,39
840,841,0.3,17,40
841,842,0.3,17,41
842,843,0.3,17,42
843,844,0.3,17,43
844,845,0.3,17,44
845,846,0.3,17,45
846,847,0.3,17,46
847,848,0.3,17,47
848,849,0.3,17,48
849,850,0.3,17,49
850,851,0.3,18,0
851,852,0.3,18,1
852,853,0.3,18,2
853,854,0.3,18,3
854,855,0.3,18,4
855,856,0.3,18,5
856,857,0.3,18,6
857,858,0.3,18,7
858,859,0.3,18,8
859,860,0.3,18,9
860,861,0.3,18,10
861,862,0.3,18,11
862,863,0.3,18,12
863,864,0.3,18,13
864,865,0.3,18,14
865,866,0.3,18,15
866,867,0.3,18,16
867,868,0.3,18,17
868,869,0.3,18,18
869,870,0.3,18,19
870,871,0.3,18,20
871,872,0.3,18,21
872,873,0.3,18,22
873,874,0.3,18,23
874,875,0.3,18,24
875,876,0.3,18,25
876,877,0.3,18,26
877,878,0.3,18,27
878,879,0.3,18,28
879,880,0.3,18,29
880,881,0.3,18,30
881,882,0.3,18,31
882,883,0.3,18,32
883,884,0.3,18,33
884,885,0.3,18,34
885,886,0.3,18,35
886,887,0.3,18,36
887,888,0.3,18,37
888,889,0.3,18,38
889,890,0.3,18,39
890,891,0.3,18,40
891,892,0.3,18,41
892,893,0.3,18,42
893,894,0.3,18,43
894,895,0.3,18,44
895,896,0.3,18,45
896,897,0.3,18,46
897,898,0.3,18,47
898,899,0.3,18,48
899,900,0.3,18,49
900,901,0.3,19,0
901,902,0.3,19,1
902,903,0.3,19,2
903,904,0.3,19,3
904,905,0.3,19,4
905,906,0.3,19,5
906,907,0.3,19,6
907,908,0.3,19,7
908,909,0.3,19,8
909,910,0.3,19,9
910,911,0.3,19,10
911,912,0.3,19,11
912,913,0.3,19,12
913,914,0.3,19,13
914,915,0.3,19,14
915,916,0.3,19,15
916,917,0.3,19,16
917,918,0.3,19,17
918,919,0.3,19,18
919,920,0.3,19,19
920,921,0.3,19,20
921,922,0.3,19,21
922,923,0.3,19,22
923,924,0.3,19,23
924,925,0.3,19,24
925,926,0.3,19,25
926,927,0.3,19,26
927,928,0.3,19,27
928,929,0.3,19,28
929,930,0.3,19,29
930,931,0.3,19,30
931,932,0.3,19,31
932,933,0.3,19,32
933,934,0.3,19,33
934,935,0.3,19,34
935,936,0.3,19,35
936,937,0.3,19,36
937,938,0.3,19,37
938,939,0.3,19,38
939,940,0.3,19,39
940,941,0.3,19,40
941,942,0.3,19,41
942,943,0.3,19,42
943,944,0.3,19,43
944,945,0.3,19,44
945,946,0.3,19,45
946,947,0.3,19,46
947,948,0.3,19,47
948,949,0.3,19,48
949,950,0.3,19,49
950,951,0.3,20,0
951,952,0.3,20,1
952,953,0.3,20,2
953,954,0.3,20,3
954,955,0.3,20,4
955,956,0.3,20,5
956,957,0.3,20,6
957,958,0.3,20,7
958,959,0.3,20,8
959,960,0.3,20,9
960,961,0.3,20,10
961,962,0.3,20,11
962,963,0.3,20,12
963,964,0.3,20,13
964,965,0.3,20,14
965,966,0.3,20,15
966,967,0.3,20,16
967,968,0.3,20,17
968,969,0.3,20,18
969,970,0.3,20,19
970,971,0.3,20,20
971,972,0.3,20,21
972,973,0.3,20,22
973,974,0.3,20,23
974,975,0.3,20,24
975,976,0.3,20,25
976,977,0.3,20,26
977,978,0.3,20,27
978,979,0.3,20,28
979,980,0.3,20,29
980,981,0.3,20,30
981,982,0.3,20,31
982,983,0.3,20,32
983,984,0.3,20,33
984,985,0.3,20,34
985,986,0.3,20,35
986,987,0.3,20,36
987,988,0.3,20,37
988,989,0.3,20,38
989,990,0.3,20,39
990,991,0.3,20,40
991,992,0.3,20,41
992,993,0.3,20,42
993,994,0.3,20,43
994,995,0.3,20,44
995,996,0.3,20,45
996,997,0.3,20,46
997,998,0.3,20,47
998,999,0.3,20,48
999,1000,0.3,20,49
1000,1001,0.3,21,0
1001,1002,0.3,21,1
1002,1003,0.3,21,2
1003,1004,0.3,21,3
1004,1005,0.3,21,4
1005,1006,0.3,21,5
1006,1007,0.3,21,6
1007,1008,0.3,21,7
1008,1009,0.3,21,8
1009,1010,0.3,21,9
1010,1011,0.3,21,10
1011,1012,0.3,21,11
1012,1013,0.3,21,12
1013,1014,0.3,21,13
1014,1015,0.3,21,14
1015,1016,0.3,21,15
1016,1017,0.3,21,16
1017,1018,0.3,21,17
1018,1019,0.3,21,18
1019,1020,0.3,21,19
1020,1021,0.3,21,20
1021,1022,0.3,21,21
1022,1023,0.3,21,22
1023,1024,0.3,21,23
1024,1025,0.3,21,24
1025,1026,0.3,21,25
1026,1027,0.3,21,26
1027,1028,0.3,21,27
1028,1029,0.3,21,28
1029,1030,0.3,21,29
1030,1031,0.3,21,30
1031,1032,0.3,21,31
1032,1033,0.3,21,32
1033,1034,0.3,21,33
1034,1035,0.3,21,34
1035,1036,0.3,21,35
1036,1037,0.3,21,36
1037,1038,0.3,21,37
1038,1039,0.3,21,38
1039,1040,0.3,21,39
1040,1041,0.3,21,40
1041,1042,0.3,21,41
1042,1043,0.3,21,42
1043,1044,0.3,21,43
1044,1045,0.3,21,44
1045,1046,0.3,21,45
1046,1047,0.3,21,46
1047,1048,0.3,21,47
1048,1049,0.3,21,48
1049,1050,0.3,21,49
1050,1051,0.3,22,0
1051,1052,0.3,22,1
1052,1053,0.3,22,2
1053,1054,0.3,22,3
1054,1055,0.3,22,4
1055,1056,0.3,22,5
1056,1057,0.3,22,6
1057,1058,0.3,22,7
1058,1059,0.3,22,8
1059,1060,0.3,22,9
1060,1061,0.3,22,10
1061,1062,0.3,22,11
1062,1063,0.3,22,12
1063,1064,0.3,22,13
1064,1065,0.3,22,14
1065,1066,0.3,22,15
1066,1067,0.3,22,16
1067,1068,0.3,22,17
1068,1069,0.3,22,18
1069,1070,0.3,22,19
1070,1071,0.3,22,20
1071,1072,0.3,22,21
1072,1073,0.3,22,22
1073,1074,0.3,22,23
1074,1075,0.3,22,24
1075,1076,0.3,22,25
1076,1077,0.3,22,26
1077,1078,0.3,22,27
1078,1079,0.3,22,28
1079,1080,0.3,22,29
1080,1081,0.3,22,30
1081,1082,0.3,22,31
1082,1083,0.3,22,32
1083,1084,0.3,22,33
1084,1085,0.3,22,34
1085,1086,0.3,22,35
1086,1087,0.3,22,36
1087,1088,0.3,22,37
1088,1089,0.3,22,38
1089,1090,0.3,22,39
1090,1091,0.3,22,40
1091,1092,0.3,22,41
1092,1093,0.3,22,42
1093,1094,0.3,22,43
1094,1095,0.3,22,44
1095,1096,0.3,22,45
1096,1097,0.3,22,46
1097,1098,0.3,22,47
1098,1099,0.3,22,48
1099,1100,0.3,22,49
1100,1101,0.3,23,0
1101,1102,0.3,23,1
1102,1103,0.3,23,2
1103,1104,0.3,23,3
1104,1105,0.3,23,4
1105,1106,0.3,23,5
1106,1107,0.3,23,6
1107,1108,0.3,23,7
1108,1109,0.3,23,8
1109,1110,0.3,23,9
1110,1111,0.3,23,10
1111,1112,0.3,23,11
1112,1113,0.3,23,12
1113,1114,0.3,23,13
1114,1115,0.3,23,14
1115,1116,0.3,23,15
1116,1117,0.3,23,16
1117,1118,0.3,23,17
1118,1119,0.3,23,18
1119,1120,0.3,23,19
1120,1121,0.3,23,20
1121,1122,0.3,23,21
1122,1123,0.3,23,22
1123,1124,0.3,23,23
1124,1125,0.3,23,24
1125,1126,0.3,23,25
1126,1127,0.3,23,26
1127,1128,0.3,23,27
1128,1129,0.3,23,28
1129,1130,0.3,23,29
1130,1131,0.3,23,30
1131,1132,0.3,23,31
1132,1133,0.3,23,32
1133,1134,0.3,23,33
1134,1135,0.3,23,34
1135,1136,0.3,23,35
1136,1137,0.3,23,36
1137,1138,0.3,23,37
1138,1139,0.3,23,38
1139,1140,0.3,23,39
1140,1141,0.3,23,40
1141,1142,0.3,23,41
1142,1143,0.3,23,42
1143,1144,0.3,23,43
1144,1145,0.3,23,44
1145,1146,0.3,23,45
1146,1147,0.3,23,46
1147,1148,0.3,23,47
1148,1149,0.3,23,48
1149,1150,0.3,23,49
1150,1151,0.3,24,0
1151,1152,0.3,24,1
1152,1153,0.3,24,2
1153,1154,0.3,24,3
1154,1155,0.3,24,4
1155,1156,0.3,24,5
1156,1157,0.3,24,6
1157,1158,0.3,24,7
1158,1159,0.3,24,8
1159,1160,0.3,24,9
1160,1161,0.3,24,10
1161,1162,0.3,24,11
1162,1163,0.3,24,12
1163,1164,0.3,24,13
1164,1165,0.3,24,14
1165,1166,0.3,24,15
1166,1167,0.3,24,16
1167,1168,0.3,24,17
1168,1169,0.3,24,18
1169,1170,0.3,24,19
1170,1171,0.3,24,20
1171,1172,0.3,24,21
1172,1173,0.3,24,22
1173,1174,0.3,24,23
1174,1175,0.3,24,24
1175,1176,0.3,24,25
1176,1177,0.3,24,26
1177,1178,0.3,24,27
1178,1179,0.3,24,28
1179,1180,0.3,24,29
1180,1181,0.3,24,30
1181,1182,0.3,24,31
1182,1183,0.3,24,32
1183,1184,0.3,24,33
1184,1185,0.3,24,34
1185,1186,0.3,24,35
1186,1187,0.3,24,36
1187,1188,0.3,24,37
1188,1189,0.3,24,38
1189,1190,0.3,24,39
1190,1191,0.3,24,40
1191,1192,0.3,24,41
1192,1193,0.3,24,42
1193,1194,0.3,24,43
1194,1195,0.3,24,44
1195,1196,0.3,24,45
1196,1197,0.3,24,46
1197,1198,0.3,24,47
1198,1199,0.3,24,48
1199,1200,0.3,24,49
1200,1201,0.3,25,0
1201,1202,0.3,25,1
1202,1203,0.3,25,2
1203,1204,0.3,25,3
1204,1205,0.3,25,4
1205,1206,0.3,25,5
1206,1207,0.3,25,6
1207,1208,0.3,25,7
1208,1209,0.3,25,8
1209,1210,0.3,25,9
1210,1211,0.3,25,10
1211,1212,0.3,25,11
1212,1213,0.3,25,12
1213,1214,0.3,25,13
1214,1215,0.3,25,14
1215,1216,0.3,25,15
1216,1217,0.3,25,16
1217,1218,0.3,25,17
1218,1219,0.3,25,18
1219,1220,0.3,25,19
1220,1221,0.3,25,20
1221,1222,0.3,25,21
1222,1223,0.3,25,22
1223,1224,0.3,25,23
1224,1225,0.3,25,24
1225,1226,0.3,25,25
1226,1227,0.3,25,26
1227,1228,0.3,25,27
1228,1229,0.3,25,28
1229,1230,0.3,25,29
1230,1231,0.3,25,30
1231,1232,0.3,25,31
1232,1233,0.3,25,32
1233,1234,0.3,25,33
1234,1235,0.3,25,34
1235,1236,0.3,25,35
1236,1237,0.3,25,36
1237,1238,0.3,25,37
1238,1239,0.3,25,38
1239,1240,0.3,25,39
1240,1241,0.3,25,40
1241,1242,0.3,25,41
1242,1243,0.3,25,42
1243,1244,0.3,25,43
1244,1245,0.3,25,44
1245,1246,0.3,25,45
1246,1247,0.3,25,46
1247,1248,0.3,25,47
1248,1249,0.3,25,48
1249,1250,0.3,25,49
1250,1251,0.3,26,0
1251,1252,0.3,26,1
1252,1253,0.3,26,2
1253,1254,0.3,26,3
1254,1255,0.3,26,4
1255,1256,0.3,26,5
1256,1257,0.3,26,6
1257,1258,0.3,26,7
1258,1259,0.3,26,8
1259,1260,0.3,26,9
1260,1261,0.3,26,10
1261,1262,0.3,26,11
1262,1263,0.3,26,12
1263,1264,0.3,26,13
1264,1265,0.3,26,14
1265,1266,0.3,26,15
1266,1267,0.3,26,16
1267,1268,0.3,26,17
1268,1269,0.3,26,18
1269,1270,0.3,26,19
1270,1271,0.3,26,20
1271,1272,0.3,26,21
1272,1273,0.3,26,22
1273,1274,0.3,26,23
1274,1275,0.3,26,24
1275,1276,0.3,26,25
1276,1277,0.3,26,26
1277,1278,0.3,26,27
1278,1279,0.3,26,28
1279,1280,0.3,26,29
1280,1281,0.3,26,30
1281,1282,0.3,26,31
1282,1283,0.3,26,32
1283,1284,0.3,26,33
1284,1285,0.3,26,34
1285,1286,0.3,26,35
1286,1287,0.3,26,36
1287,1288,0.3,26,37
1288,1289,0.3,26,38
1289,1290,0.3,26,39
1290,1291,0.3,26,40
1291,1292,0.3,26,41
1292,1293,0.3,26,42
1293,1294,0.3,26,43
1294,1295,0.3,26,44
1295,1296,0.3,26,45
1296,1297,0.3,26,46
1297,1298,0.3,26,47
1298,1299,0.3,26,48
1299,1300,0.3,26,49
1300,1301,0.3,27,0
1301,1302,0.3,27,1
1302,1303,0.3,27,2
1303,1304,0.3,27,3
1304,1305,0.3,27,4
1305,1306,0.3,27,5
1306,1307,0.3,27,6
1307,1308,0.3,27,7
1308,1309,0.3,27,8
1309,1310,0.3,27,9
1310,1311,0.3,27,10
1311,1312,0.3,27,11
1312,1313,0.3,27,12
1313,1314,0.3,27,13
1314,1315,0.3,27,14
1315,1316,0.3,27,15
1316,1317,0.3,27,16
1317,1318,0.3,27,17
1318,1319,0.3,27,18
1319,1320,0.3,27,19
1320,1321,0.3,27,20
1321,1322,0.3,27,21
1322,1323,0.3,27,22
1323,1324,0.3,27,23
1324,1325,0.3,27,24
1325,1326,0.3,27,25
1326,1327,0.3,27,26
1327,1328,0.3,27,27
1328,1329,0.3,27,28
1329,1330,0.3,27,29
1330,1331,0.3,27,30
1331,1332,0.3,27,31
1332,1333,0.3,27,32
1333,1334,0.3,27,33
1334,1335,0.3,27,34
1335,1336,0.3,27,35
1336,1337,0.3,27,36
1337,1338,0.3,27,37
1338,1339,0.3,27,38
1339,1340,0.3,27,39
1340,1341,0.3,27,40
1341,1342,0.3,27,41
1342,1343,0.3,27,42
1343,1344,0.3,27,43
1344,1345,0.3,27,44
1345,1346,0.3,27,45
1346,1347,0.3,27,46
1347,1348,0.3,27,47
1348,1349,0.3,27,48
1349,1350,0.3,27,49
1350,1351,0.3,28,0
1351,1352,0.3,28,1
1352,1353,0.3,28,2
1353,1354,0.3,28,3
1354,1355,0.3,28,4
1355,1356,0.3,28,5
1356,1357,0.3,28,6
1357,1358,0.3,28,7
1358,1359,0.3,28,8
1359,1360,0.3,28,9
1360,1361,0.3,28,10
1361,1362,0.3,28,11
1362,1363,0.3,28,12
1363,1364,0.3,28,13
1364,1365,0.3,28,14
1365,1366,0.3,28,15
1366,1367,0.3,28,16
1367,1368,0.3,28,17
1368,1369,0.3,28,18
1369,1370,0.3,28,19
1370,1371,0.3,28,20
1371,1372,0.3,28,21
1372,1373,0.3,28,22
1373,1374,0.3,28,23
1374,1375,0.3,28,24
1375,1376,0.3,28,25
1376,1377,0.3,28,26
1377,1378,0.3,28,27
1378,1379,0.3,28,28
1379,1380,0.3,28,29
1380,1381,0.3,28,30
1381,1382,0.3,28,31
1382,1383,0.3,28,32
1383,1384,0.3,28,33
1384,1385,0.3,28,34
1385,1386,0.3,28,35
1386,1387,0.3,28,36
1387,1388,0.3,28,37
1388,1389,0.3,28,38
1389,1390,0.3,28,39
1390,1391,0.3,28,40
1391,1392,0.3,28,41
1392,1393,0.3,28,42
1393,1394,0.3,28,43
1394,1395,0.3,28,44
1395,1396,0.3,28,45
1396,1397,0.3,28,46
1397,1398,0.3,28,47
1398,1399,0.3,28,48
1399,1400,0.3,28,49
1400,1401,0.3,29,0
1401,1402,0.3,29,1
1402,1403,0.3,29,2
1403,1404,0.3,29,3
1404,1405,0.3,29,4
1405,1406,0.3,29,5
1406,1407,0.3,29,6
1407,1408,0.3,29,7
1408,1409,0.3,29,8
1409,1410,0.3,29,9
1410,1411,0.3,29,10
1411,1412,0.3,29,11
1412,1413,0.3,29,12
1413,1414,0.3,29,13
1414,1415,0.3,29,14
1415,1416,0.3,29,15
1416,1417,0.3,29,16
1417,1418,0.3,29,17
1418,1419,0.3,29,18
1419,1420,0.3,29,19
1420,1421,0.3,29,20
1421,1422,0.3,29,21
1422,1423,0.3,29,22
1423,1424,0.3,29,23
1424,1425,0.3,29,24
1425,1426,0.3,29,25
1426,1427,0.3,29,26
1427,1428,0.3,29,27
1428,1429,0.3,29,28
1429,1430,0.3,29,29
1430,1431,0.3,29,30
1431,1432,0.3,29,31
1432,1433,0.3,29,32
1433,1434,0.3,29,33
1434,1435,0.3,29,34
1435,1436,0.3,29,35
1436,1437,0.3,29,36
1437,1438,0.3,29,37
1438,1439,0.3,29,38
1439,1440,0.3,29,39
1440,1441,0.3,29,40
1441,1442,0.3,29,41
1442,1443,0.3,29,42
1443,1444,0.3,29,43
1444,1445,0.3,29,44
1445,1446,0.3,29,45
1446,1447,0.3,29,46
1447,1448,0.3,29,47
1448,1449,0.3,29,48
1449,1450,0.3,29,49
1450,1451,0.3,30,0
1451,1452,0.3,30,1
1452,1453,0.3,30,2
1453,1454,0.3,30,3
1454,1455,0.3,30,4
1455,1456,0.3,30,5
1456,1457,0.3,30,6
1457,1458,0.3,30,7
1458,1459,0.3,30,8
1459,1460,0.3,30,9
1460,1461,0.3,30,10
1461,1462,0.3,30,11
1462,1463,0.3,30,12
1463,1464,0.3,30,13
1464,1465,0.3,30,14
1465,1466,0.3,30,15
1466,1467,0.3,30,16
1467,1468,0.3,30,17
1468,1469,0.3,30,18
1469,1470,0.3,30,19
1470,1471,0.3,30,20
1471,1472,0.3,30,21
1472,1473,0.3,30,22
1473,1474,0.3,30,23
1474,1475,0.3,30,24
1475,1476,0.3,30,25
1476,1477,0.3,30,26
1477,1478,0.3,30,27
1478,1479,0.3,30,28
1479,1480,0.3,30,29
1480,1481,0.3,30,30
1481,1482,0.3,30,31
1482,1483,0.3,30,32
1483,1484,0.3,30,33
1484,1485,0.3,30,34
1485,1486,0.3,30,35
1486,1487,0.3,30,36
1487,1488,0.3,30,37
1488,1489,0.3,30,38
1489,1490,0.3,30,39
1490,1491,0.3,30,40
1491,1492,0.3,30,41
1492,1493,0.3,30,42
1493,1494,0.3,30,43
1494,1495,0.3,30,44
1495,1496,0.3,30,45
1496,1497,0.3,30,46
1497,1498,0.3,30,47
1498,1499,0.3,30,48
1499,1500,0.3,30,49
1500,1501,0.3,31,0
1501,1502,0.3,31,1
1502,1503,0.3,31,2
1503,1504,0.3,31,3
1504,1505,0.3,31,4
1505,1506,0.3,31,5
1506,1507,0.3,31,6
1507,1508,0.3,31,7
1508,1509,0.3,31,8
1509,1510,0.3,31,9
1510,1511,0.3,31,10
1511,1512,0.3,31,11
1512,1513,0.3,31,12
1513,1514,0.3,31,13
1514,1515,0.3,31,14
1515,1516,0.3,31,15
1516,1517,0.3,31,16
1517,1518,0.3,31,17
1518,1519,0.3,31,18
1519,1520,0.3,31,19
1520,1521,0.3,31,20
1521,1522,0.3,31,21
1522,1523,0.3,31,22
1523,1524,0.3,31,23
1524,1525,0.3,31,24
1525,1526,0.3,31,25
1526,1527,0.3,31,26
1527,1528,0.3,31,27
1528,1529,0.3,31,28
1529,1530,0.3,31,29
1530,1531,0.3,31,30
1531,1532,0.3,31,31
1532,1533,0.3,31,32
1533,1534,0.3,31,33
1534,1535,0.3,31,34
1535,1536,0.3,31,35
1536,1537,0.3,31,36
1537,1538,0.3,31,37
1538,1539,0.3,31,38
1539,1540,0.3,31,39
1540,1541,0.3,31,40
1541,1542,0.3,31,41
1542,1543,0.3,31,42
1543,1544,0.3,31,43
1544,1545,0.3,31,44
1545,1546,0.3,31,45
1546,1547,0.3,31,46
1547,1548,0.3,31,47
1548,1549,0.3,31,48
1549,1550,0.3,31,49
1550,1551,0.3,32,0
1551,1552,0.3,32,1
1552,1553,0.3,32,2
1553,1554,0.3,32,3
1554,1555,0.3,32,4
1555,1556,0.3,32,5
1556,1557,0.3,32,6
1557,1558,0.3,32,7
1558,1559,0.3,32,8
1559,1560,0.3,32,9
1560,1561,0.3,32,10
1561,1562,0.3,32,11
1562,1563,0.3,32,12
1563,1564,0.3,32,13
1564,1565,0.3,32,14
1565,1566,0.3,32,15
1566,1567,0.3,32,16
1567,1568,0.3,32,17
1568,1569,0.3,32,18
1569,1570,0.3,32,19
1570,1571,0.3,32,20
1571,1572,0.3,32,21
1572,1573,0.3,32,22
1573,1574,0.3,32,23
1574,1575,0.3,32,24
1575,1576,0.3,32,25
1576,1577,0.3,32,26
1577,1578,0.3,32,27
1578,1579,0.3,32,28
1579,1580,0.3,32,29
1580,1581,0.3,32,30
1581,1582,0.3,32,31
1582,1583,0.3,32,32
1583,1584,0.3,32,33
1584,1585,0.3,32,34
1585,1586,0.3,32,35
1586,1587,0.3,32,36
1587,1588,0.3,32,37
1588,1589,0.3,32,38
1589,1590,0.3,32,39
1590,1591,0.3,32,40
1591,1592,0.3,32,41
1592,1593,0.3,32,42
1593,1594,0.3,32,43
1594,1595,0.3,32,44
1595,1596,0.3,32,45
1596,1597,0.3,32,46
1597,1598,0.3,32,47
1598,1599,0.3,32,48
1599,1600,0.3,32,49
1600,1601,0.3,33,0
1601,1602,0.3,33,1
1602,1603,0.3,33,2
1603,1604,0.3,33,3
1604,1605,0.3,33,4
1605,1606,0.3,33,5
1606,1607,0.3,33,6
1607,1608,0.3,33,7
1608,1609,0.3,33,8
1609,1610,0.3,33,9
1610,1611,0.3,33,10
1611,1612,0.3,33,11
1612,1613,0.3,33,12
1613,1614,0.3,33,13
1614,1615,0.3,33,14
1615,1616,0.3,33,15
1616,1617,0.3,33,16
1617,1618,0.3,33,17
1618,1619,0.3,33,18
1619,1620,0.3,33,19
1620,1621,0.3,33,20
1621,1622,0.3,33,21
1622,1623,0.3,33,22
1623,1624,0.3,33,23
1624,1625,0.3,33,24
1625,1626,0.3,33,25
1626,1627,0.3,33,26
1627,1628,0.3,33,27
1628,1629,0.3,33,28
1629,1630,0.3,33,29
1630,1631,0.3,33,30
1631,1632,0.3,33,31
1632,1633,0.3,33,32
1633,1634,0.3,33,33
1634,1635,0.3,33,34
1635,1636,0.3,33,35
1636,1637,0.3,33,36
1637,1638,0.3,33,37
1638,1639,0.3,33,38
1639,1640,0.3,33,39
1640,1641,0.3,33,40
1641,1642,0.3,33,41
1642,1643,0.3,33,42
1643,1644,0.3,33,43
1644,1645,0.3,33,44
1645,1646,0.3,33,45
1646,1647,0.3,33,46
1647,1648,0.3,33,47
1648,1649,0.3,33,48
1649,1650,0.3,33,49
1650,1651,0.3,34,0
1651,1652,0.3,34,1
1652,1653,0.3,34,2
1653,1654,0.3,34,3
1654,1655,0.3,34,4
1655,1656,0.3,34,5
1656,1657,0.3,34,6
1657,1658,0.3,34,7
1658,1659,0.3,34,8
1659,1660,0.3,34,9
1660,1661,0.3,34,10
1661,1662,0.3,34,11
1662,1663,0.3,34,12
1663,1664,0.3,34,13
1664,1665,0.3,34,14
1665,1666,0.3,34,15
1666,1667,0.3,34,16
1667,1668,0.3,34,17
1668,1669,0.3,34,18
1669,1670,0.3,34,19
1670,1671,0.3,34,20
1671,1672,0.3,34,21
1672,1673,0.3,34,22
1673,1674,0.3,34,23
1674,1675,0.3,34,24
1675,1676,0.3,34,25
1676,1677,0.3,34,26
1677,1678,0.3,34,27
1678,1679,0.3,34,28
1679,1680,0.3,34,29
1680,1681,0.3,34,30
1681,1682,0.3,34,31
1682,1683,0.3,34,32
1683,1684,0.3,34,33
1684,1685,0.3,34,34
1685,1686,0.3,34,35
1686,1687,0.3,34,36
1687,1688,0.3,34,37
1688,1689,0.3,34,38
1689,1690,0.3,34,39
1690,1691,0.3,34,40
1691,1692,0.3,34,41
1692,1693,0.3,34,42
1693,1694,0.3,34,43
1694,1695,0.3,34,44
1695,1696,0.3,34,45
1696,1697,0.3,34,46
1697,1698,0.3,34,47
1698,1699,0.3,34,48
1699,1700,0.3,34,49
1700,1701,0.3,35,0
1701,1702,0.3,35,1
1702,1703,0.3,35,2
1703,1704,0.3,35,3
1704,1705,0.3,35,4
1705,1706,0.3,35,5
1706,1707,0.3,35,6
1707,1708,0.3,35,7
1708,1709,0.3,35,8
1709,1710,0.3,35,9
1710,1711,0.3,35,10
1711,1712,0.3,35,11
1712,1713,0.3,35,12
1713,1714,0.3,35,13
1714,1715,0.3,35,14
1715,1716,0.3,35,15
1716,1717,0.3,35,16
1717,1718,0.3,35,17
1718,1719,0.3,35,18
1719,1720,0.3,35,19
1720,1721,0.3,35,20
1721,1722,0.3,35,21
1722,1723,0.3,35,22
1723,1724,0.3,35,23
1724,1725,0.3,35,24
1725,1726,0.3,35,25
1726,1727,0.3,35,26
1727,1728,0.3,35,27
1728,1729,0.3,35,28
1729,1730,0.3,35,29
1730,1731,0.3,35,30
1731,1732,0.3,35,31
1732,1733,0.3,35,32
1733,1734,0.3,35,33
1734,1735,0.3,35,34
1735,1736,0.3,35,35
1736,1737,0.3,35,36
1737,1738,0.3,35,37
1738,1739,0.3,35,38
1739,1740,0.3,35,39
1740,1741,0.3,35,40
1741,1742,0.3,35,41
1742,1743,0.3,35,42
1743,1744,0.3,35,43
1744,1745,0.3,35,44
1745,1746,0.3,35,45
1746,1747,0.3,35,46
1747,1748,0.3,35,47
1748,1749,0.3,35,48
1749,1750,0.3,35,49
1750,1751,0.3,36,0
1751,1752,0.3,36,1
1752,1753,0.3,36,2
1753,1754,0.3,36,3
1754,1755,0.3,36,4
1755,1756,0.3,36,5
1756,1757,0.3,36,6
1757,1758,0.3,36,7
1758,1759,0.3,36,8
1759,1760,0.3,36,9
1760,1761,0.3,36,10
1761,1762,0.3,36,11
1762,1763,0.3,36,12
1763,1764,0.3,36,13
1764,1765,0.3,36,14
1765,1766,0.3,36,15
1766,1767,0.3,36,16
1767,1768,0.3,36,17
1768,1769,0.3,36,18
1769,1770,0.3,36,19
1770,1771,0.3,36,20
1771,1772,0.3,36,21
1772,1773,0.3,36,22
1773,1774,0.3,36,23
1774,1775,0.3,36,24
1775,1776,0.3,36,25
1776,1777,0.3,36,26
1777,1778,0.3,36,27
1778,1779,0.3,36,28
1779,1780,0.3,36,29
1780,1781,0.3,36,30
1781,1782,0.3,36,31
1782,1783,0.3,36,32
1783,1784,0.3,36,33
1784,1785,0.3,36,34
1785,1786,0.3,36,35
1786,1787,0.3,36,36
1787,1788,0.3,36,37
1788,1789,0.3,36,38
1789,1790,0.3,36,39
1790,1791,0.3,36,40
1791,1792,0.3,36,41
1792,1793,0.3,36,42
1793,1794,0.3,36,43
1794,1795,0.3,36,44
1795,1796,0.3,36,45
1796,1797,0.3,36,46
1797,1798,0.3,36,47
1798,1799,0.3,36,48
1799,1800,0.3,36,49
1800,1801,0.3,37,0
1801,1802,0.3,37,1
1802,1803,0.3,37,2
1803,1804,0.3,37,3
1804,1805,0.3,37,4
1805,1806,0.3,37,5
1806,1807,0.3,37,6
1807,1808,0.3,37,7
1808,1809,0.3,37,8
1809,1810,0.3,37,9
1810,1811,0.3,37,10
1811,1812,0.3,37,11
1812,1813,0.3,37,12
1813,1814,0.3,37,13
1814,1815,0.3,37,14
1815,1816,0.3,37,15
1816,1817,0.3,37,16
1817,1818,0.3,37,17
1818,1819,0.3,37,18
1819,1820,0.3,37,19
1820,1821,0.3,37,20
1821,1822,0.3,37,21
1822,1823,0.3,37,22
1823,1824,0.3,37,23
1824,1825,0.3,37,24
1825,1826,0.3,37,25
1826,1827,0.3,37,26
1827,1828,0.3,37,27
1828,1829,0.3,37,28
1829,1830,0.3,37,29
1830,1831,0.3,37,30
1831,1832,0.3,37,31
1832,1833,0.3,37,32
1833,1834,0.3,37,33
1834,1835,0.3,37,34
1835,1836,0.3,37,35
1836,1837,0.3,37,36
1837,1838,0.3,37,37
1838,1839,0.3,37,38
1839,1840,0.3,37,39
1840,1841,0.3,37,40
1841,1842,0.3,37,41
1842,1843,0.3,37,42
1843,1844,0.3,37,43
1844,1845,0.3,37,44
1845,1846,0.3,37,45
1846,1847,0.3,37,46
1847,1848,0.3,37,47
1848,1849,0.3,37,48
1849,1850,0.3,37,49
1850,1851,0.3,38,0
1851,1852,0.3,38,1
1852,1853,0.3,38,2
1853,1854,0.3,38,3
1854,1855,0.3,38,4
1855,1856,0.3,38,5
1856,1857,0.3,38,6
1857,1858,0.3,38,7
1858,1859,0.3,38,8
1859,1860,0.3,38,9
1860,1861,0.3,38,10
1861,1862,0.3,38,11
1862,1863,0.3,38,12
1863,1864,0.3,38,13
1864,1865,0.3,38,14
1865,1866,0.3,38,15
1866,1867,0.3,38,16
1867,1868,0.3,38,17
1868,1869,0.3,38,18
1869,1870,0.3,38,19
1870,1871,0.3,38,20
1871,1872,0.3,38,21
1872,1873,0.3,38,22
1873,1874,0.3,38,23
1874,1875,0.3,38,24
1875,1876,0.3,38,25
1876,1877,0.3,38,26
1877,1878,0.3,38,27
1878,1879,0.3,38,28
1879,1880,0.3,38,29
1880,1881,0.3,38,30
1881,1882,0.3,38,31
1882,1883,0.3,38,32
1883,1884,0.3,38,33
1884,1885,0.3,38,34
1885,1886,0.3,38,35
1886,1887,0.3,38,36
1887,1888,0.3,38,37
1888,1889,0.3,38,38
1889,1890,0.3,38,39
1890,1891,0.3,38,40
1891,1892,0.3,38,41
1892,1893,0.3,38,42
1893,1894,0.3,38,43
1894,1895,0.3,38,44
1895,1896,0.3,38,45
1896,1897,0.3,38,46
1897,1898,0.3,38,47
1898,1899,0.3,38,48
1899,1900,0.3,38,49
1900,1901,0.3,39,0
1901,1902,0.3,39,1
1902,1903,0.3,39,2
1903,1904,0.3,39,3
1904,1905,0.3,39,4
1905,1906,0.3,39,5
1906,1907,0.3,39,6
1907,1908,0.3,39,7
1908,1909,0.3,39,8
1909,1910,0.3,39,9
1910,1911,0.3,39,10
1911,1912,0.3,39,11
1912,1913,0.3,39,12
1913,1914,0.3,39,13
1914,1915,0.3,39,14
1915,1916,0.3,39,15
1916,1917,0.3,39,16
1917,1918,0.3,39,17
1918,1919,0.3,39,18
1919,1920,0.3,39,19
1920,1921,0.3,39,20
1921,1922,0.3,39,21
1922,1923,0.3,39,22
1923,1924,0.3,39,23
1924,1925,0.3,39,24
1925,1926,0.3,39,25
1926,1927,0.3,39,26
1927,1928,0.3,39,27
1928,1929,0.3,39,28
1929,1930,0.3,39,29
1930,1931,0.3,39,30
1931,1932,0.3,39,31
1932,1933,0.3,39,32
1933,1934,0.3,39,33
1934,1935,0.3,39,34
1935,1936,0.3,39,35
1936,1937,0.3,39,36
1937,1938,0.3,39,37
1938,1939,0.3,39,38
1939,1940,0.3,39,39
1940,1941,0.3,39,40
1941,1942,0.3,39,41
1942,1943,0.3,39,42
1943,1944,0.3,39,43
1944,1945,0.3,39,44
1945,1946,0.3,39,45
1946,1947,0.3,39,46
1947,1948,0.3,39,47
1948,1949,0.3,39,48
1949,1950,0.3,39,49
1950,1951,0.3,40,0
1951,1952,0.3,40,1
1952,1953,0.3,40,2
1953,1954,0.3,40,3
1954,1955,0.3,40,4
1955,1956,0.3,40,5
1956,1957,0.3,40,6
1957,1958,0.3,40,7
1958,1959,0.3,40,8
1959,1960,0.3,40,9
1960,1961,0.3,40,10
1961,1962,0.3,40,11
1962,1963,0.3,40,12
1963,1964,0.3,40,13
1964,1965,0.3,40,14
1965,1966,0.3,40,15
1966,1967,0.3,40,16
1967,1968,0.3,40,17
1968,1969,0.3,40,18
1969,1970,0.3,40,19
1970,1971,0.3,40,20
1971,1972,0.3,40,21
1972,1973,0.3,40,22
1973,1974,0.3,40,23
1974,1975,0.3,40,24
1975,1976,0.3,40,25
1976,1977,0.3,40,26
1977,1978,0.3,40,27
1978,1979,0.3,40,28
1979,1980,0.3,40,29
1980,1981,0.3,40,30
1981,1982,0.3,40,31
1982,1983,0.3,40,32
1983,1984,0.3,40,33
1984,1985,0.3,40,34
1985,1986,0.3,40,35
1986,1987,0.3,40,36
1987,1988,0.3,40,37
1988,1989,0.3,40,38
1989,1990,0.3,40,39
1990,1991,0.3,40,40
1991,1992,0.3,40,41
1992,1993,0.3,40,42
1993,1994,0.3,40,43
1994,1995,0.3,40,44
1995,1996,0.3,40,45
1996,1997,0.3,40,46
1997,1998,0.3,40,47
1998,1999,0.3,40,48
1999,2000,0.3,40,49
2000,2001,0.3,41,0
2001,2002,0.3,41,1
2002,2003,0.3,41,2
2003,2004,0.3,41,3
2004,2005,0.3,41,4
2005,2006,0.3,41,5
2006,2007,0.3,41,6
2007,2008,0.3,41,7
2008,2009,0.3,41,8
2009,2010,0.3,41,9
2010,2011,0.3,41,10
2011,2012,0.3,41,11
2012,2013,0.3,41,12
2013,2014,0.3,41,13
2014,2015,0.3,41,14
2015,2016,0.3,41,15
2016,2017,0.3,41,16
2017,2018,0.3,41,17
2018,2019,0.3,41,18
2019,2020,0.3,41,19
2020,2021,0.3,41,20
2021,2022,0.3,41,21
2022,2023,0.3,41,22
2023,2024,0.3,41,23
2024,2025,0.3,41,24
2025,2026,0.3,41,25
2026,2027,0.3,41,26
2027,2028,0.3,41,27
2028,2029,0.3,41,28
2029,2030,0.3,41,29
2030,2031,0.3,41,30
2031,2032,0.3,41,31
2032,2033,0.3,41,32
2033,2034,0.3,41,33
2034,2035,0.3,41,34
2035,2036,0.3,41,35
2036,2037,0.3,41,36
2037,2038,0.3,41,37
2038,2039,0.3,41,38
2039,2040,0.3,41,39
2040,2041,0.3,41,40
2041,2042,0.3,41,41
2042,2043,0.3,41,42
2043,2044,0.3,41,43
2044,2045,0.3,41,44
2045,2046,0.3,41,45
2046,2047,0.3,41,46
2047,2048,0.3,41,47
2048,2049,0.3,41,48
2049,2050,0.3,41,49
2050,2051,0.3,42,0
2051,2052,0.3,42,1
2052,2053,0.3,42,2
2053,2054,0.3,42,3
2054,2055,0.3,42,4
2055,2056,0.3,42,5
2056,2057,0.3,42,6
2057,2058,0.3,42,7
2058,2059,0.3,42,8
2059,2060,0.3,42,9
2060,2061,0.3,42,10
2061,2062,0.3,42,11
2062,2063,0.3,42,12
2063,2064,0.3,42,13
2064,2065,0.3,42,14
2065,2066,0.3,42,15
2066,2067,0.3,42,16
2067,2068,0.3,42,17
2068,2069,0.3,42,18
2069,2070,0.3,42,19
2070,2071,0.3,42,20
2071,2072,0.3,42,21
2072,2073,0.3,42,22
2073,2074,0.3,42,23
2074,2075,0.3,42,24
2075,2076,0.3,42,25
2076,2077,0.3,42,26
2077,2078,0.3,42,27
2078,2079,0.3,42,28
2079,2080,0.3,42,29
2080,2081,0.3,42,30
2081,2082,0.3,42,31
2082,2083,0.3,42,32
2083,2084,0.3,42,33
2084,2085,0.3,42,34
2085,2086,0.3,42,35
2086,2087,0.3,42,36
2087,2088,0.3,42,37
2088,2089,0.3,42,38
2089,2090,0.3,42,39
2090,2091,0.3,42,40
2091,2092,0.3,42,41
2092,2093,0.3,42,42
2093,2094,0.3,42,43
2094,2095,0.3,42,44
2095,2096,0.3,42,45
2096,2097,0.3,42,46
2097,2098,0.3,42,47
2098,2099,0.3,42,48
2099,2100,0.3,42,49
2100,2101,0.3,43,0
2101,2102,0.3,43,1
2102,2103,0.3,43,2
2103,2104,0.3,43,3
2104,2105,0.3,43,4
2105,2106,0.3,43,5
2106,2107,0.3,43,6
2107,2108,0.3,43,7
2108,2109,0.3,43,8
2109,2110,0.3,43,9
2110,2111,0.3,43,10
2111,2112,0.3,43,11
2112,2113,0.3,43,12
2113,2114,0.3,43,13
2114,2115,0.3,43,14
2115,2116,0.3,43,15
2116,2117,0.3,43,16
2117,2118,0.3,43,17
2118,2119,0.3,43,18
2119,2120,0.3,43,19
2120,2121,0.3,43,20
2121,2122,0.3,43,21
2122,2123,0.3,43,22
2123,2124,0.3,43,23
2124,2125,0.3,43,24
2125,2126,0.3,43,25
2126,2127,0.3,43,26
2127,2128,0.3,43,27
2128,2129,0.3,43,28
2129,2130,0.3,43,29
2130,2131,0.3,43,30
2131,2132,0.3,43,31
2132,2133,0.3,43,32
2133,2134,0.3,43,33
2134,2135,0.3,43,34
2135,2136,0.3,43,35
2136,2137,0.3,43,36
2137,2138,0.3,43,37
2138,2139,0.3,43,38
2139,2140,0.3,43,39
2140,2141,0.3,43,40
2141,2142,0.3,43,41
2142,2143,0.3,43,42
2143,2144,0.3,43,43
2144,2145,0.3,43,44
2145,2146,0.3,43,45
2146,2147,0.3,43,46
2147,2148,0.3,43,47
2148,2149,0.3,43,48
2149,2150,0.3,43,49
2150,2151,0.3,44,0
2151,2152,0.3,44,1
2152,2153,0.3,44,2
2153,2154,0.3,44,3
2154,2155,0.3,44,4
2155,2156,0.3,44,5
2156,2157,0.3,44,6
2157,2158,0.3,44,7
2158,2159,0.3,44,8
2159,2160,0.3,44,9
2160,2161,0.3,44,10
2161,2162,0.3,44,11
2162,2163,0.3,44,12
2163,2164,0.3,44,13
2164,2165,0.3,44,14
2165,2166,0.3,44,15
2166,2167,0.3,44,16
2167,2168,0.3,44,17
2168,2169,0.3,44,18
2169,2170,0.3,44,19
2170,2171,0.3,44,20
2171,2172,0.3,44,21
2172,2173,0.3,44,22
2173,2174,0.3,44,23
2174,2175,0.3,44,24
2175,2176,0.3,44,25
2176,2177,0.3,44,26
2177,2178,0.3,44,27
2178,2179,0.3,44,28
2179,2180,0.3,44,29
2180,2181,0.3,44,30
2181,2182,0.3,44,31
2182,2183,0.3,44,32
2183,2184,0.3,44,33
2184,2185,0.3,44,34
2185,2186,0.3,44,35
2186,2187,0.3,44,36
2187,2188,0.3,44,37
2188,2189,0.3,44,38
2189,2190,0.3,44,39
2190,2191,0.3,44,40
2191,2192,0.3,44,41
2192,2193,0.3,44,42
2193,2194,0.3,44,43
2194,2195,0.3,44,44
2195,2196,0.3,44,45
2196,2197,0.3,44,46
2197,2198,0.3,44,47
2198,2199,0.3,44,48
2199,2200,0.3,44,49
2200,2201,0.3,45,0
2201,2202,0.3,45,1
2202,2203,0.3,45,2
2203,2204,0.3,45,3
2204,2205,0.3,45,4
2205,2206,0.3,45,5
2206,2207,0.3,45,6
2207,2208,0.3,45,7
2208,2209,0.3,45,8
2209,2210,0.3,45,9
2210,2211,0.3,45,10
2211,2212,0.3,45,11
2212,2213,0.3,45,12
2213,2214,0.3,45,13
2214,2215,0.3,45,14
2215,2216,0.3,45,15
2216,2217,0.3,45,16
2217,2218,0.3,45,17
2218,2219,0.3,45,18
2219,2220,0.3,45,19
2220,2221,0.3,45,20
2221,2222,0.3,45,21
2222,2223,0.3,45,22
2223,2224,0.3,45,23
2224,2225,0.3,45,24
2225,2226,0.3,45,25
2226,2227,0.3,45,26
2227,2228,0.3,45,27
2228,2229,0.3,45,28
2229,2230,0.3,45,29
2230,2231,0.3,45,30
2231,2232,0.3,45,31
2232,2233,0.3,45,32
2233,2234,0.3,45,33
2234,2235,0.3,45,34
2235,2236,0.3,45,35
2236,2237,0.3,45,36
2237,2238,0.3,45,37
2238,2239,0.3,45,38
2239,2240,0.3,45,39
2240,2241,0.3,45,40
2241,2242,0.3,45,41
2242,2243,0.3,45,42
2243,2244,0.3,45,43
2244,2245,0.3,45,44
2245,2246,0.3,45,45
2246,2247,0.3,45,46
2247,2248,0.3,45,47
2248,2249,0.3,45,48
2249,2250,0.3,45,49
2250,2251,0.3,46,0
2251,2252,0.3,46,1
2252,2253,0.3,46,2
2253,2254,0.3,46,3
2254,2255,0.3,46,4
2255,2256,0.3,46,5
2256,2257,0.3,46,6
2257,2258,0.3,46,7
2258,2259,0.3,46,8
2259,2260,0.3,46,9
2260,2261,0.3,46,10
2261,2262,0.3,46,11
2262,2263,0.3,46,12
2263,2264,0.3,46,13
2264,2265,0.3,46,14
2265,2266,0.3,46,15
2266,2267,0.3,46,16
2267,2268,0.3,46,17
2268,2269,0.3,46,18
2269,2270,0.3,46,19
2270,2271,0.3,46,20
2271,2272,0.3,46,21
2272,2273,0.3,46,22
2273,2274,0.3,46,23
2274,2275,0.3,46,24
2275,2276,0.3,46,25
2276,2277,0.3,46,26
2277,2278,0.3,46,27
2278,2279,0.3,46,28
2279,2280,0.3,46,29
2280,2281,0.3,46,30
2281,2282,0.3,46,31
2282,2283,0.3,46,32
2283,2284,0.3,46,33
2284,2285,0.3,46,34
2285,2286,0.3,46,35
2286,2287,0.3,46,36
2287,2288,0.3,46,37
2288,2289,0.3,46,38
2289,2290,0.3,46,39
2290,2291,0.3,46,40
2291,2292,0.3,46,41
2292,2293,0.3,46,42
2293,2294,0.3,46,43
2294,2295,0.3,46,44
2295,2296,0.3,46,45
2296,2297,0.3,46,46
2297,2298,0.3,46,47
2298,2299,0.3,46,48
2299,2300,0.3,46,49
2300,2301,0.3,47,0
2301,2302,0.3,47,1
2302,2303,0.3,47,2
2303,2304,0.3,47,3
2304,2305,0.3,47,4
2305,2306,0.3,47,5
2306,2307,0.3,47,6
2307,2308,0.3,47,7
2308,2309,0.3,47,8
2309,2310,0.3,47,9
2310,2311,0.3,47,10
2311,2312,0.3,47,11
2312,2313,0.3,47,12
2313,2314,0.3,47,13
2314,2315,0.3,47,14
2315,2316,0.3,47,15
2316,2317,0.3,47,16
2317,2318,0.3,47,17
2318,2319,0.3,47,18
2319,2320,0.3,47,19
2320,2321,0.3,47,20
2321,2322,0.3,47,21
2322,2323,0.3,47,22
2323,2324,0.3,47,23
2324,2325,0.3,47,24
2325,2326,0.3,47,25
2326,2327,0.3,47,26
2327,2328,0.3,47,27
2328,2329,0.3,47,28
2329,2330,0.3,47,29
2330,2331,0.3,47,30
2331,2332,0.3,47,31
2332,2333,0.3,47,32
2333,2334,0.3,47,33
2334,2335,0.3,47,34
2335,2336,0.3,47,35
2336,2337,0.3,47,36
2337,2338,0.3,47,37
2338,2339,0.3,47,38
2339,2340,0.3,47,39
2340,2341,0.3,47,40
2341,2342,0.3,47,41
2342,2343,0.3,47,42
2343,2344,0.3,47,43
2344,2345,0.3,47,44
2345,2346,0.3,47,45
2346,2347,0.3,47,46
2347,2348,0.3,47,47
2348,2349,0.3,47,48
2349,2350,0.3,47,49
2350,2351,0.3,48,0
2351,2352,0.3,48,1
2352,2353,0.3,48,2
2353,2354,0.3,48,3
2354,2355,0.3,48,4
2355,2356,0.3,48,5
2356,2357,0.3,48,6
2357,2358,0.3,48,7
2358,2359,0.3,48,8
2359,2360,0.3,48,9
2360,2361,0.3,48,10
2361,2362,0.3,48,11
2362,2363,0.3,48,12
2363,2364,0.3,48,13
2364,2365,0.3,48,14
2365,2366,0.3,48,15
2366,2367,0.3,48,16
2367,2368,0.3,48,17
2368,2369,0.3,48,18
2369,2370,0.3,48,19
2370,2371,0.3,48,20
2371,2372,0.3,48,21
2372,2373,0.3,48,22
2373,2374,0.3,48,23
2374,2375,0.3,48,24
2375,2376,0.3,48,25
2376,2377,0.3,48,26
2377,2378,0.3,48,27
2378,2379,0.3,48,28
2379,2380,0.3,48,29
2380,2381,0.3,48,30
2381,2382,0.3,48,31
2382,2383,0.3,48,32
2383,2384,0.3,48,33
2384,2385,0.3,48,34
2385,2386,0.3,48,35
2386,2387,0.3,48,36
2387,2388,0.3,48,37
2388,2389,0.3,48,38
2389,2390,0.3,48,39
2390,2391,0.3,48,40
2391,2392,0.3,48,41
2392,2393,0.3,48,42
2393,2394,0.3,48,43
2394,2395,0.3,48,44
2395,2396,0.3,48,45
2396,2397,0.3,48,46
2397,2398,0.3,48,47
2398,2399,0.3,48,48
2399,2400,0.3,48,49
2400,2401,0.3,49,0
2401,2402,0.3,49,1
2402,2403,0.3,49,2
2403,2404,0.3,49,3
2404,2405,0.3,49,4
2405,2406,0.3,49,5
2406,2407,0.3,49,6
2407,2408,0.3,49,7
2408,2409,0.3,49,8
2409,2410,0.3,49,9
2410,2411,0.3,49,10
2411,2412,0.3,49,11
2412,2413,0.3,49,12
2413,2414,0.3,49,13
2414,2415,0.3,49,14
2415,2416,0.3,49,15
2416,2417,0.3,49,16
2417,2418,0.3,49,17
2418,2419,0.3,49,18
2419,2420,0.3,49,19
2420,2421,0.3,49,20
2421,2422,0.3,49,21
2422,2423,0.3,49,22
2423,2424,0.3,49,23
2424,2425,0.3,49,24
2425,2426,0.3,49,25
2426,2427,0.3,49,26
2427,2428,0.3,49,27
2428,2429,0.3,49,28
2429,2430,0.3,49,29
2430,2431,0.3,49,30
2431,2432,0.3,49,31
2432,2433,0.3,49,32
2433,2434,0.3,49,33
2434,2435,0.3,49,34
2435,2436,0.3,49,35
2436,2437,0.3,49,36
2437,2438,0.3,49,37
2438,2439,0.3,49,38
2439,2440,0.3,49,39
2440,2441,0.3,49,40
2441,2442,0.3,49,41
2442,2443,0.3,49,42
2443,2444,0.3,49,43
2444,2445,0.3,49,44
2445,2446,0.3,49,45
2446,2447,0.3,49,46
2447,2448,0.3,49,47
2448,2449,0.3,49,48
2449,2450,0.3,49,49
2450,2451,0.3,50,0
2451,2452,0.3,50,1
2452,2453,0.3,50,2
2453,2454,0.3,50,3
2454,2455,0.3,50,4
2455,2456,0.3,50,5
2456,2457,0.3,50,6
2457,2458,0.3,50,7
2458,2459,0.3,50,8
2459,2460,0.3,50,9
2460,2461,0.3,50,10
2461,2462,0.3,50,11
2462,2463,0.3,50,12
2463,2464,0.3,50,13
2464,2465,0.3,50,14
2465,2466,0.3,50,15
2466,2467,0.3,50,16
2467,2468,0.3,50,17
2468,2469,0.3,50,18
2469,2470,0.3,50,19
2470,2471,0.3,50,20
2471,2472,0.3,50,21
2472,2473,0.3,50,22
2473,2474,0.3,50,23
2474,2475,0.3,50,24
2475,2476,0.3,50,25
2476,2477,0.3,50,26
2477,2478,0.3,50,27
2478,2479,0.3,50,28
2479,2480,0.3,50,29
2480,2481,0.3,50,30
2481,2482,0.3,50,31
2482,2483,0.3,50,32
2483,2484,0.3,50,33
2484,2485,0.3,50,34
2485,2486,0.3,50,35
2486,2487,0.3,50,36
2487,2488,0.3,50,37
2488,2489,0.3,50,38
2489,2490,0.3,50,39
2490,2491,0.3,50,40
2491,2492,0.3,50,41
2492,2493,0.3,50,42
2493,2494,0.3,50,43
2494,2495,0.3,50,44
2495,2496,0.3,50,45
2496,2497,0.3,50,46
2497,2498,0.3,50,47
2498,2499,0.3,50,48
2499,2500,0.3,50,49
2500,2501,0.3,51,0
2501,2502,0.3,51,1
2502,2503,0.3,51,2
2503,2504,0.3,51,3
2504,2505,0.3,51,4
2505,2506,0.3,51,5
2506,2507,0.3,51,6
2507,2508,0.3,51,7
2508,2509,0.3,51,8
2509,2510,0.3,51,9
2510,2511,0.3,51,10
2511,2512,0.3,51,11
2512,2513,0.3,51,12
2513,2514,0.3,51,13
2514,2515,0.3,51,14
2515,2516,0.3,51,15
2516,2517,0.3,51,16
2517,2518,0.3,51,17
2518,2519,0.3,51,18
2519,2520,0.3,51,19
2520,2521,0.3,51,20
2521,2522,0.3,51,21
2522,2523,0.3,51,22
2523,2524,0.3,51,23
2524,2525,0.3,51,24
2525,2526,0.3,51,25
2526,2527,0.3,51,26
2527,2528,0.3,51,27
2528,2529,0.3,51,28
2529,2530,0.3,51,29
2530,2531,0.3,51,30
2531,2532,0.3,51,31
2532,2533,0.3,51,32
2533,2534,0.3,51,33
2534,2535,0.3,51,34
2535,2536,0.3,51,35
2536,2537,0.3,51,36
2537,2538,0.3,51,37
2538,2539,0.3,51,38
2539,2540,0.3,51,39
2540,2541,0.3,51,40
2541,2542,0.3,51,41
2542,2543,0.3,51,42
2543,2544,0.3,51,43
2544,2545,0.3,51,44
2545,2546,0.3,51,45
2546,2547,0.3,51,46
2547,2548,0.3,51,47
2548,2549,0.3,51,48
2549,2550,0.3,51,49
2550,2551,0.3,52,0
2551,2552,0.3,52,1
2552,2553,0.3,52,2
2553,2554,0.3,52,3
2554,2555,0.3,52,4
2555,2556,0.3,52,5
2556,2557,0.3,52,6
2557,2558,0.3,52,7
2558,2559,0.3,52,8
2559,2560,0.3,52,9
2560,2561,0.3,52,10
2561,2562,0.3,52,11
2562,2563,0.3,52,12
2563,2564,0.3,52,13
2564,2565,0.3,52,14
2565,2566,0.3,52,15
2566,2567,0.3,52,16
2567,2568,0.3,52,17
2568,2569,0.3,52,18
2569,2570,0.3,52,19
2570,2571,0.3,52,20
2571,2572,0.3,52,21
2572,2573,0.3,52,22
2573,2574,0.3,52,23
2574,2575,0.3,52,24
2575,2576,0.3,52,25
2576,2577,0.3,52,26
2577,2578,0.3,52,27
2578,2579,0.3,52,28
2579,2580,0.3,52,29
2580,2581,0.3,52,30
2581,2582,0.3,52,31
2582,2583,0.3,52,32
2583,2584,0.3,52,33
2584,2585,0.3,52,34
2585,2586,0.3,52,35
2586,2587,0.3,52,36
2587,2588,0.3,52,37
2588,2589,0.3,52,38
2589,2590,0.3,52,39
2590,2591,0.3,52,40
2591,2592,0.3,52,41
2592,2593,0.3,52,42
2593,2594,0.3,52,43
2594,2595,0.3,52,44
2595,2596,0.3,52,45
2596,2597,0.3,52,46
2597,2598,0.3,52,47
2598,2599,0.3,52,48
2599,2600,0.3,52,49
2600,2601,0.3,53,0
2601,2602,0.3,53,1
2602,2603,0.3,53,2
2603,2604,0.3,53,3
2604,2605,0.3,53,4
2605,2606,0.3,53,5
2606,2607,0.3,53,6
2607,2608,0.3,53,7
2608,2609,0.3,53,8
2609,2610,0.3,53,9
2610,2611,0.3,53,10
2611,2612,0.3,53,11
2612,2613,0.3,53,12
2613,2614,0.3,53,13
2614,2615,0.3,53,14
2615,2616,0.3,53,15
2616,2617,0.3,53,16
2617,2618,0.3,53,17
2618,2619,0.3,53,18
2619,2620,0.3,53,19
2620,2621,0.3,53,20
2621,2622,0.3,53,21
2622,2623,0.3,53,22
2623,2624,0.3,53,23
2624,2625,0.3,53,24
2625,2626,0.3,53,25
2626,2627,0.3,53,26
2627,2628,0.3,53,27
2628,2629,0.3,53,28
2629,2630,0.3,53,29
2630,2631,0.3,53,30
2631,2632,0.3,53,31
2632,2633,0.3,53,32
2633,2634,0.3,53,33
2634,2635,0.3,53,34
2635,2636,0.3,53,35
2636,2637,0.3,53,36
2637,2638,0.3,53,37
2638,2639,0.3,53,38
2639,2640,0.3,53,39
2640,2641,0.3,53,40
2641,2642,0.3,53,41
2642,2643,0.3,53,42
2643,2644,0.3,53,43
2644,2645,0.3,53,44
2645,2646,0.3,53,45
2646,2647,0.3,53,46
2647,2648,0.3,53,47
2648,2649,0.3,53,48
2649,2650,0.3,53,49
2650,2651,0.3,54,0
2651,2652,0.3,54,1
2652,2653,0.3,54,2
2653,2654,0.3,54,3
2654,2655,0.3,54,4
2655,2656,0.3,54,5
2656,2657,0.3,54,6
2657,2658,0.3,54,7
2658,2659,0.3,54,8
2659,2660,0.3,54,9
2660,2661,0.3,54,10
2661,2662,0.3,54,11
2662,2663,0.3,54,12
2663,2664,0.3,54,13
2664,2665,0.3,54,14
2665,2666,0.3,54,15
2666,2667,0.3,54,16
2667,2668,0.3,54,17
2668,2669,0.3,54,18
2669,2670,0.3,54,19
2670,2671,0.3,54,20
2671,2672,0.3,54,21
2672,2673,0.3,54,22
2673,2674,0.3,54,23
2674,2675,0.3,54,24
2675,2676,0.3,54,25
2676,2677,0.3,54,26
2677,2678,0.3,54,27
2678,2679,0.3,54,28
2679,2680,0.3,54,29
2680,2681,0.3,54,30
2681,2682,0.3,54,31
2682,2683,0.3,54,32
2683,2684,0.3,54,33
2684,2685,0.3,54,34
2685,2686,0.3,54,35
2686,2687,0.3,54,36
2687,2688,0.3,54,37
2688,2689,0.3,54,38
2689,2690,0.3,54,39
2690,2691,0.3,54,40
2691,2692,0.3,54,41
2692,2693,0.3,54,42
2693,2694,0.3,54,43
2694,2695,0.3,54,44
2695,2696,0.3,54,45
2696,2697,0.3,54,46
2697,2698,0.3,54,47
2698,2699,0.3,54,48
2699,2700,0.3,54,49
2700,2701,0.3,55,0
2701,2702,0.3,55,1
2702,2703,0.3,55,2
2703,2704,0.3,55,3
2704,2705,0.3,55,4
2705,2706,0.3,55,5
2706,2707,0.3,55,6
2707,2708,0.3,55,7
2708,2709,0.3,55,8
2709,2710,0.3,55,9
2710,2711,0.3,55,10
2711,2712,0.3,55,11
2712,2713,0.3,55,12
2713,2714,0.3,55,13
2714,2715,0.3,55,14
2715,2716,0.3,55,15
2716,2717,0.3,55,16
2717,2718,0.3,55,17
2718,2719,0.3,55,18
2719,2720,0.3,55,19
2720,2721,0.3,55,20
2721,2722,0.3,55,21
2722,2723,0.3,55,22
2723,2724,0.3,55,23
2724,2725,0.3,55,24
2725,2726,0.3,55,25
2726,2727,0.3,55,26
2727,2728,0.3,55,27
2728,2729,0.3,55,28
2729,2730,0.3,55,29
2730,2731,0.3,55,30
2731,2732,0.3,55,31
2732,2733,0.3,55,32
2733,2734,0.3,55,33
2734,2735,0.3,55,34
2735,2736,0.3,55,35
2736,2737,0.3,55,36
2737,2738,0.3,55,37
2738,2739,0.3,55,38
2739,2740,0.3,55,39
2740,2741,0.3,55,40
2741,2742,0.3,55,41
2742,2743,0.3,55,42
2743,2744,0.3,55,43
2744,2745,0.3,55,44
2745,2746,0.3,55,45
2746,2747,0.3,55,46
2747,2748,0.3,55,47
2748,2749,0.3,55,48
2749,2750,0.3,55,49
2750,2751,0.3,56,0
2751,2752,0.3,56,1
2752,2753,0.3,56,2
2753,2754,0.3,56,3
2754,2755,0.3,56,4
2755,2756,0.3,56,5
2756,2757,0.3,56,6
2757,2758,0.3,56,7
2758,2759,0.3,56,8
2759,2760,0.3,56,9
2760,2761,0.3,56,10
2761,2762,0.3,56,11
2762,2763,0.3,56,12
2763,2764,0.3,56,13
2764,2765,0.3,56,14
2765,2766,0.3,56,15
2766,2767,0.3,56,16
2767,2768,0.3,56,17
2768,2769,0.3,56,18
2769,2770,0.3,56,19
2770,2771,0.3,56,20
2771,2772,0.3,56,21
2772,2773,0.3,56,22
2773,2774,0.3,56,23
2774,2775,0.3,56,24
2775,2776,0.3,56,25
2776,2777,0.3,56,26
2777,2778,0.3,56,27
2778,2779,0.3,56,28
2779,2780,0.3,56,29
2780,2781,0.3,56,30
2781,2782,0.3,56,31
2782,2783,0.3,56,32
2783,2784,0.3,56,33
2784,2785,0.3,56,34
2785,2786,0.3,56,35
2786,2787,0.3,56,36
2787,2788,0.3,56,37
2788,2789,0.3,56,38
2789,2790,0.3,56,39
2790,2791,0.3,56,40
2791,2792,0.3,56,41
2792,2793,0.3,56,42
2793,2794,0.3,56,43
2794,2795,0.3,56,44
2795,2796,0.3,56,45
2796,2797,0.3,56,46
2797,2798,0.3,56,47
2798,2799,0.3,56,48
2799,2800,0.3,56,49
2800,2801,0.3,57,0
2801,2802,0.3,57,1
2802,2803,0.3,57,2
2803,2804,0.3,57,3
2804,2805,0.3,57,4
2805,2806,0.3,57,5
2806,2807,0.3,57,6
2807,2808,0.3,57,7
2808,2809,0.3,57,8
2809,2810,0.3,57,9
2810,2811,0.3,57,10
2811,2812,0.3,57,11
2812,2813,0.3,57,12
2813,2814,0.3,57,13
2814,2815,0.3,57,14
2815,2816,0.3,57,15
2816,2817,0.3,57,16
2817,2818,0.3,57,17
2818,2819,0.3,57,18
2819,2820,0.3,57,19
2820,2821,0.3,57,20
2821,2822,0.3,57,21
2822,2823,0.3,57,22
2823,2824,0.3,57,23
2824,2825,0.3,57,24
2825,2826,0.3,57,25
2826,2827,0.3,57,26
2827,2828,0.3,57,27
2828,2829,0.3,57,28
2829,2830,0.3,57,29
2830,2831,0.3,57,30
2831,2832,0.3,57,31
2832,2833,0.3,57,32
2833,2834,0.3,57,33
2834,2835,0.3,57,34
2835,2836,0.3,57,35
2836,2837,0.3,57,36
2837,2838,0.3,57,37
2838,2839,0.3,57,38
2839,2840,0.3,57,39
2840,2841,0.3,57,40
2841,2842,0.3,57,41
2842,2843,0.3,57,42
2843,2844,0.3,57,43
2844,2845,0.3,57,44
2845,2846,0.3,57,45
2846,2847,0.3,57,46
2847,2848,0.3,57,47
2848,2849,0.3,57,48
2849,2850,0.3,57,49
2850,2851,0.3,58,0
2851,2852,0.3,58,1
2852,2853,0.3,58,2
2853,2854,0.3,58,3
2854,2855,0.3,58,4
2855,2856,0.3,58,5
2856,2857,0.3,58,6
2857,2858,0.3,58,7
2858,2859,0.3,58,8
2859,2860,0.3,58,9
2860,2861,0.3,58,10
2861,2862,0.3,58,11
2862,2863,0.3,58,12
2863,2864,0.3,58,13
2864,2865,0.3,58,14
2865,2866,0.3,58,15
2866,2867,0.3,58,16
2867,2868,0.3,58,17
2868,2869,0.3,58,18
2869,2870,0.3,58,19
2870,2871,0.3,58,20
2871,2872,0.3,58,21
2872,2873,0.3,58,22
2873,2874,0.3,58,23
2874,2875,0.3,58,24
2875,2876,0.3,58,25
2876,2877,0.3,58,26
2877,2878,0.3,58,27
2878,2879,0.3,58,28
2879,2880,0.3,58,29
2880,2881,0.3,58,30
2881,2882,0.3,58,31
2882,2883,0.3,58,32
2883,2884,0.3,58,33
2884,2885,0.3,58,34
2885,2886,0.3,58,35
2886,2887,0.3,58,36
2887,2888,0.3,58,37
2888,2889,0.3,58,38
2889,2890,0.3,58,39
2890,2891,0.3,58,40
2891,2892,0.3,58,41
2892,2893,0.3,58,42
2893,2894,0.3,58,43
2894,2895,0.3,58,44
2895,2896,0.3,58,45
2896,2897,0.3,58,46
2897,2898,0.3,58,47
2898,2899,0.3,58,48
2899,2900,0.3,58,49
2900,2901,0.3,59,0
2901,2902,0.3,59,1
2902,2903,0.3,59,2
2903,2904,0.3,59,3
2904,2905,0.3,59,4
2905,2906,0.3,59,5
2906,2907,0.3,59,6
2907,2908,0.3,59,7
2908,2909,0.3,59,8
2909,2910,0.3,59,9
2910,2911,0.3,59,10
2911,2912,0.3,59,11
2912,2913,0.3,59,12
2913,2914,0.3,59,13
2914,2915,0.3,59,14
2915,2916,0.3,59,15
2916,2917,0.3,59,16
2917,2918,0.3,59,17
2918,2919,0.3,59,18
2919,2920,0.3,59,19
2920,2921,0.3,59,20
2921,2922,0.3,59,21
2922,2923,0.3,59,22
2923,2924,0.3,59,23
2924,2925,0.3,59,24
2925,2926,0.3,59,25
2926,2927,0.3,59,26
2927,2928,0.3,59,27
2928,2929,0.3,59,28
2929,2930,0.3,59,29
2930,2931,0.3,59,30
2931,2932,0.3,59,31
2932,2933,0.3,59,32
2933,2934,0.3,59,33
2934,2935,0.3,59,34
2935,2936,0.3,59,35
2936,2937,0.3,59,36
2937,2938,0.3,59,37
2938,2939,0.3,59,38
2939,2940,0.3,59,39
2940,2941,0.3,59,40
2941,2942,0.3,59,41
2942,2943,0.3,59,42
2943,2944,0.3,59,43
2944,2945,0.3,59,44
2945,2946,0.3,59,45
2946,2947,0.3,59,46
2947,2948,0.3,59,47
2948,2949,0.3,59,48
2949,2950,0.3,59,49
2950,2951,0.3,60,0
2951,2952,0.3,60,1
2952,2953,0.3,60,2
2953,2954,0.3,60,3
2954,2955,0.3,60,4
2955,2956,0.3,60,5
2956,2957,0.3,60,6
2957,2958,0.3,60,7
2958,2959,0.3,60,8
2959,2960,0.3,60,9
2960,2961,0.3,60,10
2961,2962,0.3,60,11
2962,2963,0.3,60,12
2963,2964,0.3,60,13
2964,2965,0.3,60,14
2965,2966,0.3,60,15
2966,2967,0.3,60,16
2967,2968,0.3,60,17
2968,2969,0.3,60,18
2969,2970,0.3,60,19
2970,2971,0.3,60,20
2971,2972,0.3,60,21
2972,2973,0.3,60,22
2973,2974,0.3,60,23
2974,2975,0.3,60,24
2975,2976,0.3,60,25
2976,2977,0.3,60,26
2977,2978,0.3,60,27
2978,2979,0.3,60,28
2979,2980,0.3,60,29
2980,2981,0.3,60,30
2981,2982,0.3,60,31
2982,2983,0.3,60,32
2983,2984,0.3,60,33
2984,2985,0.3,60,34
2985,2986,0.3,60,35
2986,2987,0.3,60,36
2987,2988,0.3,60,37
2988,2989,0.3,60,38
2989,2990,0.3,60,39
2990,2991,0.3,60,40
2991,2992,0.3,60,41
2992,2993,0.3,60,42
2993,2994,0.3,60,43
2994,2995,0.3,60,44
2995,2996,0.3,60,45
2996,2997,0.3,60,46
2997,2998,0.3,60,47
2998,2999,0.3,60,48
2999,3000,0.3,60,49
3000,3001,0.3,61,0
3001,3002,0.3,61,1
3002,3003,0.3,61,2
3003,3004,0.3,61,3
3004,3005,0.3,61,4
3005,3006,0.3,61,5
3006,3007,0.3,61,6
3007,3008,0.3,61,7
3008,3009,0.3,61,8
3009,3010,0.3,61,9
3010,3011,0.3,61,10
3011,3012,0.3,61,11
3012,3013,0.3,61,12
3013,3014,0.3,61,13
3014,3015,0.3,61,14
3015,3016,0.3,61,15
3016,3017,0.3,61,16
3017,3018,0.3,61,17
3018,3019,0.3,61,18
3019,3020,0.3,61,19
3020,3021,0.3,61,20
3021,3022,0.3,61,21
3022,3023,0.3,61,22
3023,3024,0.3,61,23
3024,3025,0.3,61,24
3025,3026,0.3,61,25
3026,3027,0.3,61,26
3027,3028,0.3,61,27
3028,3029,0.3,61,28
3029,3030,0.3,61,29
3030,3031,0.3,61,30
3031,3032,0.3,61,31
3032,3033,0.3,61,32
3033,3034,0.3,61,33
3034,3035,0.3,61,34
3035,3036,0.3,61,35
3036,3037,0.3,61,36
3037,3038,0.3,61,37
3038,3039,0.3,61,38
3039,3040,0.3,61,39
3040,3041,0.3,61,40
3041,3042,0.3,61,41
3042,3043,0.3,61,42
3043,3044,0.3,61,43
3044,3045,0.3,61,44
3045,3046,0.3,61,45
3046,3047,0.3,61,46
3047,3048,0.3,61,47
3048,3049,0.3,61,48
3049,3050,0.3,61,49
3050,3051,0.3,62,0
3051,3052,0.3,62,1
3052,3053,0.3,62,2
3053,3054,0.3,62,3
3054,3055,0.3,62,4
3055,3056,0.3,62,5
3056,3057,0.3,62,6
3057,3058,0.3,62,7
3058,3059,0.3,62,8
3059,3060,0.3,62,9
3060,3061,0.3,62,10
3061,3062,0.3,62,11
3062,3063,0.3,62,12
3063,3064,0.3,62,13
3064,3065,0.3,62,14
3065,3066,0.3,62,15
3066,3067,0.3,62,16
3067,3068,0.3,62,17
3068,3069,0.3,62,18
3069,3070,0.3,62,19
3070,3071,0.3,62,20
3071,3072,0.3,62,21
3072,3073,0.3,62,22
3073,3074,0.3,62,23
3074,3075,0.3,62,24
3075,3076,0.3,62,25
3076,3077,0.3,62,26
3077,3078,0.3,62,27
3078,3079,0.3,62,28
3079,3080,0.3,62,29
3080,3081,0.3,62,30
3081,3082,0.3,62,31
3082,3083,0.3,62,32
3083,3084,0.3,62,33
3084,3085,0.3,62,34
3085,3086,0.3,62,35
3086,3087,0.3,62,36
3087,3088,0.3,62,37
3088,3089,0.3,62,38
3089,3090,0.3,62,39
3090,3091,0.3,62,40
3091,3092,0.3,62,41
3092,3093,0.3,62,42
3093,3094,0.3,62,43
3094,3095,0.3,62,44
3095,3096,0.3,62,45
3096,3097,0.3,62,46
3097,3098,0.3,62,47
3098,3099,0.3,62,48
3099,3100,0.3,62,49
3100,3101,0.3,63,0
3101,3102,0.3,63,1
3102,3103,0.3,63,2
3103,3104,0.3,63,3
3104,3105,0.3,63,4
3105,3106,0.3,63,5
3106,3107,0.3,63,6
3107,3108,0.3,63,7
3108,3109,0.3,63,8
3109,3110,0.3,63,9
3110,3111,0.3,63,10
3111,3112,0.3,63,11
3112,3113,0.3,63,12
3113,3114,0.3,63,13
3114,3115,0.3,63,14
3115,3116,0.3,63,15
3116,3117,0.3,63,16
3117,3118,0.3,63,17
3118,3119,0.3,63,18
3119,3120,0.3,63,19
3120,3121,0.3,63,20
3121,3122,0.3,63,21
3122,3123,0.3,63,22
3123,3124,0.3,63,23
3124,3125,0.3,63,24
3125,3126,0.3,63,25
3126,3127,0.3,63,26
3127,3128,0.3,63,27
3128,3129,0.3,63,28
3129,3130,0.3,63,29
3130,3131,0.3,63,30
3131,3132,0.3,63,31
3132,3133,0.3,63,32
3133,3134,0.3,63,33
3134,3135,0.3,63,34
3135,3136,0.3,63,35
3136,3137,0.3,63,36
3137,3138,0.3,63,37
3138,3139,0.3,63,38
3139,3140,0.3,63,39
3140,3141,0.3,63,40
3141,3142,0.3,63,41
3142,3143,0.3,63,42
3143,3144,0.3,63,43
3144,3145,0.3,63,44
3145,3146,0.3,63,45
3146,3147,0.3,63,46
3147,3148,0.3,63,47
3148,3149,0.3,63,48
3149,3150,0.3,63,49
3150,3151,0.3,64,0
3151,3152,0.3,64,1
3152,3153,0.3,64,2
3153,3154,0.3,64,3
3154,3155,0.3,64,4
3155,3156,0.3,64,5
3156,3157,0.3,64,6
3157,3158,0.3,64,7
3158,3159,0.3,64,8
3159,3160,0.3,64,9
3160,3161,0.3,64,10
3161,3162,0.3,64,11
3162,3163,0.3,64,12
3163,3164,0.3,64,13
3164,3165,0.3,64,14
3165,3166,0.3,64,15
3166,3167,0.3,64,16
3167,3168,0.3,64,17
3168,3169,0.3,64,18
3169,3170,0.3,64,19
3170,3171,0.3,64,20
3171,3172,0.3,64,21
3172,3173,0.3,64,22
3173,3174,0.3,64,23
3174,3175,0.3,64,24
3175,3176,0.3,64,25
3176,3177,0.3,64,26
3177,3178,0.3,64,27
3178,3179,0.3,64,28
3179,3180,0.3,64,29
3180,3181,0.3,64,30
3181,3182,0.3,64,31
3182,3183,0.3,64,32
3183,3184,0.3,64,33
3184,3185,0.3,64,34
3185,3186,0.3,64,35
3186,3187,0.3,64,36
3187,3188,0.3,64,37
3188,3189,0.3,64,38
3189,3190,0.3,64,39
3190,3191,0.3,64,40
3191,3192,0.3,64,41
3192,3193,0.3,64,42
3193,3194,0.3,64,43
3194,3195,0.3,64,44
3195,3196,0.3,64,45
3196,3197,0.3,64,46
3197,3198,0.3,64,47
3198,3199,0.3,64,48
3199,3200,0.3,64,49
3200,3201,0.3,65,0
3201,3202,0.3,65,1
3202,3203,0.3,65,2
3203,3204,0.3,65,3
3204,3205,0.3,65,4
3205,3206,0.3,65,5
3206,3207,0.3,65,6
3207,3208,0.3,65,7
3208,3209,0.3,65,8
3209,3210,0.3,65,9
3210,3211,0.3,65,10
3211,3212,0.3,65,11
3212,3213,0.3,65,12
3213,3214,0.3,65,13
3214,3215,0.3,65,14
3215,3216,0.3,65,15
3216,3217,0.3,65,16
3217,3218,0.3,65,17
3218,3219,0.3,65,18
3219,3220,0.3,65,19
3220,3221,0.3,65,20
3221,3222,0.3,65,21
3222,3223,0.3,65,22
3223,3224,0.3,65,23
3224,3225,0.3,65,24
3225,3226,0.3,65,25
3226,3227,0.3,65,26
3227,3228,0.3,65,27
3228,3229,0.3,65,28
3229,3230,0.3,65,29
3230,3231,0.3,65,30
3231,3232,0.3,65,31
3232,3233,0.3,65,32
3233,3234,0.3,65,33
3234,3235,0.3,65,34
3235,3236,0.3,65,35
3236,3237,0.3,65,36
3237,3238,0.3,65,37
3238,3239,0.3,65,38
3239,3240,0.3,65,39
3240,3241,0.3,65,40
3241,3242,0.3,65,41
3242,3243,0.3,65,42
3243,3244,0.3,65,43
3244,3245,0.3,65,44
3245,3246,0.3,65,45
3246,3247,0.3,65,46
3247,3248,0.3,65,47
3248,3249,0.3,65,48
3249,3250,0.3,65,49
3250,3251,0.3,66,0
3251,3252,0.3,66,1
3252,3253,0.3,66,2
3253,3254,0.3,66,3
3254,3255,0.3,66,4
3255,3256,0.3,66,5
3256,3257,0.3,66,6
3257,3258,0.3,66,7
3258,3259,0.3,66,8
3259,3260,0.3,66,9
3260,3261,0.3,66,10
3261,3262,0.3,66,11
3262,3263,0.3,66,12
3263,3264,0.3,66,13
3264,3265,0.3,66,14
3265,3266,0.3,66,15
3266,3267,0.3,66,16
3267,3268,0.3,66,17
3268,3269,0.3,66,18
3269,3270,0.3,66,19
3270,3271,0.3,66,20
3271,3272,0.3,66,21
3272,3273,0.3,66,22
3273,3274,0.3,66,23
3274,3275,0.3,66,24
3275,3276,0.3,66,25
3276,3277,0.3,66,26
3277,3278,0.3,66,27
3278,3279,0.3,66,28
3279,3280,0.3,66,29
3280,3281,0.3,66,30
3281,3282,0.3,66,31
3282,3283,0.3,66,32
3283,3284,0.3,66,33
3284,3285,0.3,66,34
3285,3286,0.3,66,35
3286,3287,0.3,66,36
3287,3288,0.3,66,37
3288,3289,0.3,66,38
3289,3290,0.3,66,39
3290,3291,0.3,66,40
3291,3292,0.3,66,41
3292,3293,0.3,66,42
3293,3294,0.3,66,43
3294,3295,0.3,66,44
3295,3296,0.3,66,45
3296,3297,0.3,66,46
3297,3298,0.3,66,47
3298,3299,0.3,66,48
3299,3300,0.3,66,49
3300,3301,0.3,67,0
3301,3302,0.3,67,1
3302,3303,0.3,67,2
3303,3304,0.3,67,3
3304,3305,0.3,67,4
3305,3306,0.3,67,5
3306,3307,0.3,67,6
3307,3308,0.3,67,7
3308,3309,0.3,67,8
3309,3310,0.3,67,9
3310,3311,0.3,67,10
3311,3312,0.3,67,11
3312,3313,0.3,67,12
3313,3314,0.3,67,13
3314,3315,0.3,67,14
3315,3316,0.3,67,15
3316,3317,0.3,67,16
3317,3318,0.3,67,17
3318,3319,0.3,67,18
3319,3320,0.3,67,19
3320,3321,0.3,67,20
3321,3322,0.3,67,21
3322,3323,0.3,67,22
3323,3324,0.3,67,23
3324,3325,0.3,67,24
3325,3326,0.3,67,25
3326,3327,0.3,67,26
3327,3328,0.3,67,27
3328,3329,0.3,67,28
3329,3330,0.3,67,29
3330,3331,0.3,67,30
3331,3332,0.3,67,31
3332,3333,0.3,67,32
3333,3334,0.3,67,33
3334,3335,0.3,67,34
3335,3336,0.3,67,35
3336,3337,0.3,67,36
3337,3338,0.3,67,37
3338,3339,0.3,67,38
3339,3340,0.3,67,39
3340,3341,0.3,67,40
3341,3342,0.3,67,41
3342,3343,0.3,67,42
3343,3344,0.3,67,43
3344,3345,0.3,67,44
3345,3346,0.3,67,45
3346,3347,0.3,67,46
3347,3348,0.3,67,47
3348,3349,0.3,67,48
3349,3350,0.3,67,49
3350,3351,0.3,68,0
3351,3352,0.3,68,1
3352,3353,0.3,68,2
3353,3354,0.3,68,3
3354,3355,0.3,68,4
3355,3356,0.3,68,5
3356,3357,0.3,68,6
3357,3358,0.3,68,7
3358,3359,0.3,68,8
3359,3360,0.3,68,9
3360,3361,0.3,68,10
3361,3362,0.3,68,11
3362,3363,0.3,68,12
3363,3364,0.3,68,13
3364,3365,0.3,68,14
3365,3366,0.3,68,15
3366,3367,0.3,68,16
3367,3368,0.3,68,17
3368,3369,0.3,68,18
3369,3370,0.3,68,19
3370,3371,0.3,68,20
3371,3372,0.3,68,21
3372,3373,0.3,68,22
3373,3374,0.3,68,23
3374,3375,0.3,68,24
3375,3376,0.3,68,25
3376,3377,0.3,68,26
3377,3378,0.3,68,27
3378,3379,0.3,68,28
3379,3380,0.3,68,29
3380,3381,0.3,68,30
3381,3382,0.3,68,31
3382,3383,0.3,68,32
3383,3384,0.3,68,33
3384,3385,0.3,68,34
3385,3386,0.3,68,35
3386,3387,0.3,68,36
3387,3388,0.3,68,37
3388,3389,0.3,68,38
3389,3390,0.3,68,39
3390,3391,0.3,68,40
3391,3392,0.3,68,41
3392,3393,0.3,68,42
3393,3394,0.3,68,43
3394,3395,0.3,68,44
3395,3396,0.3,68,45
3396,3397,0.3,68,46
3397,3398,0.3,68,47
3398,3399,0.3,68,48
3399,3400,0.3,68,49
3400,3401,0.3,69,0
3401,3402,0.3,69,1
3402,3403,0.3,69,2
3403,3404,0.3,69,3
3404,3405,0.3,69,4
3405,3406,0.3,69,5
3406,3407,0.3,69,6
3407,3408,0.3,69,7
3408,3409,0.3,69,8
3409,3410,0.3,69,9
3410,3411,0.3,69,10
3411,3412,0.3,69,11
3412,3413,0.3,69,12
3413,3414,0.3,69,13
3414,3415,0.3,69,14
3415,3416,0.3,69,15
3416,3417,0.3,69,16
3417,3418,0.3,69,17
3418,3419,0.3,69,18
3419,3420,0.3,69,19
3420,3421,0.3,69,20
3421,3422,0.3,69,21
3422,3423,0.3,69,22
3423,3424,0.3,69,23
3424,3425,0.3,69,24
3425,3426,0.3,69,25
3426,3427,0.3,69,26
3427,3428,0.3,69,27
3428,3429,0.3,69,28
3429,3430,0.3,69,29
3430,3431,0.3,69,30
3431,3432,0.3,69,31
3432,3433,0.3,69,32
3433,3434,0.3,69,33
3434,3435,0.3,69,34
3435,3436,0.3,69,35
3436,3437,0.3,69,36
3437,3438,0.3,69,37
3438,3439,0.3,69,38
3439,3440,0.3,69,39
3440,3441,0.3,69,40
3441,3442,0.3,69,41
3442,3443,0.3,69,42
3443,3444,0.3,69,43
3444,3445,0.3,69,44
3445,3446,0.3,69,45
3446,3447,0.3,69,46
3447,3448,0.3,69,47
3448,3449,0.3,69,48
3449,3450,0.3,69,49
3450,3451,0.3,70,0
3451,3452,0.3,70,1
3452,3453,0.3,70,2
3453,3454,0.3,70,3
3454,3455,0.3,70,4
3455,3456,0.3,70,5
3456,3457,0.3,70,6
3457,3458,0.3,70,7
3458,3459,0.3,70,8
3459,3460,0.3,70,9
3460,3461,0.3,70,10
3461,3462,0.3,70,11
3462,3463,0.3,70,12
3463,3464,0.3,70,13
3464,3465,0.3,70,14
3465,3466,0.3,70,15
3466,3467,0.3,70,16
3467,3468,0.3,70,17
3468,3469,0.3,70,18
3469,3470,0.3,70,19
3470,3471,0.3,70,20
3471,3472,0.3,70,21
3472,3473,0.3,70,22
3473,3474,0.3,70,23
3474,3475,0.3,70,24
3475,3476,0.3,70,25
3476,3477,0.3,70,26
3477,3478,0.3,70,27
3478,3479,0.3,70,28
3479,3480,0.3,70,29
3480,3481,0.3,70,30
3481,3482,0.3,70,31
3482,3483,0.3,70,32
3483,3484,0.3,70,33
3484,3485,0.3,70,34
3485,3486,0.3,70,35
3486,3487,0.3,70,36
3487,3488,0.3,70,37
3488,3489,0.3,70,38
3489,3490,0.3,70,39
3490,3491,0.3,70,40
3491,3492,0.3,70,41
3492,3493,0.3,70,42
3493,3494,0.3,70,43
3494,3495,0.3,70,44
3495,3496,0.3,70,45
3496,3497,0.3,70,46
3497,3498,0.3,70,47
3498,3499,0.3,70,48
3499,3500,0.3,70,49
3500,3501,0.3,71,0
3501,3502,0.3,71,1
3502,3503,0.3,71,2
3503,3504,0.3,71,3
3504,3505,0.3,71,4
3505,3506,0.3,71,5
3506,3507,0.3,71,6
3507,3508,0.3,71,7
3508,3509,0.3,71,8
3509,3510,0.3,71,9
3510,3511,0.3,71,10
3511,3512,0.3,71,11
3512,3513,0.3,71,12
3513,3514,0.3,71,13
3514,3515,0.3,71,14
3515,3516,0.3,71,15
3516,3517,0.3,71,16
3517,3518,0.3,71,17
3518,3519,0.3,71,18
3519,3520,0.3,71,19
3520,3521,0.3,71,20
3521,3522,0.3,71,21
3522,3523,0.3,71,22
3523,3524,0.3,71,23
3524,3525,0.3,71,24
3525,3526,0.3,71,25
3526,3527,0.3,71,26
3527,3528,0.3,71,27
3528,3529,0.3,71,28
3529,3530,0.3,71,29
3530,3531,0.3,71,30
3531,3532,0.3,71,31
3532,3533,0.3,71,32
3533,3534,0.3,71,33
3534,3535,0.3,71,34
3535,3536,0.3,71,35
3536,3537,0.3,71,36
3537,3538,0.3,71,37
3538,3539,0.3,71,38
3539,3540,0.3,71,39
3540,3541,0.3,71,40
3541,3542,0.3,71,41
3542,3543,0.3,71,42
3543,3544,0.3,71,43
3544,3545,0.3,71,44
3545,3546,0.3,71,45
3546,3547,0.3,71,46
3547,3548,0.3,71,47
3548,3549,0.3,71,48
3549,3550,0.3,71,49
3550,3551,0.3,72,0
3551,3552,0.3,72,1
3552,3553,0.3,72,2
3553,3554,0.3,72,3
3554,3555,0.3,72,4
3555,3556,0.3,72,5
3556,3557,0.3,72,6
3557,3558,0.3,72,7
3558,3559,0.3,72,8
3559,3560,0.3,72,9
3560,3561,0.3,72,10
3561,3562,0.3,72,11
3562,3563,0.3,72,12
3563,3564,0.3,72,13
3564,3565,0.3,72,14
3565,3566,0.3,72,15
3566,3567,0.3,72,16
3567,3568,0.3,72,17
3568,3569,0.3,72,18
3569,3570,0.3,72,19
3570,3571,0.3,72,20
3571,3572,0.3,72,21
3572,3573,0.3,72,22
3573,3574,0.3,72,23
3574,3575,0.3,72,24
3575,3576,0.3,72,25
3576,3577,0.3,72,26
3577,3578,0.3,72,27
3578,3579,0.3,72,28
3579,3580,0.3,72,29
3580,3581,0.3,72,30
3581,3582,0.3,72,31
3582,3583,0.3,72,32
3583,3584,0.3,72,33
3584,3585,0.3,72,34
3585,3586,0.3,72,35
3586,3587,0.3,72,36
3587,3588,0.3,72,37
3588,3589,0.3,72,38
3589,3590,0.3,72,39
3590,3591,0.3,72,40
3591,3592,0.3,72,41
3592,3593,0.3,72,42
3593,3594,0.3,72,43
3594,3595,0.3,72,44
3595,3596,0.3,72,45
3596,3597,0.3,72,46
3597,3598,0.3,72,47
3598,3599,0.3,72,48
3599,3600,0.3,72,49
3600,3601,0.3,73,0
3601,3602,0.3,73,1
3602,3603,0.3,73,2
3603,3604,0.3,73,3
3604,3605,0.3,73,4
3605,3606,0.3,73,5
3606,3607,0.3,73,6
3607,3608,0.3,73,7
3608,3609,0.3,73,8
3609,3610,0.3,73,9
3610,3611,0.3,73,10
3611,3612,0.3,73,11
3612,3613,0.3,73,12
3613,3614,0.3,73,13
3614,3615,0.3,73,14
3615,3616,0.3,73,15
3616,3617,0.3,73,16
3617,3618,0.3,73,17
3618,3619,0.3,73,18
3619,3620,0.3,73,19
3620,3621,0.3,73,20
3621,3622,0.3,73,21
3622,3623,0.3,73,22
3623,3624,0.3,73,23
3624,3625,0.3,73,24
3625,3626,0.3,73,25
3626,3627,0.3,73,26
3627,3628,0.3,73,27
3628,3629,0.3,73,28
3629,3630,0.3,73,29
3630,3631,0.3,73,30
3631,3632,0.3,73,31
3632,3633,0.3,73,32
3633,3634,0.3,73,33
3634,3635,0.3,73,34
3635,3636,0.3,73,35
3636,3637,0.3,73,36
3637,3638,0.3,73,37
3638,3639,0.3,73,38
3639,3640,0.3,73,39
3640,3641,0.3,73,40
3641,3642,0.3,73,41
3642,3643,0.3,73,42
3643,3644,0.3,73,43
3644,3645,0.3,73,44
3645,3646,0.3,73,45
3646,3647,0.3,73,46
3647,3648,0.3,73,47
3648,3649,0.3,73,48
3649,3650,0.3,73,49
3650,3651,0.3,74,0
3651,3652,0.3,74,1
3652,3653,0.3,74,2
3653,3654,0.3,74,3
3654,3655,0.3,74,4
3655,3656,0.3,74,5
3656,3657,0.3,74,6
3657,3658,0.3,74,7
3658,3659,0.3,74,8
3659,3660,0.3,74,9
3660,3661,0.3,74,10
3661,3662,0.3,74,11
3662,3663,0.3,74,12
3663,3664,0.3,74,13
3664,3665,0.3,74,14
3665,3666,0.3,74,15
3666,3667,0.3,74,16
3667,3668,0.3,74,17
3668,3669,0.3,74,18
3669,3670,0.3,74,19
3670,3671,0.3,74,20
3671,3672,0.3,74,21
3672,3673,0.3,74,22
3673,3674,0.3,74,23
3674,3675,0.3,74,24
3675,3676,0.3,74,25
3676,3677,0.3,74,26
3677,3678,0.3,74,27
3678,3679,0.3,74,28
3679,3680,0.3,74,29
3680,3681,0.3,74,30
3681,3682,0.3,74,31
3682,3683,0.3,74,32
3683,3684,0.3,74,33
3684,3685,0.3,74,34
3685,3686,0.3,74,35
3686,3687,0.3,74,36
3687,3688,0.3,74,37
3688,3689,0.3,74,38
3689,3690,0.3,74,39
3690,3691,0.3,74,40
3691,3692,0.3,74,41
3692,3693,0.3,74,42
3693,3694,0.3,74,43
3694,3695,0.3,74,44
3695,3696,0.3,74,45
3696,3697,0.3,74,46
3697,3698,0.3,74,47
3698,3699,0.3,74,48
3699,3700,0.3,74,49
3700,3701,0.3,75,0
3701,3702,0.3,75,1
3702,3703,0.3,75,2
3703,3704,0.3,75,3
3704,3705,0.3,75,4
3705,3706,0.3,75,5
3706,3707,0.3,75,6
3707,3708,0.3,75,7
3708,3709,0.3,75,8
3709,3710,0.3,75,9
3710,3711,0.3,75,10
3711,3712,0.3,75,11
3712,3713,0.3,75,12
3713,3714,0.3,75,13
3714,3715,0.3,75,14
3715,3716,0.3,75,15
3716,3717,0.3,75,16
3717,3718,0.3,75,17
3718,3719,0.3,75,18
3719,3720,0.3,75,19
3720,3721,0.3,75,20
3721,3722,0.3,75,21
3722,3723,0.3,75,22
3723,3724,0.3,75,23
3724,3725,0.3,75,24
3725,3726,0.3,75,25
3726,3727,0.3,75,26
3727,3728,0.3,75,27
3728,3729,0.3,75,28
3729,3730,0.3,75,29
3730,3731,0.3,75,30
3731,3732,0.3,75,31
3732,3733,0.3,75,32
3733,3734,0.3,75,33
3734,3735,0.3,75,34
3735,3736,0.3,75,35
3736,3737,0.3,75,36
3737,3738,0.3,75,37
3738,3739,0.3,75,38
3739,3740,0.3,75,39
3740,3741,0.3,75,40
3741,3742,0.3,75,41
3742,3743,0.3,75,42
3743,3744,0.3,75,43
3744,3745,0.3,75,44
3745,3746,0.3,75,45
3746,3747,0.3,75,46
3747,3748,0.3,75,47
3748,3749,0.3,75,48
3749,3750,0.3,75,49
3750,3751,0.3,76,0
3751,3752,0.3,76,1
3752,3753,0.3,76,2
3753,3754,0.3,76,3
3754,3755,0.3,76,4
3755,3756,0.3,76,5
3756,3757,0.3,76,6
3757,3758,0.3,76,7
3758,3759,0.3,76,8
3759,3760,0.3,76,9
3760,3761,0.3,76,10
3761,3762,0.3,76,11
3762,3763,0.3,76,12
3763,3764,0.3,76,13
3764,3765,0.3,76,14
3765,3766,0.3,76,15
3766,3767,0.3,76,16
3767,3768,0.3,76,17
3768,3769,0.3,76,18
3769,3770,0.3,76,19
3770,3771,0.3,76,20
3771,3772,0.3,76,21
3772,3773,0.3,76,22
3773,3774,0.3,76,23
3774,3775,0.3,76,24
3775,3776,0.3,76,25
3776,3777,0.3,76,26
3777,3778,0.3,76,27
3778,3779,0.3,76,28
3779,3780,0.3,76,29
3780,3781,0.3,76,30
3781,3782,0.3,76,31
3782,3783,0.3,76,32
3783,3784,0.3,76,33
3784,3785,0.3,76,34
3785,3786,0.3,76,35
3786,3787,0.3,76,36
3787,3788,0.3,76,37
3788,3789,0.3,76,38
3789,3790,0.3,76,39
3790,3791,0.3,76,40
3791,3792,0.3,76,41
3792,3793,0.3,76,42
3793,3794,0.3,76,43
3794,3795,0.3,76,44
3795,3796,0.3,76,45
3796,3797,0.3,76,46
3797,3798,0.3,76,47
3798,3799,0.3,76,48
3799,3800,0.3,76,49
3800,3801,0.3,77,0
3801,3802,0.3,77,1
3802,3803,0.3,77,2
3803,3804,0.3,77,3
3804,3805,0.3,77,4
3805,3806,0.3,77,5
3806,3807,0.3,77,6
3807,3808,0.3,77,7
3808,3809,0.3,77,8
3809,3810,0.3,77,9
3810,3811,0.3,77,10
3811,3812,0.3,77,11
3812,3813,0.3,77,12
3813,3814,0.3,77,13
3814,3815,0.3,77,14
3815,3816,0.3,77,15
3816,3817,0.3,77,16
3817,3818,0.3,77,17
3818,3819,0.3,77,18
3819,3820,0.3,77,19
3820,3821,0.3,77,20
3821,3822,0.3,77,21
3822,3823,0.3,77,22
3823,3824,0.3,77,23
3824,3825,0.3,77,24
3825,3826,0.3,77,25
3826,3827,0.3,77,26
3827,3828,0.3,77,27
3828,3829,0.3,77,28
3829,3830,0.3,77,29
3830,3831,0.3,77,30
3831,3832,0.3,77,31
3832,3833,0.3,77,32
3833,3834,0.3,77,33
3834,3835,0.3,77,34
3835,3836,0.3,77,35
3836,3837,0.3,77,36
3837,3838,0.3,77,37
3838,3839,0.3,77,38
3839,3840,0.3,77,39
3840,3841,0.3,77,40
3841,3842,0.3,77,41
3842,3843,0.3,77,42
3843,3844,0.3,77,43
3844,3845,0.3,77,44
3845,3846,0.3,77,45
3846,3847,0.3,77,46
3847,3848,0.3,77,47
3848,3849,0.3,77,48
3849,3850,0.3,77,49
3850,3851,0.3,78,0
3851,3852,0.3,78,1
3852,3853,0.3,78,2
3853,3854,0.3,78,3
3854,3855,0.3,78,4
3855,3856,0.3,78,5
3856,3857,0.3,78,6
3857,3858,0.3,78,7
3858,3859,0.3,78,8
3859,3860,0.3,78,9
3860,3861,0.3,78,10
3861,3862,0.3,78,11
3862,3863,0.3,78,12
3863,3864,0.3,78,13
3864,3865,0.3,78,14
3865,3866,0.3,78,15
3866,3867,0.3,78,16
3867,3868,0.3,78,17
3868,3869,0.3,78,18
3869,3870,0.3,78,19
3870,3871,0.3,78,20
3871,3872,0.3,78,21
3872,3873,0.3,78,22
3873,3874,0.3,78,23
3874,3875,0.3,78,24
3875,3876,0.3,78,25
3876,3877,0.3,78,26
3877,3878,0.3,78,27
3878,3879,0.3,78,28
3879,3880,0.3,78,29
3880,3881,0.3,78,30
3881,3882,0.3,78,31
3882,3883,0.3,78,32
3883,3884,0.3,78,33
3884,3885,0.3,78,34
3885,3886,0.3,78,35
3886,3887,0.3,78,36
3887,3888,0.3,78,37
3888,3889,0.3,78,38
3889,3890,0.3,78,39
3890,3891,0.3,78,40
3891,3892,0.3,78,41
3892,3893,0.3,78,42
3893,3894,0.3,78,43
3894,3895,0.3,78,44
3895,3896,0.3,78,45
3896,3897,0.3,78,46
3897,3898,0.3,78,47
3898,3899,0.3,78,48
3899,3900,0.3,78,49
3900,3901,0.3,79,0
3901,3902,0.3,79,1
3902,3903,0.3,79,2
3903,3904,0.3,79,3
3904,3905,0.3,79,4
3905,3906,0.3,79,5
3906,3907,0.3,79,6
3907,3908,0.3,79,7
3908,3909,0.3,79,8
3909,3910,0.3,79,9
3910,3911,0.3,79,10
3911,3912,0.3,79,11
3912,3913,0.3,79,12
3913,3914,0.3,79,13
3914,3915,0.3,79,14
3915,3916,0.3,79,15
3916,3917,0.3,79,16
3917,3918,0.3,79,17
3918,3919,0.3,79,18
3919,3920,0.3,79,19
3920,3921,0.3,79,20
3921,3922,0.3,79,21
3922,3923,0.3,79,22
3923,3924,0.3,79,23
3924,3925,0.3,79,24
3925,3926,0.3,79,25
3926,3927,0.3,79,26
3927,3928,0.3,79,27
3928,3929,0.3,79,28
3929,3930,0.3,79,29
3930,3931,0.3,79,30
3931,3932,0.3,79,31
3932,3933,0.3,79,32
3933,3934,0.3,79,33
3934,3935,0.3,79,34
3935,3936,0.3,79,35
3936,3937,0.3,79,36
3937,3938,0.3,79,37
3938,3939,0.3,79,38
3939,3940,0.3,79,39
3940,3941,0.3,79,40
3941,3942,0.3,79,41
3942,3943,0.3,79,42
3943,3944,0.3,79,43
3944,3945,0.3,79,44
3945,3946,0.3,79,45
3946,3947,0.3,79,46
3947,3948,0.3,79,47
3948,3949,0.3,79,48
3949,3950,0.3,79,49
3950,3951,0.3,80,0
3951,3952,0.3,80,1
3952,3953,0.3,80,2
3953,3954,0.3,80,3
3954,3955,0.3,80,4
3955,3956,0.3,80,5
3956,3957,0.3,80,6
3957,3958,0.3,80,7
3958,3959,0.3,80,8
3959,3960,0.3,80,9
3960,3961,0.3,80,10
3961,3962,0.3,80,11
3962,3963,0.3,80,12
3963,3964,0.3,80,13
3964,3965,0.3,80,14
3965,3966,0.3,80,15
3966,3967,0.3,80,16
3967,3968,0.3,80,17
3968,3969,0.3,80,18
3969,3970,0.3,80,19
3970,3971,0.3,80,20
3971,3972,0.3,80,21
3972,3973,0.3,80,22
3973,3974,0.3,80,23
3974,3975,0.3,80,24
3975,3976,0.3,80,25
3976,3977,0.3,80,26
3977,3978,0.3,80,27
3978,3979,0.3,80,28
3979,3980,0.3,80,29
3980,3981,0.3,80,30
3981,3982,0.3,80,31
3982,3983,0.3,80,32
3983,3984,0.3,80,33
3984,3985,0.3,80,34
3985,3986,0.3,80,35
3986,3987,0.3,80,36
3987,3988,0.3,80,37
3988,3989,0.3,80,38
3989,3990,0.3,80,39
3990,3991,0.3,80,40
3991,3992,0.3,80,41
3992,3993,0.3,80,42
3993,3994,0.3,80,43
3994,3995,0.3,80,44
3995,3996,0.3,80,45
3996,3997,0.3,80,46
3997,3998,0.3,80,47
3998,3999,0.3,80,48
3999,4000,0.3,80,49
4000,4001,0.3,81,0
4001,4002,0.3,81,1
4002,4003,0.3,81,2
4003,4004,0.3,81,3
4004,4005,0.3,81,4
4005,4006,0.3,81,5
4006,4007,0.3,81,6
4007,4008,0.3,81,7
4008,4009,0.3,81,8
4009,4010,0.3,81,9
4010,4011,0.3,81,10
4011,4012,0.3,81,11
4012,4013,0.3,81,12
4013,4014,0.3,81,13
4014,4015,0.3,81,14
4015,4016,0.3,81,15
4016,4017,0.3,81,16
4017,4018,0.3,81,17
4018,4019,0.3,81,18
4019,4020,0.3,81,19
4020,4021,0.3,81,20
4021,4022,0.3,81,21
4022,4023,0.3,81,22
4023,4024,0.3,81,23
4024,4025,0.3,81,24
4025,4026,0.3,81,25
4026,4027,0.3,81,26
4027,4028,0.3,81,27
4028,4029,0.3,81,28
4029,4030,0.3,81,29
4030,4031,0.3,81,30
4031,4032,0.3,81,31
4032,4033,0.3,81,32
4033,4034,0.3,81,33
4034,4035,0.3,81,34
4035,4036,0.3,81,35
4036,4037,0.3,81,36
4037,4038,0.3,81,37
4038,4039,0.3,81,38
4039,4040,0.3,81,39
4040,4041,0.3,81,40
4041,4042,0.3,81,41
4042,4043,0.3,81,42
4043,4044,0.3,81,43
4044,4045,0.3,81,44
4045,4046,0.3,81,45
4046,4047,0.3,81,46
4047,4048,0.3,81,47
4048,4049,0.3,81,48
4049,4050,0.3,81,49
4050,4051,0.3,82,0
4051,4052,0.3,82,1
4052,4053,0.3,82,2
4053,4054,0.3,82,3
4054,4055,0.3,82,4
4055,4056,0.3,82,5
4056,4057,0.3,82,6
4057,4058,0.3,82,7
4058,4059,0.3,82,8
4059,4060,0.3,82,9
4060,4061,0.3,82,10
4061,4062,0.3,82,11
4062,4063,0.3,82,12
4063,4064,0.3,82,13
4064,4065,0.3,82,14
4065,4066,0.3,82,15
4066,4067,0.3,82,16
4067,4068,0.3,82,17
4068,4069,0.3,82,18
4069,4070,0.3,82,19
4070,4071,0.3,82,20
4071,4072,0.3,82,21
4072,4073,0.3,82,22
4073,4074,0.3,82,23
4074,4075,0.3,82,24
4075,4076,0.3,82,25
4076,4077,0.3,82,26
4077,4078,0.3,82,27
4078,4079,0.3,82,28
4079,4080,0.3,82,29
4080,4081,0.3,82,30
4081,4082,0.3,82,31
4082,4083,0.3,82,32
4083,4084,0.3,82,33
4084,4085,0.3,82,34
4085,4086,0.3,82,35
4086,4087,0.3,82,36
4087,4088,0.3,82,37
4088,4089,0.3,82,38
4089,4090,0.3,82,39
4090,4091,0.3,82,40
4091,4092,0.3,82,41
4092,4093,0.3,82,42
4093,4094,0.3,82,43
4094,4095,0.3,82,44
4095,4096,0.3,82,45
4096,4097,0.3,82,46
4097,4098,0.3,82,47
4098,4099,0.3,82,48
4099,4100,0.3,82,49
4100,4101,0.3,83,0
4101,4102,0.3,83,1
4102,4103,0.3,83,2
4103,4104,0.3,83,3
4104,4105,0.3,83,4
4105,4106,0.3,83,5
4106,4107,0.3,83,6
4107,4108,0.3,83,7
4108,4109,0.3,83,8
4109,4110,0.3,83,9
4110,4111,0.3,83,10
4111,4112,0.3,83,11
4112,4113,0.3,83,12
4113,4114,0.3,83,13
4114,4115,0.3,83,14
4115,4116,0.3,83,15
4116,4117,0.3,83,16
4117,4118,0.3,83,17
4118,4119,0.3,83,18
4119,4120,0.3,83,19
4120,4121,0.3,83,20
4121,4122,0.3,83,21
4122,4123,0.3,83,22
4123,4124,0.3,83,23
4124,4125,0.3,83,24
4125,4126,0.3,83,25
4126,4127,0.3,83,26
4127,4128,0.3,83,27
4128,4129,0.3,83,28
4129,4130,0.3,83,29
4130,4131,0.3,83,30
4131,4132,0.3,83,31
4132,4133,0.3,83,32
4133,4134,0.3,83,33
4134,4135,0.3,83,34
4135,4136,0.3,83,35
4136,4137,0.3,83,36
4137,4138,0.3,83,37
4138,4139,0.3,83,38
4139,4140,0.3,83,39
4140,4141,0.3,83,40
4141,4142,0.3,83,41
4142,4143,0.3,83,42
4143,4144,0.3,83,43
4144,4145,0.3,83,44
4145,4146,0.3,83,45
4146,4147,0.3,83,46
4147,4148,0.3,83,47
4148,4149,0.3,83,48
4149,4150,0.3,83,49
4150,4151,0.3,84,0
4151,4152,0.3,84,1
4152,4153,0.3,84,2
4153,4154,0.3,84,3
4154,4155,0.3,84,4
4155,4156,0.3,84,5
4156,4157,0.3,84,6
4157,4158,0.3,84,7
4158,4159,0.3,84,8
4159,4160,0.3,84,9
4160,4161,0.3,84,10
4161,4162,0.3,84,11
4162,4163,0.3,84,12
4163,4164,0.3,84,13
4164,4165,0.3,84,14
4165,4166,0.3,84,15
4166,4167,0.3,84,16
4167,4168,0.3,84,17
4168,4169,0.3,84,18
4169,4170,0.3,84,19
4170,4171,0.3,84,20
4171,4172,0.3,84,21
4172,4173,0.3,84,22
4173,4174,0.3,84,23
4174,4175,0.3,84,24
4175,4176,0.3,84,25
4176,4177,0.3,84,26
4177,4178,0.3,84,27
4178,4179,0.3,84,28
4179,4180,0.3,84,29
4180,4181,0.3,84,30
4181,4182,0.3,84,31
4182,4183,0.3,84,32
4183,4184,0.3,84,33
4184,4185,0.3,84,34
4185,4186,0.3,84,35
4186,4187,0.3,84,36
4187,4188,0.3,84,37
4188,4189,0.3,84,38
4189,4190,0.3,84,39
4190,4191,0.3,84,40
4191,4192,0.3,84,41
4192,4193,0.3,84,42
4193,4194,0.3,84,43
4194,4195,0.3,84,44
4195,4196,0.3,84,45
4196,4197,0.3,84,46
4197,4198,0.3,84,47
4198,4199,0.3,84,48
4199,4200,0.3,84,49
4200,4201,0.3,85,0
4201,4202,0.3,85,1
4202,4203,0.3,85,2
4203,4204,0.3,85,3
4204,4205,0.3,85,4
4205,4206,0.3,85,5
4206,4207,0.3,85,6
4207,4208,0.3,85,7
4208,4209,0.3,85,8
4209,4210,0.3,85,9
4210,4211,0.3,85,10
4211,4212,0.3,85,11
4212,4213,0.3,85,12
4213,4214,0.3,85,13
4214,4215,0.3,85,14
4215,4216,0.3,85,15
4216,4217,0.3,85,16
4217,4218,0.3,85,17
4218,4219,0.3,85,18
4219,4220,0.3,85,19
4220,4221,0.3,85,20
4221,4222,0.3,85,21
4222,4223,0.3,85,22
4223,4224,0.3,85,23
4224,4225,0.3,85,24
4225,4226,0.3,85,25
4226,4227,0.3,85,26
4227,4228,0.3,85,27
4228,4229,0.3,85,28
4229,4230,0.3,85,29
4230,4231,0.3,85,30
4231,4232,0.3,85,31
4232,4233,0.3,85,32
4233,4234,0.3,85,33
4234,4235,0.3,85,34
4235,4236,0.3,85,35
4236,4237,0.3,85,36
4237,4238,0.3,85,37
4238,4239,0.3,85,38
4239,4240,0.3,85,39
4240,4241,0.3,85,40
4241,4242,0.3,85,41
4242,4243,0.3,85,42
4243,4244,0.3,85,43
4244,4245,0.3,85,44
4245,4246,0.3,85,45
4246,4247,0.3,85,46
4247,4248,0.3,85,47
4248,4249,0.3,85,48
4249,4250,0.3,85,49
4250,4251,0.3,86,0
4251,4252,0.3,86,1
4252,4253,0.3,86,2
4253,4254,0.3,86,3
4254,4255,0.3,86,4
4255,4256,0.3,86,5
4256,4257,0.3,86,6
4257,4258,0.3,86,7
4258,4259,0.3,86,8
4259,4260,0.3,86,9
4260,4261,0.3,86,10
4261,4262,0.3,86,11
4262,4263,0.3,86,12
4263,4264,0.3,86,13
4264,4265,0.3,86,14
4265,4266,0.3,86,15
4266,4267,0.3,86,16
4267,4268,0.3,86,17
4268,4269,0.3,86,18
4269,4270,0.3,86,19
4270,4271,0.3,86,20
4271,4272,0.3,86,21
4272,4273,0.3,86,22
4273,4274,0.3,86,23
4274,4275,0.3,86,24
4275,4276,0.3,86,25
4276,4277,0.3,86,26
4277,4278,0.3,86,27
4278,4279,0.3,86,28
4279,4280,0.3,86,29
4280,4281,0.3,86,30
4281,4282,0.3,86,31
4282,4283,0.3,86,32
4283,4284,0.3,86,33
4284,4285,0.3,86,34
4285,4286,0.3,86,35
4286,4287,0.3,86,36
4287,4288,0.3,86,37
4288,4289,0.3,86,38
4289,4290,0.3,86,39
4290,4291,0.3,86,40
4291,4292,0.3,86,41
4292,4293,0.3,86,42
4293,4294,0.3,86,43
4294,4295,0.3,86,44
4295,4296,0.3,86,45
4296,4297,0.3,86,46
4297,4298,0.3,86,47
4298,4299,0.3,86,48
4299,4300,0.3,86,49
4300,4301,0.3,87,0
4301,4302,0.3,87,1
4302,4303,0.3,87,2
4303,4304,0.3,87,3
4304,4305,0.3,87,4
4305,4306,0.3,87,5
4306,4307,0.3,87,6
4307,4308,0.3,87,7
4308,4309,0.3,87,8
4309,4310,0.3,87,9
4310,4311,0.3,87,10
4311,4312,0.3,87,11
4312,4313,0.3,87,12
4313,4314,0.3,87,13
4314,4315,0.3,87,14
4315,4316,0.3,87,15
4316,4317,0.3,87,16
4317,4318,0.3,87,17
4318,4319,0.3,87,18
4319,4320,0.3,87,19
4320,4321,0.3,87,20
4321,4322,0.3,87,21
4322,4323,0.3,87,22
4323,4324,0.3,87,23
4324,4325,0.3,87,24
4325,4326,0.3,87,25
4326,4327,0.3,87,26
4327,4328,0.3,87,27
4328,4329,0.3,87,28
4329,4330,0.3,87,29
4330,4331,0.3,87,30
4331,4332,0.3,87,31
4332,4333,0.3,87,32
4333,4334,0.3,87,33
4334,4335,0.3,87,34
4335,4336,0.3,87,35
4336,4337,0.3,87,36
4337,4338,0.3,87,37
4338,4339,0.3,87,38
4339,4340,0.3,87,39
4340,4341,0.3,87,40
4341,4342,0.3,87,41
4342,4343,0.3,87,42
4343,4344,0.3,87,43
4344,4345,0.3,87,44
4345,4346,0.3,87,45
4346,4347,0.3,87,46
4347,4348,0.3,87,47
4348,4349,0.3,87,48
4349,4350,0.3,87,49
4350,4351,0.3,88,0
4351,4352,0.3,88,1
4352,4353,0.3,88,2
4353,4354,0.3,88,3
4354,4355,0.3,88,4
4355,4356,0.3,88,5
4356,4357,0.3,88,6
4357,4358,0.3,88,7
4358,4359,0.3,88,8
4359,4360,0.3,88,9
4360,4361,0.3,88,10
4361,4362,0.3,88,11
4362,4363,0.3,88,12
4363,4364,0.3,88,13
4364,4365,0.3,88,14
4365,4366,0.3,88,15
4366,4367,0.3,88,16
4367,4368,0.3,88,17
4368,4369,0.3,88,18
4369,4370,0.3,88,19
4370,4371,0.3,88,20
4371,4372,0.3,88,21
4372,4373,0.3,88,22
4373,4374,0.3,88,23
4374,4375,0.3,88,24
4375,4376,0.3,88,25
4376,4377,0.3,88,26
4377,4378,0.3,88,27
4378,4379,0.3,88,28
4379,4380,0.3,88,29
4380,4381,0.3,88,30
4381,4382,0.3,88,31
4382,4383,0.3,88,32
4383,4384,0.3,88,33
4384,4385,0.3,88,34
4385,4386,0.3,88,35
4386,4387,0.3,88,36
4387,4388,0.3,88,37
4388,4389,0.3,88,38
4389,4390,0.3,88,39
4390,4391,0.3,88,40
4391,4392,0.3,88,41
4392,4393,0.3,88,42
4393,4394,0.3,88,43
4394,4395,0.3,88,44
4395,4396,0.3,88,45
4396,4397,0.3,88,46
4397,4398,0.3,88,47
4398,4399,0.3,88,48
4399,4400,0.3,88,49
4400,4401,0.3,89,0
4401,4402,0.3,89,1
4402,4403,0.3,89,2
4403,4404,0.3,89,3
4404,4405,0.3,89,4
4405,4406,0.3,89,5
4406,4407,0.3,89,6
4407,4408,0.3,89,7
4408,4409,0.3,89,8
4409,4410,0.3,89,9
4410,4411,0.3,89,10
4411,4412,0.3,89,11
4412,4413,0.3,89,12
4413,4414,0.3,89,13
4414,4415,0.3,89,14
4415,4416,0.3,89,15
4416,4417,0.3,89,16
4417,4418,0.3,89,17
4418,4419,0.3,89,18
4419,4420,0.3,89,19
4420,4421,0.3,89,20
4421,4422,0.3,89,21
4422,4423,0.3,89,22
4423,4424,0.3,89,23
4424,4425,0.3,89,24
4425,4426,0.3,89,25
4426,4427,0.3,89,26
4427,4428,0.3,89,27
4428,4429,0.3,89,28
4429,4430,0.3,89,29
4430,4431,0.3,89,30
4431,4432,0.3,89,31
4432,4433,0.3,89,32
4433,4434,0.3,89,33
4434,4435,0.3,89,34
4435,4436,0.3,89,35
4436,4437,0.3,89,36
4437,4438,0.3,89,37
4438,4439,0.3,89,38
4439,4440,0.3,89,39
4440,4441,0.3,89,40
4441,4442,0.3,89,41
4442,4443,0.3,89,42
4443,4444,0.3,89,43
4444,4445,0.3,89,44
4445,4446,0.3,89,45
4446,4447,0.3,89,46
4447,4448,0.3,89,47
4448,4449,0.3,89,48
4449,4450,0.3,89,49
4450,4451,0.3,90,0
4451,4452,0.3,90,1
4452,4453,0.3,90,2
4453,4454,0.3,90,3
4454,4455,0.3,90,4
4455,4456,0.3,90,5
4456,4457,0.3,90,6
4457,4458,0.3,90,7
4458,4459,0.3,90,8
4459,4460,0.3,90,9
4460,4461,0.3,90,10
4461,4462,0.3,90,11
4462,4463,0.3,90,12
4463,4464,0.3,90,13
4464,4465,0.3,90,14
4465,4466,0.3,90,15
4466,4467,0.3,90,16
4467,4468,0.3,90,17
4468,4469,0.3,90,18
4469,4470,0.3,90,19
4470,4471,0.3,90,20
4471,4472,0.3,90,21
4472,4473,0.3,90,22
4473,4474,0.3,90,23
4474,4475,0.3,90,24
4475,4476,0.3,90,25
4476,4477,0.3,90,26
4477,4478,0.3,90,27
4478,4479,0.3,90,28
4479,4480,0.3,90,29
4480,4481,0.3,90,30
4481,4482,0.3,90,31
4482,4483,0.3,90,32
4483,4484,0.3,90,33
4484,4485,0.3,90,34
4485,4486,0.3,90,35
4486,4487,0.3,90,36
4487,4488,0.3,90,37
4488,4489,0.3,90,38
4489,4490,0.3,90,39
4490,4491,0.3,90,40
4491,4492,0.3,90,41
4492,4493,0.3,90,42
4493,4494,0.3,90,43
4494,4495,0.3,90,44
4495,4496,0.3,90,45
4496,4497,0.3,90,46
4497,4498,0.3,90,47
4498,4499,0.3,90,48
4499,4500,0.3,90,49
4500,4501,0.3,91,0
4501,4502,0.3,91,1
4502,4503,0.3,91,2
4503,4504,0.3,91,3
4504,4505,0.3,91,4
4505,4506,0.3,91,5
4506,4507,0.3,91,6
4507,4508,0.3,91,7
4508,4509,0.3,91,8
4509,4510,0.3,91,9
4510,4511,0.3,91,10
4511,4512,0.3,91,11
4512,4513,0.3,91,12
4513,4514,0.3,91,13
4514,4515,0.3,91,14
4515,4516,0.3,91,15
4516,4517,0.3,91,16
4517,4518,0.3,91,17
4518,4519,0.3,91,18
4519,4520,0.3,91,19
4520,4521,0.3,91,20
4521,4522,0.3,91,21
4522,4523,0.3,91,22
4523,4524,0.3,91,23
4524,4525,0.3,91,24
4525,4526,0.3,91,25
4526,4527,0.3,91,26
4527,4528,0.3,91,27
4528,4529,0.3,91,28
4529,4530,0.3,91,29
4530,4531,0.3,91,30
4531,4532,0.3,91,31
4532,4533,0.3,91,32
4533,4534,0.3,91,33
4534,4535,0.3,91,34
4535,4536,0.3,91,35
4536,4537,0.3,91,36
4537,4538,0.3,91,37
4538,4539,0.3,91,38
4539,4540,0.3,91,39
4540,4541,0.3,91,40
4541,4542,0.3,91,41
4542,4543,0.3,91,42
4543,4544,0.3,91,43
4544,4545,0.3,91,44
4545,4546,0.3,91,45
4546,4547,0.3,91,46
4547,4548,0.3,91,47
4548,4549,0.3,91,48
4549,4550,0.3,91,49
4550,4551,0.3,92,0
4551,4552,0.3,92,1
4552,4553,0.3,92,2
4553,4554,0.3,92,3
4554,4555,0.3,92,4
4555,4556,0.3,92,5
4556,4557,0.3,92,6
4557,4558,0.3,92,7
4558,4559,0.3,92,8
4559,4560,0.3,92,9
4560,4561,0.3,92,10
4561,4562,0.3,92,11
4562,4563,0.3,92,12
4563,4564,0.3,92,13
4564,4565,0.3,92,14
4565,4566,0.3,92,15
4566,4567,0.3,92,16
4567,4568,0.3,92,17
4568,4569,0.3,92,18
4569,4570,0.3,92,19
4570,4571,0.3,92,20
4571,4572,0.3,92,21
4572,4573,0.3,92,22
4573,4574,0.3,92,23
4574,4575,0.3,92,24
4575,4576,0.3,92,25
4576,4577,0.3,92,26
4577,4578,0.3,92,27
4578,4579,0.3,92,28
4579,4580,0.3,92,29
4580,4581,0.3,92,30
4581,4582,0.3,92,31
4582,4583,0.3,92,32
4583,4584,0.3,92,33
4584,4585,0.3,92,34
4585,4586,0.3,92,35
4586,4587,0.3,92,36
4587,4588,0.3,92,37
4588,4589,0.3,92,38
4589,4590,0.3,92,39
4590,4591,0.3,92,40
4591,4592,0.3,92,41
4592,4593,0.3,92,42
4593,4594,0.3,92,43
4594,4595,0.3,92,44
4595,4596,0.3,92,45
4596,4597,0.3,92,46
4597,4598,0.3,92,47
4598,4599,0.3,92,48
4599,4600,0.3,92,49
4600,4601,0.3,93,0
4601,4602,0.3,93,1
4602,4603,0.3,93,2
4603,4604,0.3,93,3
4604,4605,0.3,93,4
4605,4606,0.3,93,5
4606,4607,0.3,93,6
4607,4608,0.3,93,7
4608,4609,0.3,93,8
4609,4610,0.3,93,9
4610,4611,0.3,93,10
4611,4612,0.3,93,11
4612,4613,0.3,93,12
4613,4614,0.3,93,13
4614,4615,0.3,93,14
4615,4616,0.3,93,15
4616,4617,0.3,93,16
4617,4618,0.3,93,17
4618,4619,0.3,93,18
4619,4620,0.3,93,19
4620,4621,0.3,93,20
4621,4622,0.3,93,21
4622,4623,0.3,93,22
4623,4624,0.3,93,23
4624,4625,0.3,93,24
4625,4626,0.3,93,25
4626,4627,0.3,93,26
4627,4628,0.3,93,27
4628,4629,0.3,93,28
4629,4630,0.3,93,29
4630,4631,0.3,93,30
4631,4632,0.3,93,31
4632,4633,0.3,93,32
4633,4634,0.3,93,33
4634,4635,0.3,93,34
4635,4636,0.3,93,35
4636,4637,0.3,93,36
4637,4638,0.3,93,37
4638,4639,0.3,93,38
4639,4640,0.3,93,39
4640,4641,0.3,93,40
4641,4642,0.3,93,41
4642,4643,0.3,93,42
4643,4644,0.3,93,43
4644,4645,0.3,93,44
4645,4646,0.3,93,45
4646,4647,0.3,93,46
4647,4648,0.3,93,47
4648,4649,0.3,93,48
4649,4650,0.3,93,49
4650,4651,0.3,94,0
4651,4652,0.3,94,1
4652,4653,0.3,94,2
4653,4654,0.3,94,3
4654,4655,0.3,94,4
4655,4656,0.3,94,5
4656,4657,0.3,94,6
4657,4658,0.3,94,7
4658,4659,0.3,94,8
4659,4660,0.3,94,9
4660,4661,0.3,94,10
4661,4662,0.3,94,11
4662,4663,0.3,94,12
4663,4664,0.3,94,13
4664,4665,0.3,94,14
4665,4666,0.3,94,15
4666,4667,0.3,94,16
4667,4668,0.3,94,17
4668,4669,0.3,94,18
4669,4670,0.3,94,19
4670,4671,0.3,94,20
4671,4672,0.3,94,21
4672,4673,0.3,94,22
4673,4674,0.3,94,23
4674,4675,0.3,94,24
4675,4676,0.3,94,25
4676,4677,0.3,94,26
4677,4678,0.3,94,27
4678,4679,0.3,94,28
4679,4680,0.3,94,29
4680,4681,0.3,94,30
4681,4682,0.3,94,31
4682,4683,0.3,94,32
4683,4684,0.3,94,33
4684,4685,0.3,94,34
4685,4686,0.3,94,35
4686,4687,0.3,94,36
4687,4688,0.3,94,37
4688,4689,0.3,94,38
4689,4690,0.3,94,39
4690,4691,0.3,94,40
4691,4692,0.3,94,41
4692,4693,0.3,94,42
4693,4694,0.3,94,43
4694,4695,0.3,94,44
4695,4696,0.3,94,45
4696,4697,0.3,94,46
4697,4698,0.3,94,47
4698,4699,0.3,94,48
4699,4700,0.3,94,49
4700,4701,0.3,95,0
4701,4702,0.3,95,1
4702,4703,0.3,95,2
4703,4704,0.3,95,3
4704,4705,0.3,95,4
4705,4706,0.3,95,5
4706,4707,0.3,95,6
4707,4708,0.3,95,7
4708,4709,0.3,95,8
4709,4710,0.3,95,9
4710,4711,0.3,95,10
4711,4712,0.3,95,11
4712,4713,0.3,95,12
4713,4714,0.3,95,13
4714,4715,0.3,95,14
4715,4716,0.3,95,15
4716,4717,0.3,95,16
4717,4718,0.3,95,17
4718,4719,0.3,95,18
4719,4720,0.3,95,19
4720,4721,0.3,95,20
4721,4722,0.3,95,21
4722,4723,0.3,95,22
4723,4724,0.3,95,23
4724,4725,0.3,95,24
4725,4726,0.3,95,25
4726,4727,0.3,95,26
4727,4728,0.3,95,27
4728,4729,0.3,95,28
4729,4730,0.3,95,29
4730,4731,0.3,95,30
4731,4732,0.3,95,31
4732,4733,0.3,95,32
4733,4734,0.3,95,33
4734,4735,0.3,95,34
4735,4736,0.3,95,35
4736,4737,0.3,95,36
4737,4738,0.3,95,37
4738,4739,0.3,95,38
4739,4740,0.3,95,39
4740,4741,0.3,95,40
4741,4742,0.3,95,41
4742,4743,0.3,95,42
4743,4744,0.3,95,43
4744,4745,0.3,95,44
4745,4746,0.3,95,45
4746,4747,0.3,95,46
4747,4748,0.3,95,47
4748,4749,0.3,95,48
4749,4750,0.3,95,49
4750,4751,0.3,96,0
4751,4752,0.3,96,1
4752,4753,0.3,96,2
4753,4754,0.3,96,3
4754,4755,0.3,96,4
4755,4756,0.3,96,5
4756,4757,0.3,96,6
4757,4758,0.3,96,7
4758,4759,0.3,96,8
4759,4760,0.3,96,9
4760,4761,0.3,96,10
4761,4762,0.3,96,11
4762,4763,0.3,96,12
4763,4764,0.3,96,13
4764,4765,0.3,96,14
4765,4766,0.3,96,15
4766,4767,0.3,96,16
4767,4768,0.3,96,17
4768,4769,0.3,96,18
4769,4770,0.3,96,19
4770,4771,0.3,96,20
4771,4772,0.3,96,21
4772,4773,0.3,96,22
4773,4774,0.3,96,23
4774,4775,0.3,96,24
4775,4776,0.3,96,25
4776,4777,0.3,96,26
4777,4778,0.3,96,27
4778,4779,0.3,96,28
4779,4780,0.3,96,29
4780,4781,0.3,96,30
4781,4782,0.3,96,31
4782,4783,0.3,96,32
4783,4784,0.3,96,33
4784,4785,0.3,96,34
4785,4786,0.3,96,35
4786,4787,0.3,96,36
4787,4788,0.3,96,37
4788,4789,0.3,96,38
4789,4790,0.3,96,39
4790,4791,0.3,96,40
4791,4792,0.3,96,41
4792,4793,0.3,96,42
4793,4794,0.3,96,43
4794,4795,0.3,96,44
4795,4796,0.3,96,45
4796,4797,0.3,96,46
4797,4798,0.3,96,47
4798,4799,0.3,96,48
4799,4800,0.3,96,49
4800,4801,0.3,97,0
4801,4802,0.3,97,1
4802,4803,0.3,97,2
4803,4804,0.3,97,3
4804,4805,0.3,97,4
4805,4806,0.3,97,5
4806,4807,0.3,97,6
4807,4808,0.3,97,7
4808,4809,0.3,97,8
4809,4810,0.3,97,9
4810,4811,0.3,97,10
4811,4812,0.3,97,11
4812,4813,0.3,97,12
4813,4814,0.3,97,13
4814,4815,0.3,97,14
4815,4816,0.3,97,15
4816,4817,0.3,97,16
4817,4818,0.3,97,17
4818,4819,0.3,97,18
4819,4820,0.3,97,19
4820,4821,0.3,97,20
4821,4822,0.3,97,21
4822,4823,0.3,97,22
4823,4824,0.3,97,23
4824,4825,0.3,97,24
4825,4826,0.3,97,25
4826,4827,0.3,97,26
4827,4828,0.3,97,27
4828,4829,0.3,97,28
4829,4830,0.3,97,29
4830,4831,0.3,97,30
4831,4832,0.3,97,31
4832,4833,0.3,97,32
4833,4834,0.3,97,33
4834,4835,0.3,97,34
4835,4836,0.3,97,35
4836,4837,0.3,97,36
4837,4838,0.3,97,37
4838,4839,0.3,97,38
4839,4840,0.3,97,39
4840,4841,0.3,97,40
4841,4842,0.3,97,41
4842,4843,0.3,97,42
4843,4844,0.3,97,43
4844,4845,0.3,97,44
4845,4846,0.3,97,45
4846,4847,0.3,97,46
4847,4848,0.3,97,47
4848,4849,0.3,97,48
4849,4850,0.3,97,49
4850,4851,0.3,98,0
4851,4852,0.3,98,1
4852,4853,0.3,98,2
4853,4854,0.3,98,3
4854,4855,0.3,98,4
4855,4856,0.3,98,5
4856,4857,0.3,98,6
4857,4858,0.3,98,7
4858,4859,0.3,98,8
4859,4860,0.3,98,9
4860,4861,0.3,98,10
4861,4862,0.3,98,11
4862,4863,0.3,98,12
4863,4864,0.3,98,13
4864,4865,0.3,98,14
4865,4866,0.3,98,15
4866,4867,0.3,98,16
4867,4868,0.3,98,17
4868,4869,0.3,98,18
4869,4870,0.3,98,19
4870,4871,0.3,98,20
4871,4872,0.3,98,21
4872,4873,0.3,98,22
4873,4874,0.3,98,23
4874,4875,0.3,98,24
4875,4876,0.3,98,25
4876,4877,0.3,98,26
4877,4878,0.3,98,27
4878,4879,0.3,98,28
4879,4880,0.3,98,29
4880,4881,0.3,98,30
4881,4882,0.3,98,31
4882,4883,0.3,98,32
4883,4884,0.3,98,33
4884,4885,0.3,98,34
4885,4886,0.3,98,35
4886,4887,0.3,98,36
4887,4888,0.3,98,37
4888,4889,0.3,98,38
4889,4890,0.3,98,39
4890,4891,0.3,98,40
4891,4892,0.3,98,41
4892,4893,0.3,98,42
4893,4894,0.3,98,43
4894,4895,0.3,98,44
4895,4896,0.3,98,45
4896,4897,0.3,98,46
4897,4898,0.3,98,47
4898,4899,0.3,98,48
4899,4900,0.3,98,49
4900,4901,0.3,99,0
4901,4902,0.3,99,1
4902,4903,0.3,99,2
4903,4904,0.3,99,3
4904,4905,0.3,99,4
4905,4906,0.3,99,5
4906,4907,0.3,99,6
4907,4908,0.3,99,7
4908,4909,0.3,99,8
4909,4910,0.3,99,9
4910,4911,0.3,99,10
4911,4912,0.3,99,11
4912,4913,0.3,99,12
4913,4914,0.3,99,13
4914,4915,0.3,99,14
4915,4916,0.3,99,15
4916,4917,0.3,99,16
4917,4918,0.3,99,17
4918,4919,0.3,99,18
4919,4920,0.3,99,19
4920,4921,0.3,99,20
4921,4922,0.3,99,21
4922,4923,0.3,99,22
4923,4924,0.3,99,23
4924,4925,0.3,99,24
4925,4926,0.3,99,25
4926,4927,0.3,99,26
4927,4928,0.3,99,27
4928,4929,0.3,99,28
4929,4930,0.3,99,29
4930,4931,0.3,99,30
4931,4932,0.3,99,31
4932,4933,0.3,99,32
4933,4934,0.3,99,33
4934,4935,0.3,99,34
4935,4936,0.3,99,35
4936,4937,0.3,99,36
4937,4938,0.3,99,37
4938,4939,0.3,99,38
4939,4940,0.3,99,39
4940,4941,0.3,99,40
4941,4942,0.3,99,41
4942,4943,0.3,99,42
4943,4944,0.3,99,43
4944,4945,0.3,99,44
4945,4946,0.3,99,45
4946,4947,0.3,99,46
4947,4948,0.3,99,47
4948,4949,0.3,99,48
4949,4950,0.3,99,49
4950,4951,0.3,100,0
4951,4952,0.3,100,1
4952,4953,0.3,100,2
4953,4954,0.3,100,3
4954,4955,0.3,100,4
4955,4956,0.3,100,5
4956,4957,0.3,100,6
4957,4958,0.3,100,7
4958,4959,0.3,100,8
4959,4960,0.3,100,9
4960,4961,0.3,100,10
4961,4962,0.3,100,11
4962,4963,0.3,100,12
4963,4964,0.3,100,13
4964,4965,0.3,100,14
4965,4966,0.3,100,15
4966,4967,0.3,100,16
4967,4968,0.3,100,17
4968,4969,0.3,100,18
4969,4970,0.3,100,19
4970,4971,0.3,100,20
4971,4972,0.3,100,21
4972,4973,0.3,100,22
4973,4974,0.3,100,23
4974,4975,0.3,100,24
4975,4976,0.3,100,25
4976,4977,0.3,100,26
4977,4978,0.3,100,27
4978,4979,0.3,100,28
4979,4980,0.3,100,29
4980,4981,0.3,100,30
4981,4982,0.3,100,31
4982,4983,0.3,100,32
4983,4984,0.3,100,33
4984,4985,0.3,100,34
4985,4986,0.3,100,35
4986,4987,0.3,100,36
4987,4988,0.3,100,37
4988,4989,0.3,100,38
4989,4990,0.3,100,39
4990,4991,0.3,100,40
4991,4992,0.3,100,41
4992,4993,0.3,100,42
4993,4994,0.3,100,43
4994,4995,0.3,100,44
4995,4996,0.3,100,45
4996,4997,0.3,100,46
4997,4998,0.3,100,47
4998,4999,0.3,100,48
4999,5000,0.3,100,49
0,1,0.5,1,0
1,2,0.5,1,1
2,3,0.5,1,2
3,4,0.5,1,3
4,5,0.5,1,4
5,6,0.5,1,5
6,7,0.5,1,6
7,8,0.5,1,7
8,9,0.5,1,8
9,10,0.5,1,9
10,11,0.5,1,10
11,12,0.5,1,11
12,13,0.5,1,12
13,14,0.5,1,13
14,15,0.5,1,14
15,16,0.5,1,15
16,17,0.5,1,16
17,18,0.5,1,17
18,19,0.5,1,18
19,20,0.5,1,19
20,21,0.5,1,20
21,22,0.5,1,21
22,23,0.5,1,22
23,24,0.5,1,23
24,25,0.5,1,24
25,26,0.5,1,25
26,27,0.5,1,26
27,28,0.5,1,27
28,29,0.5,1,28
29,30,0.5,1,29
30,31,0.5,1,30
31,32,0.5,1,31
32,33,0.5,1,32
33,34,0.5,1,33
34,35,0.5,1,34
35,36,0.5,1,35
36,37,0.5,1,36
37,38,0.5,1,37
38,39,0.5,1,38
39,40,0.5,1,39
40,41,0.5,1,40
41,42,0.5,1,41
42,43,0.5,1,42
43,44,0.5,1,43
44,45,0.5,1,44
45,46,0.5,1,45
46,47,0.5,1,46
47,48,0.5,1,47
48,49,0.5,1,48
49,50,0.5,1,49
50,51,0.5,2,0
51,52,0.5,2,1
52,53,0.5,2,2
53,54,0.5,2,3
54,55,0.5,2,4
55,56,0.5,2,5
56,57,0.5,2,6
57,58,0.5,2,7
58,59,0.5,2,8
59,60,0.5,2,9
60,61,0.5,2,10
61,62,0.5,2,11
62,63,0.5,2,12
63,64,0.5,2,13
64,65,0.5,2,14
65,66,0.5,2,15
66,67,0.5,2,16
67,68,0.5,2,17
68,69,0.5,2,18
69,70,0.5,2,19
70,71,0.5,2,20
71,72,0.5,2,21
72,73,0.5,2,22
73,74,0.5,2,23
74,75,0.5,2,24
75,76,0.5,2,25
76,77,0.5,2,26
77,78,0.5,2,27
78,79,0.5,2,28
79,80,0.5,2,29
80,81,0.5,2,30
81,82,0.5,2,31
82,83,0.5,2,32
83,84,0.5,2,33
84,85,0.5,2,34
85,86,0.5,2,35
86,87,0.5,2,36
87,88,0.5,2,37
88,89,0.5,2,38
89,90,0.5,2,39
90,91,0.5,2,40
91,92,0.5,2,41
92,93,0.5,2,42
93,94,0.5,2,43
94,95,0.5,2,44
95,96,0.5,2,45
96,97,0.5,2,46
97,98,0.5,2,47
98,99,0.5,2,48
99,100,0.5,2,49
100,101,0.5,3,0
101,102,0.5,3,1
102,103,0.5,3,2
103,104,0.5,3,3
104,105,0.5,3,4
105,106,0.5,3,5
106,107,0.5,3,6
107,108,0.5,3,7
108,109,0.5,3,8
109,110,0.5,3,9
110,111,0.5,3,10
111,112,0.5,3,11
112,113,0.5,3,12
113,114,0.5,3,13
114,115,0.5,3,14
115,116,0.5,3,15
116,117,0.5,3,16
117,118,0.5,3,17
118,119,0.5,3,18
119,120,0.5,3,19
120,121,0.5,3,20
121,122,0.5,3,21
122,123,0.5,3,22
123,124,0.5,3,23
124,125,0.5,3,24
125,126,0.5,3,25
126,127,0.5,3,26
127,128,0.5,3,27
128,129,0.5,3,28
129,130,0.5,3,29
130,131,0.5,3,30
131,132,0.5,3,31
132,133,0.5,3,32
133,134,0.5,3,33
134,135,0.5,3,34
135,136,0.5,3,35
136,137,0.5,3,36
137,138,0.5,3,37
138,139,0.5,3,38
139,140,0.5,3,39
140,141,0.5,3,40
141,142,0.5,3,41
142,143,0.5,3,42
143,144,0.5,3,43
144,145,0.5,3,44
145,146,0.5,3,45
146,147,0.5,3,46
147,148,0.5,3,47
148,149,0.5,3,48
149,150,0.5,3,49
150,151,0.5,4,0
151,152,0.5,4,1
152,153,0.5,4,2
153,154,0.5,4,3
154,155,0.5,4,4
155,156,0.5,4,5
156,157,0.5,4,6
157,158,0.5,4,7
158,159,0.5,4,8
159,160,0.5,4,9
160,161,0.5,4,10
161,162,0.5,4,11
162,163,0.5,4,12
163,164,0.5,4,13
164,165,0.5,4,14
165,166,0.5,4,15
166,167,0.5,4,16
167,168,0.5,4,17
168,169,0.5,4,18
169,170,0.5,4,19
170,171,0.5,4,20
171,172,0.5,4,21
172,173,0.5,4,22
173,174,0.5,4,23
174,175,0.5,4,24
175,176,0.5,4,25
176,177,0.5,4,26
177,178,0.5,4,27
178,179,0.5,4,28
179,180,0.5,4,29
180,181,0.5,4,30
181,182,0.5,4,31
182,183,0.5,4,32
183,184,0.5,4,33
184,185,0.5,4,34
185,186,0.5,4,35
186,187,0.5,4,36
187,188,0.5,4,37
188,189,0.5,4,38
189,190,0.5,4,39
190,191,0.5,4,40
191,192,0.5,4,41
192,193,0.5,4,42
193,194,0.5,4,43
194,195,0.5,4,44
195,196,0.5,4,45
196,197,0.5,4,46
197,198,0.5,4,47
198,199,0.5,4,48
199,200,0.5,4,49
200,201,0.5,5,0
201,202,0.5,5,1
202,203,0.5,5,2
203,204,0.5,5,3
204,205,0.5,5,4
205,206,0.5,5,5
206,207,0.5,5,6
207,208,0.5,5,7
208,209,0.5,5,8
209,210,0.5,5,9
210,211,0.5,5,10
211,212,0.5,5,11
212,213,0.5,5,12
213,214,0.5,5,13
214,215,0.5,5,14
215,216,0.5,5,15
216,217,0.5,5,16
217,218,0.5,5,17
218,219,0.5,5,18
219,220,0.5,5,19
220,221,0.5,5,20
221,222,0.5,5,21
222,223,0.5,5,22
223,224,0.5,5,23
224,225,0.5,5,24
225,226,0.5,5,25
226,227,0.5,5,26
227,228,0.5,5,27
228,229,0.5,5,28
229,230,0.5,5,29
230,231,0.5,5,30
231,232,0.5,5,31
232,233,0.5,5,32
233,234,0.5,5,33
234,235,0.5,5,34
235,236,0.5,5,35
236,237,0.5,5,36
237,238,0.5,5,37
238,239,0.5,5,38
239,240,0.5,5,39
240,241,0.5,5,40
241,242,0.5,5,41
242,243,0.5,5,42
243,244,0.5,5,43
244,245,0.5,5,44
245,246,0.5,5,45
246,247,0.5,5,46
247,248,0.5,5,47
248,249,0.5,5,48
249,250,0.5,5,49
250,251,0.5,6,0
251,252,0.5,6,1
252,253,0.5,6,2
253,254,0.5,6,3
254,255,0.5,6,4
255,256,0.5,6,5
256,257,0.5,6,6
257,258,0.5,6,7
258,259,0.5,6,8
259,260,0.5,6,9
260,261,0.5,6,10
261,262,0.5,6,11
262,263,0.5,6,12
263,264,0.5,6,13
264,265,0.5,6,14
265,266,0.5,6,15
266,267,0.5,6,16
267,268,0.5,6,17
268,269,0.5,6,18
269,270,0.5,6,19
270,271,0.5,6,20
271,272,0.5,6,21
272,273,0.5,6,22
273,274,0.5,6,23
274,275,0.5,6,24
275,276,0.5,6,25
276,277,0.5,6,26
277,278,0.5,6,27
278,279,0.5,6,28
279,280,0.5,6,29
280,281,0.5,6,30
281,282,0.5,6,31
282,283,0.5,6,32
283,284,0.5,6,33
284,285,0.5,6,34
285,286,0.5,6,35
286,287,0.5,6,36
287,288,0.5,6,37
288,289,0.5,6,38
289,290,0.5,6,39
290,291,0.5,6,40
291,292,0.5,6,41
292,293,0.5,6,42
293,294,0.5,6,43
294,295,0.5,6,44
295,296,0.5,6,45
296,297,0.5,6,46
297,298,0.5,6,47
298,299,0.5,6,48
299,300,0.5,6,49
300,301,0.5,7,0
301,302,0.5,7,1
302,303,0.5,7,2
303,304,0.5,7,3
304,305,0.5,7,4
305,306,0.5,7,5
306,307,0.5,7,6
307,308,0.5,7,7
308,309,0.5,7,8
309,310,0.5,7,9
310,311,0.5,7,10
311,312,0.5,7,11
312,313,0.5,7,12
313,314,0.5,7,13
314,315,0.5,7,14
315,316,0.5,7,15
316,317,0.5,7,16
317,318,0.5,7,17
318,319,0.5,7,18
319,320,0.5,7,19
320,321,0.5,7,20
321,322,0.5,7,21
322,323,0.5,7,22
323,324,0.5,7,23
324,325,0.5,7,24
325,326,0.5,7,25
326,327,0.5,7,26
327,328,0.5,7,27
328,329,0.5,7,28
329,330,0.5,7,29
330,331,0.5,7,30
331,332,0.5,7,31
332,333,0.5,7,32
333,334,0.5,7,33
334,335,0.5,7,34
335,336,0.5,7,35
336,337,0.5,7,36
337,338,0.5,7,37
338,339,0.5,7,38
339,340,0.5,7,39
340,341,0.5,7,40
341,342,0.5,7,41
342,343,0.5,7,42
343,344,0.5,7,43
344,345,0.5,7,44
345,346,0.5,7,45
346,347,0.5,7,46
347,348,0.5,7,47
348,349,0.5,7,48
349,350,0.5,7,49
350,351,0.5,8,0
351,352,0.5,8,1
352,353,0.5,8,2
353,354,0.5,8,3
354,355,0.5,8,4
355,356,0.5,8,5
356,357,0.5,8,6
357,358,0.5,8,7
358,359,0.5,8,8
359,360,0.5,8,9
360,361,0.5,8,10
361,362,0.5,8,11
362,363,0.5,8,12
363,364,0.5,8,13
364,365,0.5,8,14
365,366,0.5,8,15
366,367,0.5,8,16
367,368,0.5,8,17
368,369,0.5,8,18
369,370,0.5,8,19
370,371,0.5,8,20
371,372,0.5,8,21
372,373,0.5,8,22
373,374,0.5,8,23
374,375,0.5,8,24
375,376,0.5,8,25
376,377,0.5,8,26
377,378,0.5,8,27
378,379,0.5,8,28
379,380,0.5,8,29
380,381,0.5,8,30
381,382,0.5,8,31
382,383,0.5,8,32
383,384,0.5,8,33
384,385,0.5,8,34
385,386,0.5,8,35
386,387,0.5,8,36
387,388,0.5,8,37
388,389,0.5,8,38
389,390,0.5,8,39
390,391,0.5,8,40
391,392,0.5,8,41
392,393,0.5,8,42
393,394,0.5,8,43
394,395,0.5,8,44
395,396,0.5,8,45
396,397,0.5,8,46
397,398,0.5,8,47
398,399,0.5,8,48
399,400,0.5,8,49
400,401,0.5,9,0
401,402,0.5,9,1
402,403,0.5,9,2
403,404,0.5,9,3
404,405,0.5,9,4
405,406,0.5,9,5
406,407,0.5,9,6
407,408,0.5,9,7
408,409,0.5,9,8
409,410,0.5,9,9
410,411,0.5,9,10
411,412,0.5,9,11
412,413,0.5,9,12
413,414,0.5,9,13
414,415,0.5,9,14
415,416,0.5,9,15
416,417,0.5,9,16
417,418,0.5,9,17
418,419,0.5,9,18
419,420,0.5,9,19
420,421,0.5,9,20
421,422,0.5,9,21
422,423,0.5,9,22
423,424,0.5,9,23
424,425,0.5,9,24
425,426,0.5,9,25
426,427,0.5,9,26
427,428,0.5,9,27
428,429,0.5,9,28
429,430,0.5,9,29
430,431,0.5,9,30
431,432,0.5,9,31
432,433,0.5,9,32
433,434,0.5,9,33
434,435,0.5,9,34
435,436,0.5,9,35
436,437,0.5,9,36
437,438,0.5,9,37
438,439,0.5,9,38
439,440,0.5,9,39
440,441,0.5,9,40
441,442,0.5,9,41
442,443,0.5,9,42
443,444,0.5,9,43
444,445,0.5,9,44
445,446,0.5,9,45
446,447,0.5,9,46
447,448,0.5,9,47
448,449,0.5,9,48
449,450,0.5,9,49
450,451,0.5,10,0
451,452,0.5,10,1
452,453,0.5,10,2
453,454,0.5,10,3
454,455,0.5,10,4
455,456,0.5,10,5
456,457,0.5,10,6
457,458,0.5,10,7
458,459,0.5,10,8
459,460,0.5,10,9
460,461,0.5,10,10
461,462,0.5,10,11
462,463,0.5,10,12
463,464,0.5,10,13
464,465,0.5,10,14
465,466,0.5,10,15
466,467,0.5,10,16
467,468,0.5,10,17
468,469,0.5,10,18
469,470,0.5,10,19
470,471,0.5,10,20
471,472,0.5,10,21
472,473,0.5,10,22
473,474,0.5,10,23
474,475,0.5,10,24
475,476,0.5,10,25
476,477,0.5,10,26
477,478,0.5,10,27
478,479,0.5,10,28
479,480,0.5,10,29
480,481,0.5,10,30
481,482,0.5,10,31
482,483,0.5,10,32
483,484,0.5,10,33
484,485,0.5,10,34
485,486,0.5,10,35
486,487,0.5,10,36
487,488,0.5,10,37
488,489,0.5,10,38
489,490,0.5,10,39
490,491,0.5,10,40
491,492,0.5,10,41
492,493,0.5,10,42
493,494,0.5,10,43
494,495,0.5,10,44
495,496,0.5,10,45
496,497,0.5,10,46
497,498,0.5,10,47
498,499,0.5,10,48
499,500,0.5,10,49
500,501,0.5,11,0
501,502,0.5,11,1
502,503,0.5,11,2
503,504,0.5,11,3
504,505,0.5,11,4
505,506,0.5,11,5
506,507,0.5,11,6
507,508,0.5,11,7
508,509,0.5,11,8
509,510,0.5,11,9
510,511,0.5,11,10
511,512,0.5,11,11
512,513,0.5,11,12
513,514,0.5,11,13
514,515,0.5,11,14
515,516,0.5,11,15
516,517,0.5,11,16
517,518,0.5,11,17
518,519,0.5,11,18
519,520,0.5,11,19
520,521,0.5,11,20
521,522,0.5,11,21
522,523,0.5,11,22
523,524,0.5,11,23
524,525,0.5,11,24
525,526,0.5,11,25
526,527,0.5,11,26
527,528,0.5,11,27
528,529,0.5,11,28
529,530,0.5,11,29
530,531,0.5,11,30
531,532,0.5,11,31
532,533,0.5,11,32
533,534,0.5,11,33
534,535,0.5,11,34
535,536,0.5,11,35
536,537,0.5,11,36
537,538,0.5,11,37
538,539,0.5,11,38
539,540,0.5,11,39
540,541,0.5,11,40
541,542,0.5,11,41
542,543,0.5,11,42
543,544,0.5,11,43
544,545,0.5,11,44
545,546,0.5,11,45
546,547,0.5,11,46
547,548,0.5,11,47
548,549,0.5,11,48
549,550,0.5,11,49
550,551,0.5,12,0
551,552,0.5,12,1
552,553,0.5,12,2
553,554,0.5,12,3
554,555,0.5,12,4
555,556,0.5,12,5
556,557,0.5,12,6
557,558,0.5,12,7
558,559,0.5,12,8
559,560,0.5,12,9
560,561,0.5,12,10
561,562,0.5,12,11
562,563,0.5,12,12
563,564,0.5,12,13
564,565,0.5,12,14
565,566,0.5,12,15
566,567,0.5,12,16
567,568,0.5,12,17
568,569,0.5,12,18
569,570,0.5,12,19
570,571,0.5,12,20
571,572,0.5,12,21
572,573,0.5,12,22
573,574,0.5,12,23
574,575,0.5,12,24
575,576,0.5,12,25
576,577,0.5,12,26
577,578,0.5,12,27
578,579,0.5,12,28
579,580,0.5,12,29
580,581,0.5,12,30
581,582,0.5,12,31
582,583,0.5,12,32
583,584,0.5,12,33
584,585,0.5,12,34
585,586,0.5,12,35
586,587,0.5,12,36
587,588,0.5,12,37
588,589,0.5,12,38
589,590,0.5,12,39
590,591,0.5,12,40
591,592,0.5,12,41
592,593,0.5,12,42
593,594,0.5,12,43
594,595,0.5,12,44
595,596,0.5,12,45
596,597,0.5,12,46
597,598,0.5,12,47
598,599,0.5,12,48
599,600,0.5,12,49
600,601,0.5,13,0
601,602,0.5,13,1
602,603,0.5,13,2
603,604,0.5,13,3
604,605,0.5,13,4
605,606,0.5,13,5
606,607,0.5,13,6
607,608,0.5,13,7
608,609,0.5,13,8
609,610,0.5,13,9
610,611,0.5,13,10
611,612,0.5,13,11
612,613,0.5,13,12
613,614,0.5,13,13
614,615,0.5,13,14
615,616,0.5,13,15
616,617,0.5,13,16
617,618,0.5,13,17
618,619,0.5,13,18
619,620,0.5,13,19
620,621,0.5,13,20
621,622,0.5,13,21
622,623,0.5,13,22
623,624,0.5,13,23
624,625,0.5,13,24
625,626,0.5,13,25
626,627,0.5,13,26
627,628,0.5,13,27
628,629,0.5,13,28
629,630,0.5,13,29
630,631,0.5,13,30
631,632,0.5,13,31
632,633,0.5,13,32
633,634,0.5,13,33
634,635,0.5,13,34
635,636,0.5,13,35
636,637,0.5,13,36
637,638,0.5,13,37
638,639,0.5,13,38
639,640,0.5,13,39
640,641,0.5,13,40
641,642,0.5,13,41
642,643,0.5,13,42
643,644,0.5,13,43
644,645,0.5,13,44
645,646,0.5,13,45
646,647,0.5,13,46
647,648,0.5,13,47
648,649,0.5,13,48
649,650,0.5,13,49
650,651,0.5,14,0
651,652,0.5,14,1
652,653,0.5,14,2
653,654,0.5,14,3
654,655,0.5,14,4
655,656,0.5,14,5
656,657,0.5,14,6
657,658,0.5,14,7
658,659,0.5,14,8
659,660,0.5,14,9
660,661,0.5,14,10
661,662,0.5,14,11
662,663,0.5,14,12
663,664,0.5,14,13
664,665,0.5,14,14
665,666,0.5,14,15
666,667,0.5,14,16
667,668,0.5,14,17
668,669,0.5,14,18
669,670,0.5,14,19
670,671,0.5,14,20
671,672,0.5,14,21
672,673,0.5,14,22
673,674,0.5,14,23
674,675,0.5,14,24
675,676,0.5,14,25
676,677,0.5,14,26
677,678,0.5,14,27
678,679,0.5,14,28
679,680,0.5,14,29
680,681,0.5,14,30
681,682,0.5,14,31
682,683,0.5,14,32
683,684,0.5,14,33
684,685,0.5,14,34
685,686,0.5,14,35
686,687,0.5,14,36
687,688,0.5,14,37
688,689,0.5,14,38
689,690,0.5,14,39
690,691,0.5,14,40
691,692,0.5,14,41
692,693,0.5,14,42
693,694,0.5,14,43
694,695,0.5,14,44
695,696,0.5,14,45
696,697,0.5,14,46
697,698,0.5,14,47
698,699,0.5,14,48
699,700,0.5,14,49
700,701,0.5,15,0
701,702,0.5,15,1
702,703,0.5,15,2
703,704,0.5,15,3
704,705,0.5,15,4
705,706,0.5,15,5
706,707,0.5,15,6
707,708,0.5,15,7
708,709,0.5,15,8
709,710,0.5,15,9
710,711,0.5,15,10
711,712,0.5,15,11
712,713,0.5,15,12
713,714,0.5,15,13
714,715,0.5,15,14
715,716,0.5,15,15
716,717,0.5,15,16
717,718,0.5,15,17
718,719,0.5,15,18
719,720,0.5,15,19
720,721,0.5,15,20
721,722,0.5,15,21
722,723,0.5,15,22
723,724,0.5,15,23
724,725,0.5,15,24
725,726,0.5,15,25
726,727,0.5,15,26
727,728,0.5,15,27
728,729,0.5,15,28
729,730,0.5,15,29
730,731,0.5,15,30
731,732,0.5,15,31
732,733,0.5,15,32
733,734,0.5,15,33
734,735,0.5,15,34
735,736,0.5,15,35
736,737,0.5,15,36
737,738,0.5,15,37
738,739,0.5,15,38
739,740,0.5,15,39
740,741,0.5,15,40
741,742,0.5,15,41
742,743,0.5,15,42
743,744,0.5,15,43
744,745,0.5,15,44
745,746,0.5,15,45
746,747,0.5,15,46
747,748,0.5,15,47
748,749,0.5,15,48
749,750,0.5,15,49
750,751,0.5,16,0
751,752,0.5,16,1
752,753,0.5,16,2
753,754,0.5,16,3
754,755,0.5,16,4
755,756,0.5,16,5
756,757,0.5,16,6
757,758,0.5,16,7
758,759,0.5,16,8
759,760,0.5,16,9
760,761,0.5,16,10
761,762,0.5,16,11
762,763,0.5,16,12
763,764,0.5,16,13
764,765,0.5,16,14
765,766,0.5,16,15
766,767,0.5,16,16
767,768,0.5,16,17
768,769,0.5,16,18
769,770,0.5,16,19
770,771,0.5,16,20
771,772,0.5,16,21
772,773,0.5,16,22
773,774,0.5,16,23
774,775,0.5,16,24
775,776,0.5,16,25
776,777,0.5,16,26
777,778,0.5,16,27
778,779,0.5,16,28
779,780,0.5,16,29
780,781,0.5,16,30
781,782,0.5,16,31
782,783,0.5,16,32
783,784,0.5,16,33
784,785,0.5,16,34
785,786,0.5,16,35
786,787,0.5,16,36
787,788,0.5,16,37
788,789,0.5,16,38
789,790,0.5,16,39
790,791,0.5,16,40
791,792,0.5,16,41
792,793,0.5,16,42
793,794,0.5,16,43
794,795,0.5,16,44
795,796,0.5,16,45
796,797,0.5,16,46
797,798,0.5,16,47
798,799,0.5,16,48
799,800,0.5,16,49
800,801,0.5,17,0
801,802,0.5,17,1
802,803,0.5,17,2
803,804,0.5,17,3
804,805,0.5,17,4
805,806,0.5,17,5
806,807,0.5,17,6
807,808,0.5,17,7
808,809,0.5,17,8
809,810,0.5,17,9
810,811,0.5,17,10
811,812,0.5,17,11
812,813,0.5,17,12
813,814,0.5,17,13
814,815,0.5,17,14
815,816,0.5,17,15
816,817,0.5,17,16
817,818,0.5,17,17
818,819,0.5,17,18
819,820,0.5,17,19
820,821,0.5,17,20
821,822,0.5,17,21
822,823,0.5,17,22
823,824,0.5,17,23
824,825,0.5,17,24
825,826,0.5,17,25
826,827,0.5,17,26
827,828,0.5,17,27
828,829,0.5,17,28
829,830,0.5,17,29
830,831,0.5,17,30
831,832,0.5,17,31
832,833,0.5,17,32
833,834,0.5,17,33
834,835,0.5,17,34
835,836,0.5,17,35
836,837,0.5,17,36
837,838,0.5,17,37
838,839,0.5,17,38
839,840,0.5,17,39
840,841,0.5,17,40
841,842,0.5,17,41
842,843,0.5,17,42
843,844,0.5,17,43
844,845,0.5,17,44
845,846,0.5,17,45
846,847,0.5,17,46
847,848,0.5,17,47
848,849,0.5,17,48
849,850,0.5,17,49
850,851,0.5,18,0
851,852,0.5,18,1
852,853,0.5,18,2
853,854,0.5,18,3
854,855,0.5,18,4
855,856,0.5,18,5
856,857,0.5,18,6
857,858,0.5,18,7
858,859,0.5,18,8
859,860,0.5,18,9
860,861,0.5,18,10
861,862,0.5,18,11
862,863,0.5,18,12
863,864,0.5,18,13
864,865,0.5,18,14
865,866,0.5,18,15
866,867,0.5,18,16
867,868,0.5,18,17
868,869,0.5,18,18
869,870,0.5,18,19
870,871,0.5,18,20
871,872,0.5,18,21
872,873,0.5,18,22
873,874,0.5,18,23
874,875,0.5,18,24
875,876,0.5,18,25
876,877,0.5,18,26
877,878,0.5,18,27
878,879,0.5,18,28
879,880,0.5,18,29
880,881,0.5,18,30
881,882,0.5,18,31
882,883,0.5,18,32
883,884,0.5,18,33
884,885,0.5,18,34
885,886,0.5,18,35
886,887,0.5,18,36
887,888,0.5,18,37
888,889,0.5,18,38
889,890,0.5,18,39
890,891,0.5,18,40
891,892,0.5,18,41
892,893,0.5,18,42
893,894,0.5,18,43
894,895,0.5,18,44
895,896,0.5,18,45
896,897,0.5,18,46
897,898,0.5,18,47
898,899,0.5,18,48
899,900,0.5,18,49
900,901,0.5,19,0
901,902,0.5,19,1
902,903,0.5,19,2
903,904,0.5,19,3
904,905,0.5,19,4
905,906,0.5,19,5
906,907,0.5,19,6
907,908,0.5,19,7
908,909,0.5,19,8
909,910,0.5,19,9
910,911,0.5,19,10
911,912,0.5,19,11
912,913,0.5,19,12
913,914,0.5,19,13
914,915,0.5,19,14
915,916,0.5,19,15
916,917,0.5,19,16
917,918,0.5,19,17
918,919,0.5,19,18
919,920,0.5,19,19
920,921,0.5,19,20
921,922,0.5,19,21
922,923,0.5,19,22
923,924,0.5,19,23
924,925,0.5,19,24
925,926,0.5,19,25
926,927,0.5,19,26
927,928,0.5,19,27
928,929,0.5,19,28
929,930,0.5,19,29
930,931,0.5,19,30
931,932,0.5,19,31
932,933,0.5,19,32
933,934,0.5,19,33
934,935,0.5,19,34
935,936,0.5,19,35
936,937,0.5,19,36
937,938,0.5,19,37
938,939,0.5,19,38
939,940,0.5,19,39
940,941,0.5,19,40
941,942,0.5,19,41
942,943,0.5,19,42
943,944,0.5,19,43
944,945,0.5,19,44
945,946,0.5,19,45
946,947,0.5,19,46
947,948,0.5,19,47
948,949,0.5,19,48
949,950,0.5,19,49
950,951,0.5,20,0
951,952,0.5,20,1
952,953,0.5,20,2
953,954,0.5,20,3
954,955,0.5,20,4
955,956,0.5,20,5
956,957,0.5,20,6
957,958,0.5,20,7
958,959,0.5,20,8
959,960,0.5,20,9
960,961,0.5,20,10
961,962,0.5,20,11
962,963,0.5,20,12
963,964,0.5,20,13
964,965,0.5,20,14
965,966,0.5,20,15
966,967,0.5,20,16
967,968,0.5,20,17
968,969,0.5,20,18
969,970,0.5,20,19
970,971,0.5,20,20
971,972,0.5,20,21
972,973,0.5,20,22
973,974,0.5,20,23
974,975,0.5,20,24
975,976,0.5,20,25
976,977,0.5,20,26
977,978,0.5,20,27
978,979,0.5,20,28
979,980,0.5,20,29
980,981,0.5,20,30
981,982,0.5,20,31
982,983,0.5,20,32
983,984,0.5,20,33
984,985,0.5,20,34
985,986,0.5,20,35
986,987,0.5,20,36
987,988,0.5,20,37
988,989,0.5,20,38
989,990,0.5,20,39
990,991,0.5,20,40
991,992,0.5,20,41
992,993,0.5,20,42
993,994,0.5,20,43
994,995,0.5,20,44
995,996,0.5,20,45
996,997,0.5,20,46
997,998,0.5,20,47
998,999,0.5,20,48
999,1000,0.5,20,49
1000,1001,0.5,21,0
1001,1002,0.5,21,1
1002,1003,0.5,21,2
1003,1004,0.5,21,3
1004,1005,0.5,21,4
1005,1006,0.5,21,5
1006,1007,0.5,21,6
1007,1008,0.5,21,7
1008,1009,0.5,21,8
1009,1010,0.5,21,9
1010,1011,0.5,21,10
1011,1012,0.5,21,11
1012,1013,0.5,21,12
1013,1014,0.5,21,13
1014,1015,0.5,21,14
1015,1016,0.5,21,15
1016,1017,0.5,21,16
1017,1018,0.5,21,17
1018,1019,0.5,21,18
1019,1020,0.5,21,19
1020,1021,0.5,21,20
1021,1022,0.5,21,21
1022,1023,0.5,21,22
1023,1024,0.5,21,23
1024,1025,0.5,21,24
1025,1026,0.5,21,25
1026,1027,0.5,21,26
1027,1028,0.5,21,27
1028,1029,0.5,21,28
1029,1030,0.5,21,29
1030,1031,0.5,21,30
1031,1032,0.5,21,31
1032,1033,0.5,21,32
1033,1034,0.5,21,33
1034,1035,0.5,21,34
1035,1036,0.5,21,35
1036,1037,0.5,21,36
1037,1038,0.5,21,37
1038,1039,0.5,21,38
1039,1040,0.5,21,39
1040,1041,0.5,21,40
1041,1042,0.5,21,41
1042,1043,0.5,21,42
1043,1044,0.5,21,43
1044,1045,0.5,21,44
1045,1046,0.5,21,45
1046,1047,0.5,21,46
1047,1048,0.5,21,47
1048,1049,0.5,21,48
1049,1050,0.5,21,49
1050,1051,0.5,22,0
1051,1052,0.5,22,1
1052,1053,0.5,22,2
1053,1054,0.5,22,3
1054,1055,0.5,22,4
1055,1056,0.5,22,5
1056,1057,0.5,22,6
1057,1058,0.5,22,7
1058,1059,0.5,22,8
1059,1060,0.5,22,9
1060,1061,0.5,22,10
1061,1062,0.5,22,11
1062,1063,0.5,22,12
1063,1064,0.5,22,13
1064,1065,0.5,22,14
1065,1066,0.5,22,15
1066,1067,0.5,22,16
1067,1068,0.5,22,17
1068,1069,0.5,22,18
1069,1070,0.5,22,19
1070,1071,0.5,22,20
1071,1072,0.5,22,21
1072,1073,0.5,22,22
1073,1074,0.5,22,23
1074,1075,0.5,22,24
1075,1076,0.5,22,25
1076,1077,0.5,22,26
1077,1078,0.5,22,27
1078,1079,0.5,22,28
1079,1080,0.5,22,29
1080,1081,0.5,22,30
1081,1082,0.5,22,31
1082,1083,0.5,22,32
1083,1084,0.5,22,33
1084,1085,0.5,22,34
1085,1086,0.5,22,35
1086,1087,0.5,22,36
1087,1088,0.5,22,37
1088,1089,0.5,22,38
1089,1090,0.5,22,39
1090,1091,0.5,22,40
1091,1092,0.5,22,41
1092,1093,0.5,22,42
1093,1094,0.5,22,43
1094,1095,0.5,22,44
1095,1096,0.5,22,45
1096,1097,0.5,22,46
1097,1098,0.5,22,47
1098,1099,0.5,22,48
1099,1100,0.5,22,49
1100,1101,0.5,23,0
1101,1102,0.5,23,1
1102,1103,0.5,23,2
1103,1104,0.5,23,3
1104,1105,0.5,23,4
1105,1106,0.5,23,5
1106,1107,0.5,23,6
1107,1108,0.5,23,7
1108,1109,0.5,23,8
1109,1110,0.5,23,9
1110,1111,0.5,23,10
1111,1112,0.5,23,11
1112,1113,0.5,23,12
1113,1114,0.5,23,13
1114,1115,0.5,23,14
1115,1116,0.5,23,15
1116,1117,0.5,23,16
1117,1118,0.5,23,17
1118,1119,0.5,23,18
1119,1120,0.5,23,19
1120,1121,0.5,23,20
1121,1122,0.5,23,21
1122,1123,0.5,23,22
1123,1124,0.5,23,23
1124,1125,0.5,23,24
1125,1126,0.5,23,25
1126,1127,0.5,23,26
1127,1128,0.5,23,27
1128,1129,0.5,23,28
1129,1130,0.5,23,29
1130,1131,0.5,23,30
1131,1132,0.5,23,31
1132,1133,0.5,23,32
1133,1134,0.5,23,33
1134,1135,0.5,23,34
1135,1136,0.5,23,35
1136,1137,0.5,23,36
1137,1138,0.5,23,37
1138,1139,0.5,23,38
1139,1140,0.5,23,39
1140,1141,0.5,23,40
1141,1142,0.5,23,41
1142,1143,0.5,23,42
1143,1144,0.5,23,43
1144,1145,0.5,23,44
1145,1146,0.5,23,45
1146,1147,0.5,23,46
1147,1148,0.5,23,47
1148,1149,0.5,23,48
1149,1150,0.5,23,49
1150,1151,0.5,24,0
1151,1152,0.5,24,1
1152,1153,0.5,24,2
1153,1154,0.5,24,3
1154,1155,0.5,24,4
1155,1156,0.5,24,5
1156,1157,0.5,24,6
1157,1158,0.5,24,7
1158,1159,0.5,24,8
1159,1160,0.5,24,9
1160,1161,0.5,24,10
1161,1162,0.5,24,11
1162,1163,0.5,24,12
1163,1164,0.5,24,13
1164,1165,0.5,24,14
1165,1166,0.5,24,15
1166,1167,0.5,24,16
1167,1168,0.5,24,17
1168,1169,0.5,24,18
1169,1170,0.5,24,19
1170,1171,0.5,24,20
1171,1172,0.5,24,21
1172,1173,0.5,24,22
1173,1174,0.5,24,23
1174,1175,0.5,24,24
1175,1176,0.5,24,25
1176,1177,0.5,24,26
1177,1178,0.5,24,27
1178,1179,0.5,24,28
1179,1180,0.5,24,29
1180,1181,0.5,24,30
1181,1182,0.5,24,31
1182,1183,0.5,24,32
1183,1184,0.5,24,33
1184,1185,0.5,24,34
1185,1186,0.5,24,35
1186,1187,0.5,24,36
1187,1188,0.5,24,37
1188,1189,0.5,24,38
1189,1190,0.5,24,39
1190,1191,0.5,24,40
1191,1192,0.5,24,41
1192,1193,0.5,24,42
1193,1194,0.5,24,43
1194,1195,0.5,24,44
1195,1196,0.5,24,45
1196,1197,0.5,24,46
1197,1198,0.5,24,47
1198,1199,0.5,24,48
1199,1200,0.5,24,49
1200,1201,0.5,25,0
1201,1202,0.5,25,1
1202,1203,0.5,25,2
1203,1204,0.5,25,3
1204,1205,0.5,25,4
1205,1206,0.5,25,5
1206,1207,0.5,25,6
1207,1208,0.5,25,7
1208,1209,0.5,25,8
1209,1210,0.5,25,9
1210,1211,0.5,25,10
1211,1212,0.5,25,11
1212,1213,0.5,25,12
1213,1214,0.5,25,13
1214,1215,0.5,25,14
1215,1216,0.5,25,15
1216,1217,0.5,25,16
1217,1218,0.5,25,17
1218,1219,0.5,25,18
1219,1220,0.5,25,19
1220,1221,0.5,25,20
1221,1222,0.5,25,21
1222,1223,0.5,25,22
1223,1224,0.5,25,23
1224,1225,0.5,25,24
1225,1226,0.5,25,25
1226,1227,0.5,25,26
1227,1228,0.5,25,27
1228,1229,0.5,25,28
1229,1230,0.5,25,29
1230,1231,0.5,25,30
1231,1232,0.5,25,31
1232,1233,0.5,25,32
1233,1234,0.5,25,33
1234,1235,0.5,25,34
1235,1236,0.5,25,35
1236,1237,0.5,25,36
1237,1238,0.5,25,37
1238,1239,0.5,25,38
1239,1240,0.5,25,39
1240,1241,0.5,25,40
1241,1242,0.5,25,41
1242,1243,0.5,25,42
1243,1244,0.5,25,43
1244,1245,0.5,25,44
1245,1246,0.5,25,45
1246,1247,0.5,25,46
1247,1248,0.5,25,47
1248,1249,0.5,25,48
1249,1250,0.5,25,49
1250,1251,0.5,26,0
1251,1252,0.5,26,1
1252,1253,0.5,26,2
1253,1254,0.5,26,3
1254,1255,0.5,26,4
1255,1256,0.5,26,5
1256,1257,0.5,26,6
1257,1258,0.5,26,7
1258,1259,0.5,26,8
1259,1260,0.5,26,9
1260,1261,0.5,26,10
1261,1262,0.5,26,11
1262,1263,0.5,26,12
1263,1264,0.5,26,13
1264,1265,0.5,26,14
1265,1266,0.5,26,15
1266,1267,0.5,26,16
1267,1268,0.5,26,17
1268,1269,0.5,26,18
1269,1270,0.5,26,19
1270,1271,0.5,26,20
1271,1272,0.5,26,21
1272,1273,0.5,26,22
1273,1274,0.5,26,23
1274,1275,0.5,26,24
1275,1276,0.5,26,25
1276,1277,0.5,26,26
1277,1278,0.5,26,27
1278,1279,0.5,26,28
1279,1280,0.5,26,29
1280,1281,0.5,26,30
1281,1282,0.5,26,31
1282,1283,0.5,26,32
1283,1284,0.5,26,33
1284,1285,0.5,26,34
1285,1286,0.5,26,35
1286,1287,0.5,26,36
1287,1288,0.5,26,37
1288,1289,0.5,26,38
1289,1290,0.5,26,39
1290,1291,0.5,26,40
1291,1292,0.5,26,41
1292,1293,0.5,26,42
1293,1294,0.5,26,43
1294,1295,0.5,26,44
1295,1296,0.5,26,45
1296,1297,0.5,26,46
1297,1298,0.5,26,47
1298,1299,0.5,26,48
1299,1300,0.5,26,49
1300,1301,0.5,27,0
1301,1302,0.5,27,1
1302,1303,0.5,27,2
1303,1304,0.5,27,3
1304,1305,0.5,27,4
1305,1306,0.5,27,5
1306,1307,0.5,27,6
1307,1308,0.5,27,7
1308,1309,0.5,27,8
1309,1310,0.5,27,9
1310,1311,0.5,27,10
1311,1312,0.5,27,11
1312,1313,0.5,27,12
1313,1314,0.5,27,13
1314,1315,0.5,27,14
1315,1316,0.5,27,15
1316,1317,0.5,27,16
1317,1318,0.5,27,17
1318,1319,0.5,27,18
1319,1320,0.5,27,19
1320,1321,0.5,27,20
1321,1322,0.5,27,21
1322,1323,0.5,27,22
1323,1324,0.5,27,23
1324,1325,0.5,27,24
1325,1326,0.5,27,25
1326,1327,0.5,27,26
1327,1328,0.5,27,27
1328,1329,0.5,27,28
1329,1330,0.5,27,29
1330,1331,0.5,27,30
1331,1332,0.5,27,31
1332,1333,0.5,27,32
1333,1334,0.5,27,33
1334,1335,0.5,27,34
1335,1336,0.5,27,35
1336,1337,0.5,27,36
1337,1338,0.5,27,37
1338,1339,0.5,27,38
1339,1340,0.5,27,39
1340,1341,0.5,27,40
1341,1342,0.5,27,41
1342,1343,0.5,27,42
1343,1344,0.5,27,43
1344,1345,0.5,27,44
1345,1346,0.5,27,45
1346,1347,0.5,27,46
1347,1348,0.5,27,47
1348,1349,0.5,27,48
1349,1350,0.5,27,49
1350,1351,0.5,28,0
1351,1352,0.5,28,1
1352,1353,0.5,28,2
1353,1354,0.5,28,3
1354,1355,0.5,28,4
1355,1356,0.5,28,5
1356,1357,0.5,28,6
1357,1358,0.5,28,7
1358,1359,0.5,28,8
1359,1360,0.5,28,9
1360,1361,0.5,28,10
1361,1362,0.5,28,11
1362,1363,0.5,28,12
1363,1364,0.5,28,13
1364,1365,0.5,28,14
1365,1366,0.5,28,15
1366,1367,0.5,28,16
1367,1368,0.5,28,17
1368,1369,0.5,28,18
1369,1370,0.5,28,19
1370,1371,0.5,28,20
1371,1372,0.5,28,21
1372,1373,0.5,28,22
1373,1374,0.5,28,23
1374,1375,0.5,28,24
1375,1376,0.5,28,25
1376,1377,0.5,28,26
1377,1378,0.5,28,27
1378,1379,0.5,28,28
1379,1380,0.5,28,29
1380,1381,0.5,28,30
1381,1382,0.5,28,31
1382,1383,0.5,28,32
1383,1384,0.5,28,33
1384,1385,0.5,28,34
1385,1386,0.5,28,35
1386,1387,0.5,28,36
1387,1388,0.5,28,37
1388,1389,0.5,28,38
1389,1390,0.5,28,39
1390,1391,0.5,28,40
1391,1392,0.5,28,41
1392,1393,0.5,28,42
1393,1394,0.5,28,43
1394,1395,0.5,28,44
1395,1396,0.5,28,45
1396,1397,0.5,28,46
1397,1398,0.5,28,47
1398,1399,0.5,28,48
1399,1400,0.5,28,49
1400,1401,0.5,29,0
1401,1402,0.5,29,1
1402,1403,0.5,29,2
1403,1404,0.5,29,3
1404,1405,0.5,29,4
1405,1406,0.5,29,5
1406,1407,0.5,29,6
1407,1408,0.5,29,7
1408,1409,0.5,29,8
1409,1410,0.5,29,9
1410,1411,0.5,29,10
1411,1412,0.5,29,11
1412,1413,0.5,29,12
1413,1414,0.5,29,13
1414,1415,0.5,29,14
1415,1416,0.5,29,15
1416,1417,0.5,29,16
1417,1418,0.5,29,17
1418,1419,0.5,29,18
1419,1420,0.5,29,19
1420,1421,0.5,29,20
1421,1422,0.5,29,21
1422,1423,0.5,29,22
1423,1424,0.5,29,23
1424,1425,0.5,29,24
1425,1426,0.5,29,25
1426,1427,0.5,29,26
1427,1428,0.5,29,27
1428,1429,0.5,29,28
1429,1430,0.5,29,29
1430,1431,0.5,29,30
1431,1432,0.5,29,31
1432,1433,0.5,29,32
1433,1434,0.5,29,33
1434,1435,0.5,29,34
1435,1436,0.5,29,35
1436,1437,0.5,29,36
1437,1438,0.5,29,37
1438,1439,0.5,29,38
1439,1440,0.5,29,39
1440,1441,0.5,29,40
1441,1442,0.5,29,41
1442,1443,0.5,29,42
1443,1444,0.5,29,43
1444,1445,0.5,29,44
1445,1446,0.5,29,45
1446,1447,0.5,29,46
1447,1448,0.5,29,47
1448,1449,0.5,29,48
1449,1450,0.5,29,49
1450,1451,0.5,30,0
1451,1452,0.5,30,1
1452,1453,0.5,30,2
1453,1454,0.5,30,3
1454,1455,0.5,30,4
1455,1456,0.5,30,5
1456,1457,0.5,30,6
1457,1458,0.5,30,7
1458,1459,0.5,30,8
1459,1460,0.5,30,9
1460,1461,0.5,30,10
1461,1462,0.5,30,11
1462,1463,0.5,30,12
1463,1464,0.5,30,13
1464,1465,0.5,30,14
1465,1466,0.5,30,15
1466,1467,0.5,30,16
1467,1468,0.5,30,17
1468,1469,0.5,30,18
1469,1470,0.5,30,19
1470,1471,0.5,30,20
1471,1472,0.5,30,21
1472,1473,0.5,30,22
1473,1474,0.5,30,23
1474,1475,0.5,30,24
1475,1476,0.5,30,25
1476,1477,0.5,30,26
1477,1478,0.5,30,27
1478,1479,0.5,30,28
1479,1480,0.5,30,29
1480,1481,0.5,30,30
1481,1482,0.5,30,31
1482,1483,0.5,30,32
1483,1484,0.5,30,33
1484,1485,0.5,30,34
1485,1486,0.5,30,35
1486,1487,0.5,30,36
1487,1488,0.5,30,37
1488,1489,0.5,30,38
1489,1490,0.5,30,39
1490,1491,0.5,30,40
1491,1492,0.5,30,41
1492,1493,0.5,30,42
1493,1494,0.5,30,43
1494,1495,0.5,30,44
1495,1496,0.5,30,45
1496,1497,0.5,30,46
1497,1498,0.5,30,47
1498,1499,0.5,30,48
1499,1500,0.5,30,49
1500,1501,0.5,31,0
1501,1502,0.5,31,1
1502,1503,0.5,31,2
1503,1504,0.5,31,3
1504,1505,0.5,31,4
1505,1506,0.5,31,5
1506,1507,0.5,31,6
1507,1508,0.5,31,7
1508,1509,0.5,31,8
1509,1510,0.5,31,9
1510,1511,0.5,31,10
1511,1512,0.5,31,11
1512,1513,0.5,31,12
1513,1514,0.5,31,13
1514,1515,0.5,31,14
1515,1516,0.5,31,15
1516,1517,0.5,31,16
1517,1518,0.5,31,17
1518,1519,0.5,31,18
1519,1520,0.5,31,19
1520,1521,0.5,31,20
1521,1522,0.5,31,21
1522,1523,0.5,31,22
1523,1524,0.5,31,23
1524,1525,0.5,31,24
1525,1526,0.5,31,25
1526,1527,0.5,31,26
1527,1528,0.5,31,27
1528,1529,0.5,31,28
1529,1530,0.5,31,29
1530,1531,0.5,31,30
1531,1532,0.5,31,31
1532,1533,0.5,31,32
1533,1534,0.5,31,33
1534,1535,0.5,31,34
1535,1536,0.5,31,35
1536,1537,0.5,31,36
1537,1538,0.5,31,37
1538,1539,0.5,31,38
1539,1540,0.5,31,39
1540,1541,0.5,31,40
1541,1542,0.5,31,41
1542,1543,0.5,31,42
1543,1544,0.5,31,43
1544,1545,0.5,31,44
1545,1546,0.5,31,45
1546,1547,0.5,31,46
1547,1548,0.5,31,47
1548,1549,0.5,31,48
1549,1550,0.5,31,49
1550,1551,0.5,32,0
1551,1552,0.5,32,1
1552,1553,0.5,32,2
1553,1554,0.5,32,3
1554,1555,0.5,32,4
1555,1556,0.5,32,5
1556,1557,0.5,32,6
1557,1558,0.5,32,7
1558,1559,0.5,32,8
1559,1560,0.5,32,9
1560,1561,0.5,32,10
1561,1562,0.5,32,11
1562,1563,0.5,32,12
1563,1564,0.5,32,13
1564,1565,0.5,32,14
1565,1566,0.5,32,15
1566,1567,0.5,32,16
1567,1568,0.5,32,17
1568,1569,0.5,32,18
1569,1570,0.5,32,19
1570,1571,0.5,32,20
1571,1572,0.5,32,21
1572,1573,0.5,32,22
1573,1574,0.5,32,23
1574,1575,0.5,32,24
1575,1576,0.5,32,25
1576,1577,0.5,32,26
1577,1578,0.5,32,27
1578,1579,0.5,32,28
1579,1580,0.5,32,29
1580,1581,0.5,32,30
1581,1582,0.5,32,31
1582,1583,0.5,32,32
1583,1584,0.5,32,33
1584,1585,0.5,32,34
1585,1586,0.5,32,35
1586,1587,0.5,32,36
1587,1588,0.5,32,37
1588,1589,0.5,32,38
1589,1590,0.5,32,39
1590,1591,0.5,32,40
1591,1592,0.5,32,41
1592,1593,0.5,32,42
1593,1594,0.5,32,43
1594,1595,0.5,32,44
1595,1596,0.5,32,45
1596,1597,0.5,32,46
1597,1598,0.5,32,47
1598,1599,0.5,32,48
1599,1600,0.5,32,49
1600,1601,0.5,33,0
1601,1602,0.5,33,1
1602,1603,0.5,33,2
1603,1604,0.5,33,3
1604,1605,0.5,33,4
1605,1606,0.5,33,5
1606,1607,0.5,33,6
1607,1608,0.5,33,7
1608,1609,0.5,33,8
1609,1610,0.5,33,9
1610,1611,0.5,33,10
1611,1612,0.5,33,11
1612,1613,0.5,33,12
1613,1614,0.5,33,13
1614,1615,0.5,33,14
1615,1616,0.5,33,15
1616,1617,0.5,33,16
1617,1618,0.5,33,17
1618,1619,0.5,33,18
1619,1620,0.5,33,19
1620,1621,0.5,33,20
1621,1622,0.5,33,21
1622,1623,0.5,33,22
1623,1624,0.5,33,23
1624,1625,0.5,33,24
1625,1626,0.5,33,25
1626,1627,0.5,33,26
1627,1628,0.5,33,27
1628,1629,0.5,33,28
1629,1630,0.5,33,29
1630,1631,0.5,33,30
1631,1632,0.5,33,31
1632,1633,0.5,33,32
1633,1634,0.5,33,33
1634,1635,0.5,33,34
1635,1636,0.5,33,35
1636,1637,0.5,33,36
1637,1638,0.5,33,37
1638,1639,0.5,33,38
1639,1640,0.5,33,39
1640,1641,0.5,33,40
1641,1642,0.5,33,41
1642,1643,0.5,33,42
1643,1644,0.5,33,43
1644,1645,0.5,33,44
1645,1646,0.5,33,45
1646,1647,0.5,33,46
1647,1648,0.5,33,47
1648,1649,0.5,33,48
1649,1650,0.5,33,49
1650,1651,0.5,34,0
1651,1652,0.5,34,1
1652,1653,0.5,34,2
1653,1654,0.5,34,3
1654,1655,0.5,34,4
1655,1656,0.5,34,5
1656,1657,0.5,34,6
1657,1658,0.5,34,7
1658,1659,0.5,34,8
1659,1660,0.5,34,9
1660,1661,0.5,34,10
1661,1662,0.5,34,11
1662,1663,0.5,34,12
1663,1664,0.5,34,13
1664,1665,0.5,34,14
1665,1666,0.5,34,15
1666,1667,0.5,34,16
1667,1668,0.5,34,17
1668,1669,0.5,34,18
1669,1670,0.5,34,19
1670,1671,0.5,34,20
1671,1672,0.5,34,21
1672,1673,0.5,34,22
1673,1674,0.5,34,23
1674,1675,0.5,34,24
1675,1676,0.5,34,25
1676,1677,0.5,34,26
1677,1678,0.5,34,27
1678,1679,0.5,34,28
1679,1680,0.5,34,29
1680,1681,0.5,34,30
1681,1682,0.5,34,31
1682,1683,0.5,34,32
1683,1684,0.5,34,33
1684,1685,0.5,34,34
1685,1686,0.5,34,35
1686,1687,0.5,34,36
1687,1688,0.5,34,37
1688,1689,0.5,34,38
1689,1690,0.5,34,39
1690,1691,0.5,34,40
1691,1692,0.5,34,41
1692,1693,0.5,34,42
1693,1694,0.5,34,43
1694,1695,0.5,34,44
1695,1696,0.5,34,45
1696,1697,0.5,34,46
1697,1698,0.5,34,47
1698,1699,0.5,34,48
1699,1700,0.5,34,49
1700,1701,0.5,35,0
1701,1702,0.5,35,1
1702,1703,0.5,35,2
1703,1704,0.5,35,3
1704,1705,0.5,35,4
1705,1706,0.5,35,5
1706,1707,0.5,35,6
1707,1708,0.5,35,7
1708,1709,0.5,35,8
1709,1710,0.5,35,9
1710,1711,0.5,35,10
1711,1712,0.5,35,11
1712,1713,0.5,35,12
1713,1714,0.5,35,13
1714,1715,0.5,35,14
1715,1716,0.5,35,15
1716,1717,0.5,35,16
1717,1718,0.5,35,17
1718,1719,0.5,35,18
1719,1720,0.5,35,19
1720,1721,0.5,35,20
1721,1722,0.5,35,21
1722,1723,0.5,35,22
1723,1724,0.5,35,23
1724,1725,0.5,35,24
1725,1726,0.5,35,25
1726,1727,0.5,35,26
1727,1728,0.5,35,27
1728,1729,0.5,35,28
1729,1730,0.5,35,29
1730,1731,0.5,35,30
1731,1732,0.5,35,31
1732,1733,0.5,35,32
1733,1734,0.5,35,33
1734,1735,0.5,35,34
1735,1736,0.5,35,35
1736,1737,0.5,35,36
1737,1738,0.5,35,37
1738,1739,0.5,35,38
1739,1740,0.5,35,39
1740,1741,0.5,35,40
1741,1742,0.5,35,41
1742,1743,0.5,35,42
1743,1744,0.5,35,43
1744,1745,0.5,35,44
1745,1746,0.5,35,45
1746,1747,0.5,35,46
1747,1748,0.5,35,47
1748,1749,0.5,35,48
1749,1750,0.5,35,49
1750,1751,0.5,36,0
1751,1752,0.5,36,1
1752,1753,0.5,36,2
1753,1754,0.5,36,3
1754,1755,0.5,36,4
1755,1756,0.5,36,5
1756,1757,0.5,36,6
1757,1758,0.5,36,7
1758,1759,0.5,36,8
1759,1760,0.5,36,9
1760,1761,0.5,36,10
1761,1762,0.5,36,11
1762,1763,0.5,36,12
1763,1764,0.5,36,13
1764,1765,0.5,36,14
1765,1766,0.5,36,15
1766,1767,0.5,36,16
1767,1768,0.5,36,17
1768,1769,0.5,36,18
1769,1770,0.5,36,19
1770,1771,0.5,36,20
1771,1772,0.5,36,21
1772,1773,0.5,36,22
1773,1774,0.5,36,23
1774,1775,0.5,36,24
1775,1776,0.5,36,25
1776,1777,0.5,36,26
1777,1778,0.5,36,27
1778,1779,0.5,36,28
1779,1780,0.5,36,29
1780,1781,0.5,36,30
1781,1782,0.5,36,31
1782,1783,0.5,36,32
1783,1784,0.5,36,33
1784,1785,0.5,36,34
1785,1786,0.5,36,35
1786,1787,0.5,36,36
1787,1788,0.5,36,37
1788,1789,0.5,36,38
1789,1790,0.5,36,39
1790,1791,0.5,36,40
1791,1792,0.5,36,41
1792,1793,0.5,36,42
1793,1794,0.5,36,43
1794,1795,0.5,36,44
1795,1796,0.5,36,45
1796,1797,0.5,36,46
1797,1798,0.5,36,47
1798,1799,0.5,36,48
1799,1800,0.5,36,49
1800,1801,0.5,37,0
1801,1802,0.5,37,1
1802,1803,0.5,37,2
1803,1804,0.5,37,3
1804,1805,0.5,37,4
1805,1806,0.5,37,5
1806,1807,0.5,37,6
1807,1808,0.5,37,7
1808,1809,0.5,37,8
1809,1810,0.5,37,9
1810,1811,0.5,37,10
1811,1812,0.5,37,11
1812,1813,0.5,37,12
1813,1814,0.5,37,13
1814,1815,0.5,37,14
1815,1816,0.5,37,15
1816,1817,0.5,37,16
1817,1818,0.5,37,17
1818,1819,0.5,37,18
1819,1820,0.5,37,19
1820,1821,0.5,37,20
1821,1822,0.5,37,21
1822,1823,0.5,37,22
1823,1824,0.5,37,23
1824,1825,0.5,37,24
1825,1826,0.5,37,25
1826,1827,0.5,37,26
1827,1828,0.5,37,27
1828,1829,0.5,37,28
1829,1830,0.5,37,29
1830,1831,0.5,37,30
1831,1832,0.5,37,31
1832,1833,0.5,37,32
1833,1834,0.5,37,33
1834,1835,0.5,37,34
1835,1836,0.5,37,35
1836,1837,0.5,37,36
1837,1838,0.5,37,37
1838,1839,0.5,37,38
1839,1840,0.5,37,39
1840,1841,0.5,37,40
1841,1842,0.5,37,41
1842,1843,0.5,37,42
1843,1844,0.5,37,43
1844,1845,0.5,37,44
1845,1846,0.5,37,45
1846,1847,0.5,37,46
1847,1848,0.5,37,47
1848,1849,0.5,37,48
1849,1850,0.5,37,49
1850,1851,0.5,38,0
1851,1852,0.5,38,1
1852,1853,0.5,38,2
1853,1854,0.5,38,3
1854,1855,0.5,38,4
1855,1856,0.5,38,5
1856,1857,0.5,38,6
1857,1858,0.5,38,7
1858,1859,0.5,38,8
1859,1860,0.5,38,9
1860,1861,0.5,38,10
1861,1862,0.5,38,11
1862,1863,0.5,38,12
1863,1864,0.5,38,13
1864,1865,0.5,38,14
1865,1866,0.5,38,15
1866,1867,0.5,38,16
1867,1868,0.5,38,17
1868,1869,0.5,38,18
1869,1870,0.5,38,19
1870,1871,0.5,38,20
1871,1872,0.5,38,21
1872,1873,0.5,38,22
1873,1874,0.5,38,23
1874,1875,0.5,38,24
1875,1876,0.5,38,25
1876,1877,0.5,38,26
1877,1878,0.5,38,27
1878,1879,0.5,38,28
1879,1880,0.5,38,29
1880,1881,0.5,38,30
1881,1882,0.5,38,31
1882,1883,0.5,38,32
1883,1884,0.5,38,33
1884,1885,0.5,38,34
1885,1886,0.5,38,35
1886,1887,0.5,38,36
1887,1888,0.5,38,37
1888,1889,0.5,38,38
1889,1890,0.5,38,39
1890,1891,0.5,38,40
1891,1892,0.5,38,41
1892,1893,0.5,38,42
1893,1894,0.5,38,43
1894,1895,0.5,38,44
1895,1896,0.5,38,45
1896,1897,0.5,38,46
1897,1898,0.5,38,47
1898,1899,0.5,38,48
1899,1900,0.5,38,49
1900,1901,0.5,39,0
1901,1902,0.5,39,1
1902,1903,0.5,39,2
1903,1904,0.5,39,3
1904,1905,0.5,39,4
1905,1906,0.5,39,5
1906,1907,0.5,39,6
1907,1908,0.5,39,7
1908,1909,0.5,39,8
1909,1910,0.5,39,9
1910,1911,0.5,39,10
1911,1912,0.5,39,11
1912,1913,0.5,39,12
1913,1914,0.5,39,13
1914,1915,0.5,39,14
1915,1916,0.5,39,15
1916,1917,0.5,39,16
1917,1918,0.5,39,17
1918,1919,0.5,39,18
1919,1920,0.5,39,19
1920,1921,0.5,39,20
1921,1922,0.5,39,21
1922,1923,0.5,39,22
1923,1924,0.5,39,23
1924,1925,0.5,39,24
1925,1926,0.5,39,25
1926,1927,0.5,39,26
1927,1928,0.5,39,27
1928,1929,0.5,39,28
1929,1930,0.5,39,29
1930,1931,0.5,39,30
1931,1932,0.5,39,31
1932,1933,0.5,39,32
1933,1934,0.5,39,33
1934,1935,0.5,39,34
1935,1936,0.5,39,35
1936,1937,0.5,39,36
1937,1938,0.5,39,37
1938,1939,0.5,39,38
1939,1940,0.5,39,39
1940,1941,0.5,39,40
1941,1942,0.5,39,41
1942,1943,0.5,39,42
1943,1944,0.5,39,43
1944,1945,0.5,39,44
1945,1946,0.5,39,45
1946,1947,0.5,39,46
1947,1948,0.5,39,47
1948,1949,0.5,39,48
1949,1950,0.5,39,49
1950,1951,0.5,40,0
1951,1952,0.5,40,1
1952,1953,0.5,40,2
1953,1954,0.5,40,3
1954,1955,0.5,40,4
1955,1956,0.5,40,5
1956,1957,0.5,40,6
1957,1958,0.5,40,7
1958,1959,0.5,40,8
1959,1960,0.5,40,9
1960,1961,0.5,40,10
1961,1962,0.5,40,11
1962,1963,0.5,40,12
1963,1964,0.5,40,13
1964,1965,0.5,40,14
1965,1966,0.5,40,15
1966,1967,0.5,40,16
1967,1968,0.5,40,17
1968,1969,0.5,40,18
1969,1970,0.5,40,19
1970,1971,0.5,40,20
1971,1972,0.5,40,21
1972,1973,0.5,40,22
1973,1974,0.5,40,23
1974,1975,0.5,40,24
1975,1976,0.5,40,25
1976,1977,0.5,40,26
1977,1978,0.5,40,27
1978,1979,0.5,40,28
1979,1980,0.5,40,29
1980,1981,0.5,40,30
1981,1982,0.5,40,31
1982,1983,0.5,40,32
1983,1984,0.5,40,33
1984,1985,0.5,40,34
1985,1986,0.5,40,35
1986,1987,0.5,40,36
1987,1988,0.5,40,37
1988,1989,0.5,40,38
1989,1990,0.5,40,39
1990,1991,0.5,40,40
1991,1992,0.5,40,41
1992,1993,0.5,40,42
1993,1994,0.5,40,43
1994,1995,0.5,40,44
1995,1996,0.5,40,45
1996,1997,0.5,40,46
1997,1998,0.5,40,47
1998,1999,0.5,40,48
1999,2000,0.5,40,49
2000,2001,0.5,41,0
2001,2002,0.5,41,1
2002,2003,0.5,41,2
2003,2004,0.5,41,3
2004,2005,0.5,41,4
2005,2006,0.5,41,5
2006,2007,0.5,41,6
2007,2008,0.5,41,7
2008,2009,0.5,41,8
2009,2010,0.5,41,9
2010,2011,0.5,41,10
2011,2012,0.5,41,11
2012,2013,0.5,41,12
2013,2014,0.5,41,13
2014,2015,0.5,41,14
2015,2016,0.5,41,15
2016,2017,0.5,41,16
2017,2018,0.5,41,17
2018,2019,0.5,41,18
2019,2020,0.5,41,19
2020,2021,0.5,41,20
2021,2022,0.5,41,21
2022,2023,0.5,41,22
2023,2024,0.5,41,23
2024,2025,0.5,41,24
2025,2026,0.5,41,25
2026,2027,0.5,41,26
2027,2028,0.5,41,27
2028,2029,0.5,41,28
2029,2030,0.5,41,29
2030,2031,0.5,41,30
2031,2032,0.5,41,31
2032,2033,0.5,41,32
2033,2034,0.5,41,33
2034,2035,0.5,41,34
2035,2036,0.5,41,35
2036,2037,0.5,41,36
2037,2038,0.5,41,37
2038,2039,0.5,41,38
2039,2040,0.5,41,39
2040,2041,0.5,41,40
2041,2042,0.5,41,41
2042,2043,0.5,41,42
2043,2044,0.5,41,43
2044,2045,0.5,41,44
2045,2046,0.5,41,45
2046,2047,0.5,41,46
2047,2048,0.5,41,47
2048,2049,0.5,41,48
2049,2050,0.5,41,49
2050,2051,0.5,42,0
2051,2052,0.5,42,1
2052,2053,0.5,42,2
2053,2054,0.5,42,3
2054,2055,0.5,42,4
2055,2056,0.5,42,5
2056,2057,0.5,42,6
2057,2058,0.5,42,7
2058,2059,0.5,42,8
2059,2060,0.5,42,9
2060,2061,0.5,42,10
2061,2062,0.5,42,11
2062,2063,0.5,42,12
2063,2064,0.5,42,13
2064,2065,0.5,42,14
2065,2066,0.5,42,15
2066,2067,0.5,42,16
2067,2068,0.5,42,17
2068,2069,0.5,42,18
2069,2070,0.5,42,19
2070,2071,0.5,42,20
2071,2072,0.5,42,21
2072,2073,0.5,42,22
2073,2074,0.5,42,23
2074,2075,0.5,42,24
2075,2076,0.5,42,25
2076,2077,0.5,42,26
2077,2078,0.5,42,27
2078,2079,0.5,42,28
2079,2080,0.5,42,29
2080,2081,0.5,42,30
2081,2082,0.5,42,31
2082,2083,0.5,42,32
2083,2084,0.5,42,33
2084,2085,0.5,42,34
2085,2086,0.5,42,35
2086,2087,0.5,42,36
2087,2088,0.5,42,37
2088,2089,0.5,42,38
2089,2090,0.5,42,39
2090,2091,0.5,42,40
2091,2092,0.5,42,41
2092,2093,0.5,42,42
2093,2094,0.5,42,43
2094,2095,0.5,42,44
2095,2096,0.5,42,45
2096,2097,0.5,42,46
2097,2098,0.5,42,47
2098,2099,0.5,42,48
2099,2100,0.5,42,49
2100,2101,0.5,43,0
2101,2102,0.5,43,1
2102,2103,0.5,43,2
2103,2104,0.5,43,3
2104,2105,0.5,43,4
2105,2106,0.5,43,5
2106,2107,0.5,43,6
2107,2108,0.5,43,7
2108,2109,0.5,43,8
2109,2110,0.5,43,9
2110,2111,0.5,43,10
2111,2112,0.5,43,11
2112,2113,0.5,43,12
2113,2114,0.5,43,13
2114,2115,0.5,43,14
2115,2116,0.5,43,15
2116,2117,0.5,43,16
2117,2118,0.5,43,17
2118,2119,0.5,43,18
2119,2120,0.5,43,19
2120,2121,0.5,43,20
2121,2122,0.5,43,21
2122,2123,0.5,43,22
2123,2124,0.5,43,23
2124,2125,0.5,43,24
2125,2126,0.5,43,25
2126,2127,0.5,43,26
2127,2128,0.5,43,27
2128,2129,0.5,43,28
2129,2130,0.5,43,29
2130,2131,0.5,43,30
2131,2132,0.5,43,31
2132,2133,0.5,43,32
2133,2134,0.5,43,33
2134,2135,0.5,43,34
2135,2136,0.5,43,35
2136,2137,0.5,43,36
2137,2138,0.5,43,37
2138,2139,0.5,43,38
2139,2140,0.5,43,39
2140,2141,0.5,43,40
2141,2142,0.5,43,41
2142,2143,0.5,43,42
2143,2144,0.5,43,43
2144,2145,0.5,43,44
2145,2146,0.5,43,45
2146,2147,0.5,43,46
2147,2148,0.5,43,47
2148,2149,0.5,43,48
2149,2150,0.5,43,49
2150,2151,0.5,44,0
2151,2152,0.5,44,1
2152,2153,0.5,44,2
2153,2154,0.5,44,3
2154,2155,0.5,44,4
2155,2156,0.5,44,5
2156,2157,0.5,44,6
2157,2158,0.5,44,7
2158,2159,0.5,44,8
2159,2160,0.5,44,9
2160,2161,0.5,44,10
2161,2162,0.5,44,11
2162,2163,0.5,44,12
2163,2164,0.5,44,13
2164,2165,0.5,44,14
2165,2166,0.5,44,15
2166,2167,0.5,44,16
2167,2168,0.5,44,17
2168,2169,0.5,44,18
2169,2170,0.5,44,19
2170,2171,0.5,44,20
2171,2172,0.5,44,21
2172,2173,0.5,44,22
2173,2174,0.5,44,23
2174,2175,0.5,44,24
2175,2176,0.5,44,25
2176,2177,0.5,44,26
2177,2178,0.5,44,27
2178,2179,0.5,44,28
2179,2180,0.5,44,29
2180,2181,0.5,44,30
2181,2182,0.5,44,31
2182,2183,0.5,44,32
2183,2184,0.5,44,33
2184,2185,0.5,44,34
2185,2186,0.5,44,35
2186,2187,0.5,44,36
2187,2188,0.5,44,37
2188,2189,0.5,44,38
2189,2190,0.5,44,39
2190,2191,0.5,44,40
2191,2192,0.5,44,41
2192,2193,0.5,44,42
2193,2194,0.5,44,43
2194,2195,0.5,44,44
2195,2196,0.5,44,45
2196,2197,0.5,44,46
2197,2198,0.5,44,47
2198,2199,0.5,44,48
2199,2200,0.5,44,49
2200,2201,0.5,45,0
2201,2202,0.5,45,1
2202,2203,0.5,45,2
2203,2204,0.5,45,3
2204,2205,0.5,45,4
2205,2206,0.5,45,5
2206,2207,0.5,45,6
2207,2208,0.5,45,7
2208,2209,0.5,45,8
2209,2210,0.5,45,9
2210,2211,0.5,45,10
2211,2212,0.5,45,11
2212,2213,0.5,45,12
2213,2214,0.5,45,13
2214,2215,0.5,45,14
2215,2216,0.5,45,15
2216,2217,0.5,45,16
2217,2218,0.5,45,17
2218,2219,0.5,45,18
2219,2220,0.5,45,19
2220,2221,0.5,45,20
2221,2222,0.5,45,21
2222,2223,0.5,45,22
2223,2224,0.5,45,23
2224,2225,0.5,45,24
2225,2226,0.5,45,25
2226,2227,0.5,45,26
2227,2228,0.5,45,27
2228,2229,0.5,45,28
2229,2230,0.5,45,29
2230,2231,0.5,45,30
2231,2232,0.5,45,31
2232,2233,0.5,45,32
2233,2234,0.5,45,33
2234,2235,0.5,45,34
2235,2236,0.5,45,35
2236,2237,0.5,45,36
2237,2238,0.5,45,37
2238,2239,0.5,45,38
2239,2240,0.5,45,39
2240,2241,0.5,45,40
2241,2242,0.5,45,41
2242,2243,0.5,45,42
2243,2244,0.5,45,43
2244,2245,0.5,45,44
2245,2246,0.5,45,45
2246,2247,0.5,45,46
2247,2248,0.5,45,47
2248,2249,0.5,45,48
2249,2250,0.5,45,49
2250,2251,0.5,46,0
2251,2252,0.5,46,1
2252,2253,0.5,46,2
2253,2254,0.5,46,3
2254,2255,0.5,46,4
2255,2256,0.5,46,5
2256,2257,0.5,46,6
2257,2258,0.5,46,7
2258,2259,0.5,46,8
2259,2260,0.5,46,9
2260,2261,0.5,46,10
2261,2262,0.5,46,11
2262,2263,0.5,46,12
2263,2264,0.5,46,13
2264,2265,0.5,46,14
2265,2266,0.5,46,15
2266,2267,0.5,46,16
2267,2268,0.5,46,17
2268,2269,0.5,46,18
2269,2270,0.5,46,19
2270,2271,0.5,46,20
2271,2272,0.5,46,21
2272,2273,0.5,46,22
2273,2274,0.5,46,23
2274,2275,0.5,46,24
2275,2276,0.5,46,25
2276,2277,0.5,46,26
2277,2278,0.5,46,27
2278,2279,0.5,46,28
2279,2280,0.5,46,29
2280,2281,0.5,46,30
2281,2282,0.5,46,31
2282,2283,0.5,46,32
2283,2284,0.5,46,33
2284,2285,0.5,46,34
2285,2286,0.5,46,35
2286,2287,0.5,46,36
2287,2288,0.5,46,37
2288,2289,0.5,46,38
2289,2290,0.5,46,39
2290,2291,0.5,46,40
2291,2292,0.5,46,41
2292,2293,0.5,46,42
2293,2294,0.5,46,43
2294,2295,0.5,46,44
2295,2296,0.5,46,45
2296,2297,0.5,46,46
2297,2298,0.5,46,47
2298,2299,0.5,46,48
2299,2300,0.5,46,49
2300,2301,0.5,47,0
2301,2302,0.5,47,1
2302,2303,0.5,47,2
2303,2304,0.5,47,3
2304,2305,0.5,47,4
2305,2306,0.5,47,5
2306,2307,0.5,47,6
2307,2308,0.5,47,7
2308,2309,0.5,47,8
2309,2310,0.5,47,9
2310,2311,0.5,47,10
2311,2312,0.5,47,11
2312,2313,0.5,47,12
2313,2314,0.5,47,13
2314,2315,0.5,47,14
2315,2316,0.5,47,15
2316,2317,0.5,47,16
2317,2318,0.5,47,17
2318,2319,0.5,47,18
2319,2320,0.5,47,19
2320,2321,0.5,47,20
2321,2322,0.5,47,21
2322,2323,0.5,47,22
2323,2324,0.5,47,23
2324,2325,0.5,47,24
2325,2326,0.5,47,25
2326,2327,0.5,47,26
2327,2328,0.5,47,27
2328,2329,0.5,47,28
2329,2330,0.5,47,29
2330,2331,0.5,47,30
2331,2332,0.5,47,31
2332,2333,0.5,47,32
2333,2334,0.5,47,33
2334,2335,0.5,47,34
2335,2336,0.5,47,35
2336,2337,0.5,47,36
2337,2338,0.5,47,37
2338,2339,0.5,47,38
2339,2340,0.5,47,39
2340,2341,0.5,47,40
2341,2342,0.5,47,41
2342,2343,0.5,47,42
2343,2344,0.5,47,43
2344,2345,0.5,47,44
2345,2346,0.5,47,45
2346,2347,0.5,47,46
2347,2348,0.5,47,47
2348,2349,0.5,47,48
2349,2350,0.5,47,49
2350,2351,0.5,48,0
2351,2352,0.5,48,1
2352,2353,0.5,48,2
2353,2354,0.5,48,3
2354,2355,0.5,48,4
2355,2356,0.5,48,5
2356,2357,0.5,48,6
2357,2358,0.5,48,7
2358,2359,0.5,48,8
2359,2360,0.5,48,9
2360,2361,0.5,48,10
2361,2362,0.5,48,11
2362,2363,0.5,48,12
2363,2364,0.5,48,13
2364,2365,0.5,48,14
2365,2366,0.5,48,15
2366,2367,0.5,48,16
2367,2368,0.5,48,17
2368,2369,0.5,48,18
2369,2370,0.5,48,19
2370,2371,0.5,48,20
2371,2372,0.5,48,21
2372,2373,0.5,48,22
2373,2374,0.5,48,23
2374,2375,0.5,48,24
2375,2376,0.5,48,25
2376,2377,0.5,48,26
2377,2378,0.5,48,27
2378,2379,0.5,48,28
2379,2380,0.5,48,29
2380,2381,0.5,48,30
2381,2382,0.5,48,31
2382,2383,0.5,48,32
2383,2384,0.5,48,33
2384,2385,0.5,48,34
2385,2386,0.5,48,35
2386,2387,0.5,48,36
2387,2388,0.5,48,37
2388,2389,0.5,48,38
2389,2390,0.5,48,39
2390,2391,0.5,48,40
2391,2392,0.5,48,41
2392,2393,0.5,48,42
2393,2394,0.5,48,43
2394,2395,0.5,48,44
2395,2396,0.5,48,45
2396,2397,0.5,48,46
2397,2398,0.5,48,47
2398,2399,0.5,48,48
2399,2400,0.5,48,49
2400,2401,0.5,49,0
2401,2402,0.5,49,1
2402,2403,0.5,49,2
2403,2404,0.5,49,3
2404,2405,0.5,49,4
2405,2406,0.5,49,5
2406,2407,0.5,49,6
2407,2408,0.5,49,7
2408,2409,0.5,49,8
2409,2410,0.5,49,9
2410,2411,0.5,49,10
2411,2412,0.5,49,11
2412,2413,0.5,49,12
2413,2414,0.5,49,13
2414,2415,0.5,49,14
2415,2416,0.5,49,15
2416,2417,0.5,49,16
2417,2418,0.5,49,17
2418,2419,0.5,49,18
2419,2420,0.5,49,19
2420,2421,0.5,49,20
2421,2422,0.5,49,21
2422,2423,0.5,49,22
2423,2424,0.5,49,23
2424,2425,0.5,49,24
2425,2426,0.5,49,25
2426,2427,0.5,49,26
2427,2428,0.5,49,27
2428,2429,0.5,49,28
2429,2430,0.5,49,29
2430,2431,0.5,49,30
2431,2432,0.5,49,31
2432,2433,0.5,49,32
2433,2434,0.5,49,33
2434,2435,0.5,49,34
2435,2436,0.5,49,35
2436,2437,0.5,49,36
2437,2438,0.5,49,37
2438,2439,0.5,49,38
2439,2440,0.5,49,39
2440,2441,0.5,49,40
2441,2442,0.5,49,41
2442,2443,0.5,49,42
2443,2444,0.5,49,43
2444,2445,0.5,49,44
2445,2446,0.5,49,45
2446,2447,0.5,49,46
2447,2448,0.5,49,47
2448,2449,0.5,49,48
2449,2450,0.5,49,49
2450,2451,0.5,50,0
2451,2452,0.5,50,1
2452,2453,0.5,50,2
2453,2454,0.5,50,3
2454,2455,0.5,50,4
2455,2456,0.5,50,5
2456,2457,0.5,50,6
2457,2458,0.5,50,7
2458,2459,0.5,50,8
2459,2460,0.5,50,9
2460,2461,0.5,50,10
2461,2462,0.5,50,11
2462,2463,0.5,50,12
2463,2464,0.5,50,13
2464,2465,0.5,50,14
2465,2466,0.5,50,15
2466,2467,0.5,50,16
2467,2468,0.5,50,17
2468,2469,0.5,50,18
2469,2470,0.5,50,19
2470,2471,0.5,50,20
2471,2472,0.5,50,21
2472,2473,0.5,50,22
2473,2474,0.5,50,23
2474,2475,0.5,50,24
2475,2476,0.5,50,25
2476,2477,0.5,50,26
2477,2478,0.5,50,27
2478,2479,0.5,50,28
2479,2480,0.5,50,29
2480,2481,0.5,50,30
2481,2482,0.5,50,31
2482,2483,0.5,50,32
2483,2484,0.5,50,33
2484,2485,0.5,50,34
2485,2486,0.5,50,35
2486,2487,0.5,50,36
2487,2488,0.5,50,37
2488,2489,0.5,50,38
2489,2490,0.5,50,39
2490,2491,0.5,50,40
2491,2492,0.5,50,41
2492,2493,0.5,50,42
2493,2494,0.5,50,43
2494,2495,0.5,50,44
2495,2496,0.5,50,45
2496,2497,0.5,50,46
2497,2498,0.5,50,47
2498,2499,0.5,50,48
2499,2500,0.5,50,49
2500,2501,0.5,51,0
2501,2502,0.5,51,1
2502,2503,0.5,51,2
2503,2504,0.5,51,3
2504,2505,0.5,51,4
2505,2506,0.5,51,5
2506,2507,0.5,51,6
2507,2508,0.5,51,7
2508,2509,0.5,51,8
2509,2510,0.5,51,9
2510,2511,0.5,51,10
2511,2512,0.5,51,11
2512,2513,0.5,51,12
2513,2514,0.5,51,13
2514,2515,0.5,51,14
2515,2516,0.5,51,15
2516,2517,0.5,51,16
2517,2518,0.5,51,17
2518,2519,0.5,51,18
2519,2520,0.5,51,19
2520,2521,0.5,51,20
2521,2522,0.5,51,21
2522,2523,0.5,51,22
2523,2524,0.5,51,23
2524,2525,0.5,51,24
2525,2526,0.5,51,25
2526,2527,0.5,51,26
2527,2528,0.5,51,27
2528,2529,0.5,51,28
2529,2530,0.5,51,29
2530,2531,0.5,51,30
2531,2532,0.5,51,31
2532,2533,0.5,51,32
2533,2534,0.5,51,33
2534,2535,0.5,51,34
2535,2536,0.5,51,35
2536,2537,0.5,51,36
2537,2538,0.5,51,37
2538,2539,0.5,51,38
2539,2540,0.5,51,39
2540,2541,0.5,51,40
2541,2542,0.5,51,41
2542,2543,0.5,51,42
2543,2544,0.5,51,43
2544,2545,0.5,51,44
2545,2546,0.5,51,45
2546,2547,0.5,51,46
2547,2548,0.5,51,47
2548,2549,0.5,51,48
2549,2550,0.5,51,49
2550,2551,0.5,52,0
2551,2552,0.5,52,1
2552,2553,0.5,52,2
2553,2554,0.5,52,3
2554,2555,0.5,52,4
2555,2556,0.5,52,5
2556,2557,0.5,52,6
2557,2558,0.5,52,7
2558,2559,0.5,52,8
2559,2560,0.5,52,9
2560,2561,0.5,52,10
2561,2562,0.5,52,11
2562,2563,0.5,52,12
2563,2564,0.5,52,13
2564,2565,0.5,52,14
2565,2566,0.5,52,15
2566,2567,0.5,52,16
2567,2568,0.5,52,17
2568,2569,0.5,52,18
2569,2570,0.5,52,19
2570,2571,0.5,52,20
2571,2572,0.5,52,21
2572,2573,0.5,52,22
2573,2574,0.5,52,23
2574,2575,0.5,52,24
2575,2576,0.5,52,25
2576,2577,0.5,52,26
2577,2578,0.5,52,27
2578,2579,0.5,52,28
2579,2580,0.5,52,29
2580,2581,0.5,52,30
2581,2582,0.5,52,31
2582,2583,0.5,52,32
2583,2584,0.5,52,33
2584,2585,0.5,52,34
2585,2586,0.5,52,35
2586,2587,0.5,52,36
2587,2588,0.5,52,37
2588,2589,0.5,52,38
2589,2590,0.5,52,39
2590,2591,0.5,52,40
2591,2592,0.5,52,41
2592,2593,0.5,52,42
2593,2594,0.5,52,43
2594,2595,0.5,52,44
2595,2596,0.5,52,45
2596,2597,0.5,52,46
2597,2598,0.5,52,47
2598,2599,0.5,52,48
2599,2600,0.5,52,49
2600,2601,0.5,53,0
2601,2602,0.5,53,1
2602,2603,0.5,53,2
2603,2604,0.5,53,3
2604,2605,0.5,53,4
2605,2606,0.5,53,5
2606,2607,0.5,53,6
2607,2608,0.5,53,7
2608,2609,0.5,53,8
2609,2610,0.5,53,9
2610,2611,0.5,53,10
2611,2612,0.5,53,11
2612,2613,0.5,53,12
2613,2614,0.5,53,13
2614,2615,0.5,53,14
2615,2616,0.5,53,15
2616,2617,0.5,53,16
2617,2618,0.5,53,17
2618,2619,0.5,53,18
2619,2620,0.5,53,19
2620,2621,0.5,53,20
2621,2622,0.5,53,21
2622,2623,0.5,53,22
2623,2624,0.5,53,23
2624,2625,0.5,53,24
2625,2626,0.5,53,25
2626,2627,0.5,53,26
2627,2628,0.5,53,27
2628,2629,0.5,53,28
2629,2630,0.5,53,29
2630,2631,0.5,53,30
2631,2632,0.5,53,31
2632,2633,0.5,53,32
2633,2634,0.5,53,33
2634,2635,0.5,53,34
2635,2636,0.5,53,35
2636,2637,0.5,53,36
2637,2638,0.5,53,37
2638,2639,0.5,53,38
2639,2640,0.5,53,39
2640,2641,0.5,53,40
2641,2642,0.5,53,41
2642,2643,0.5,53,42
2643,2644,0.5,53,43
2644,2645,0.5,53,44
2645,2646,0.5,53,45
2646,2647,0.5,53,46
2647,2648,0.5,53,47
2648,2649,0.5,53,48
2649,2650,0.5,53,49
2650,2651,0.5,54,0
2651,2652,0.5,54,1
2652,2653,0.5,54,2
2653,2654,0.5,54,3
2654,2655,0.5,54,4
2655,2656,0.5,54,5
2656,2657,0.5,54,6
2657,2658,0.5,54,7
2658,2659,0.5,54,8
2659,2660,0.5,54,9
2660,2661,0.5,54,10
2661,2662,0.5,54,11
2662,2663,0.5,54,12
2663,2664,0.5,54,13
2664,2665,0.5,54,14
2665,2666,0.5,54,15
2666,2667,0.5,54,16
2667,2668,0.5,54,17
2668,2669,0.5,54,18
2669,2670,0.5,54,19
2670,2671,0.5,54,20
2671,2672,0.5,54,21
2672,2673,0.5,54,22
2673,2674,0.5,54,23
2674,2675,0.5,54,24
2675,2676,0.5,54,25
2676,2677,0.5,54,26
2677,2678,0.5,54,27
2678,2679,0.5,54,28
2679,2680,0.5,54,29
2680,2681,0.5,54,30
2681,2682,0.5,54,31
2682,2683,0.5,54,32
2683,2684,0.5,54,33
2684,2685,0.5,54,34
2685,2686,0.5,54,35
2686,2687,0.5,54,36
2687,2688,0.5,54,37
2688,2689,0.5,54,38
2689,2690,0.5,54,39
2690,2691,0.5,54,40
2691,2692,0.5,54,41
2692,2693,0.5,54,42
2693,2694,0.5,54,43
2694,2695,0.5,54,44
2695,2696,0.5,54,45
2696,2697,0.5,54,46
2697,2698,0.5,54,47
2698,2699,0.5,54,48
2699,2700,0.5,54,49
2700,2701,0.5,55,0
2701,2702,0.5,55,1
2702,2703,0.5,55,2
2703,2704,0.5,55,3
2704,2705,0.5,55,4
2705,2706,0.5,55,5
2706,2707,0.5,55,6
2707,2708,0.5,55,7
2708,2709,0.5,55,8
2709,2710,0.5,55,9
2710,2711,0.5,55,10
2711,2712,0.5,55,11
2712,2713,0.5,55,12
2713,2714,0.5,55,13
2714,2715,0.5,55,14
2715,2716,0.5,55,15
2716,2717,0.5,55,16
2717,2718,0.5,55,17
2718,2719,0.5,55,18
2719,2720,0.5,55,19
2720,2721,0.5,55,20
2721,2722,0.5,55,21
2722,2723,0.5,55,22
2723,2724,0.5,55,23
2724,2725,0.5,55,24
2725,2726,0.5,55,25
2726,2727,0.5,55,26
2727,2728,0.5,55,27
2728,2729,0.5,55,28
2729,2730,0.5,55,29
2730,2731,0.5,55,30
2731,2732,0.5,55,31
2732,2733,0.5,55,32
2733,2734,0.5,55,33
2734,2735,0.5,55,34
2735,2736,0.5,55,35
2736,2737,0.5,55,36
2737,2738,0.5,55,37
2738,2739,0.5,55,38
2739,2740,0.5,55,39
2740,2741,0.5,55,40
2741,2742,0.5,55,41
2742,2743,0.5,55,42
2743,2744,0.5,55,43
2744,2745,0.5,55,44
2745,2746,0.5,55,45
2746,2747,0.5,55,46
2747,2748,0.5,55,47
2748,2749,0.5,55,48
2749,2750,0.5,55,49
2750,2751,0.5,56,0
2751,2752,0.5,56,1
2752,2753,0.5,56,2
2753,2754,0.5,56,3
2754,2755,0.5,56,4
2755,2756,0.5,56,5
2756,2757,0.5,56,6
2757,2758,0.5,56,7
2758,2759,0.5,56,8
2759,2760,0.5,56,9
2760,2761,0.5,56,10
2761,2762,0.5,56,11
2762,2763,0.5,56,12
2763,2764,0.5,56,13
2764,2765,0.5,56,14
2765,2766,0.5,56,15
2766,2767,0.5,56,16
2767,2768,0.5,56,17
2768,2769,0.5,56,18
2769,2770,0.5,56,19
2770,2771,0.5,56,20
2771,2772,0.5,56,21
2772,2773,0.5,56,22
2773,2774,0.5,56,23
2774,2775,0.5,56,24
2775,2776,0.5,56,25
2776,2777,0.5,56,26
2777,2778,0.5,56,27
2778,2779,0.5,56,28
2779,2780,0.5,56,29
2780,2781,0.5,56,30
2781,2782,0.5,56,31
2782,2783,0.5,56,32
2783,2784,0.5,56,33
2784,2785,0.5,56,34
2785,2786,0.5,56,35
2786,2787,0.5,56,36
2787,2788,0.5,56,37
2788,2789,0.5,56,38
2789,2790,0.5,56,39
2790,2791,0.5,56,40
2791,2792,0.5,56,41
2792,2793,0.5,56,42
2793,2794,0.5,56,43
2794,2795,0.5,56,44
2795,2796,0.5,56,45
2796,2797,0.5,56,46
2797,2798,0.5,56,47
2798,2799,0.5,56,48
2799,2800,0.5,56,49
2800,2801,0.5,57,0
2801,2802,0.5,57,1
2802,2803,0.5,57,2
2803,2804,0.5,57,3
2804,2805,0.5,57,4
2805,2806,0.5,57,5
2806,2807,0.5,57,6
2807,2808,0.5,57,7
2808,2809,0.5,57,8
2809,2810,0.5,57,9
2810,2811,0.5,57,10
2811,2812,0.5,57,11
2812,2813,0.5,57,12
2813,2814,0.5,57,13
2814,2815,0.5,57,14
2815,2816,0.5,57,15
2816,2817,0.5,57,16
2817,2818,0.5,57,17
2818,2819,0.5,57,18
2819,2820,0.5,57,19
2820,2821,0.5,57,20
2821,2822,0.5,57,21
2822,2823,0.5,57,22
2823,2824,0.5,57,23
2824,2825,0.5,57,24
2825,2826,0.5,57,25
2826,2827,0.5,57,26
2827,2828,0.5,57,27
2828,2829,0.5,57,28
2829,2830,0.5,57,29
2830,2831,0.5,57,30
2831,2832,0.5,57,31
2832,2833,0.5,57,32
2833,2834,0.5,57,33
2834,2835,0.5,57,34
2835,2836,0.5,57,35
2836,2837,0.5,57,36
2837,2838,0.5,57,37
2838,2839,0.5,57,38
2839,2840,0.5,57,39
2840,2841,0.5,57,40
2841,2842,0.5,57,41
2842,2843,0.5,57,42
2843,2844,0.5,57,43
2844,2845,0.5,57,44
2845,2846,0.5,57,45
2846,2847,0.5,57,46
2847,2848,0.5,57,47
2848,2849,0.5,57,48
2849,2850,0.5,57,49
2850,2851,0.5,58,0
2851,2852,0.5,58,1
2852,2853,0.5,58,2
2853,2854,0.5,58,3
2854,2855,0.5,58,4
2855,2856,0.5,58,5
2856,2857,0.5,58,6
2857,2858,0.5,58,7
2858,2859,0.5,58,8
2859,2860,0.5,58,9
2860,2861,0.5,58,10
2861,2862,0.5,58,11
2862,2863,0.5,58,12
2863,2864,0.5,58,13
2864,2865,0.5,58,14
2865,2866,0.5,58,15
2866,2867,0.5,58,16
2867,2868,0.5,58,17
2868,2869,0.5,58,18
2869,2870,0.5,58,19
2870,2871,0.5,58,20
2871,2872,0.5,58,21
2872,2873,0.5,58,22
2873,2874,0.5,58,23
2874,2875,0.5,58,24
2875,2876,0.5,58,25
2876,2877,0.5,58,26
2877,2878,0.5,58,27
2878,2879,0.5,58,28
2879,2880,0.5,58,29
2880,2881,0.5,58,30
2881,2882,0.5,58,31
2882,2883,0.5,58,32
2883,2884,0.5,58,33
2884,2885,0.5,58,34
2885,2886,0.5,58,35
2886,2887,0.5,58,36
2887,2888,0.5,58,37
2888,2889,0.5,58,38
2889,2890,0.5,58,39
2890,2891,0.5,58,40
2891,2892,0.5,58,41
2892,2893,0.5,58,42
2893,2894,0.5,58,43
2894,2895,0.5,58,44
2895,2896,0.5,58,45
2896,2897,0.5,58,46
2897,2898,0.5,58,47
2898,2899,0.5,58,48
2899,2900,0.5,58,49
2900,2901,0.5,59,0
2901,2902,0.5,59,1
2902,2903,0.5,59,2
2903,2904,0.5,59,3
2904,2905,0.5,59,4
2905,2906,0.5,59,5
2906,2907,0.5,59,6
2907,2908,0.5,59,7
2908,2909,0.5,59,8
2909,2910,0.5,59,9
2910,2911,0.5,59,10
2911,2912,0.5,59,11
2912,2913,0.5,59,12
2913,2914,0.5,59,13
2914,2915,0.5,59,14
2915,2916,0.5,59,15
2916,2917,0.5,59,16
2917,2918,0.5,59,17
2918,2919,0.5,59,18
2919,2920,0.5,59,19
2920,2921,0.5,59,20
2921,2922,0.5,59,21
2922,2923,0.5,59,22
2923,2924,0.5,59,23
2924,2925,0.5,59,24
2925,2926,0.5,59,25
2926,2927,0.5,59,26
2927,2928,0.5,59,27
2928,2929,0.5,59,28
2929,2930,0.5,59,29
2930,2931,0.5,59,30
2931,2932,0.5,59,31
2932,2933,0.5,59,32
2933,2934,0.5,59,33
2934,2935,0.5,59,34
2935,2936,0.5,59,35
2936,2937,0.5,59,36
2937,2938,0.5,59,37
2938,2939,0.5,59,38
2939,2940,0.5,59,39
2940,2941,0.5,59,40
2941,2942,0.5,59,41
2942,2943,0.5,59,42
2943,2944,0.5,59,43
2944,2945,0.5,59,44
2945,2946,0.5,59,45
2946,2947,0.5,59,46
2947,2948,0.5,59,47
2948,2949,0.5,59,48
2949,2950,0.5,59,49
2950,2951,0.5,60,0
2951,2952,0.5,60,1
2952,2953,0.5,60,2
2953,2954,0.5,60,3
2954,2955,0.5,60,4
2955,2956,0.5,60,5
2956,2957,0.5,60,6
2957,2958,0.5,60,7
2958,2959,0.5,60,8
2959,2960,0.5,60,9
2960,2961,0.5,60,10
2961,2962,0.5,60,11
2962,2963,0.5,60,12
2963,2964,0.5,60,13
2964,2965,0.5,60,14
2965,2966,0.5,60,15
2966,2967,0.5,60,16
2967,2968,0.5,60,17
2968,2969,0.5,60,18
2969,2970,0.5,60,19
2970,2971,0.5,60,20
2971,2972,0.5,60,21
2972,2973,0.5,60,22
2973,2974,0.5,60,23
2974,2975,0.5,60,24
2975,2976,0.5,60,25
2976,2977,0.5,60,26
2977,2978,0.5,60,27
2978,2979,0.5,60,28
2979,2980,0.5,60,29
2980,2981,0.5,60,30
2981,2982,0.5,60,31
2982,2983,0.5,60,32
2983,2984,0.5,60,33
2984,2985,0.5,60,34
2985,2986,0.5,60,35
2986,2987,0.5,60,36
2987,2988,0.5,60,37
2988,2989,0.5,60,38
2989,2990,0.5,60,39
2990,2991,0.5,60,40
2991,2992,0.5,60,41
2992,2993,0.5,60,42
2993,2994,0.5,60,43
2994,2995,0.5,60,44
2995,2996,0.5,60,45
2996,2997,0.5,60,46
2997,2998,0.5,60,47
2998,2999,0.5,60,48
2999,3000,0.5,60,49
3000,3001,0.5,61,0
3001,3002,0.5,61,1
3002,3003,0.5,61,2
3003,3004,0.5,61,3
3004,3005,0.5,61,4
3005,3006,0.5,61,5
3006,3007,0.5,61,6
3007,3008,0.5,61,7
3008,3009,0.5,61,8
3009,3010,0.5,61,9
3010,3011,0.5,61,10
3011,3012,0.5,61,11
3012,3013,0.5,61,12
3013,3014,0.5,61,13
3014,3015,0.5,61,14
3015,3016,0.5,61,15
3016,3017,0.5,61,16
3017,3018,0.5,61,17
3018,3019,0.5,61,18
3019,3020,0.5,61,19
3020,3021,0.5,61,20
3021,3022,0.5,61,21
3022,3023,0.5,61,22
3023,3024,0.5,61,23
3024,3025,0.5,61,24
3025,3026,0.5,61,25
3026,3027,0.5,61,26
3027,3028,0.5,61,27
3028,3029,0.5,61,28
3029,3030,0.5,61,29
3030,3031,0.5,61,30
3031,3032,0.5,61,31
3032,3033,0.5,61,32
3033,3034,0.5,61,33
3034,3035,0.5,61,34
3035,3036,0.5,61,35
3036,3037,0.5,61,36
3037,3038,0.5,61,37
3038,3039,0.5,61,38
3039,3040,0.5,61,39
3040,3041,0.5,61,40
3041,3042,0.5,61,41
3042,3043,0.5,61,42
3043,3044,0.5,61,43
3044,3045,0.5,61,44
3045,3046,0.5,61,45
3046,3047,0.5,61,46
3047,3048,0.5,61,47
3048,3049,0.5,61,48
3049,3050,0.5,61,49
3050,3051,0.5,62,0
3051,3052,0.5,62,1
3052,3053,0.5,62,2
3053,3054,0.5,62,3
3054,3055,0.5,62,4
3055,3056,0.5,62,5
3056,3057,0.5,62,6
3057,3058,0.5,62,7
3058,3059,0.5,62,8
3059,3060,0.5,62,9
3060,3061,0.5,62,10
3061,3062,0.5,62,11
3062,3063,0.5,62,12
3063,3064,0.5,62,13
3064,3065,0.5,62,14
3065,3066,0.5,62,15
3066,3067,0.5,62,16
3067,3068,0.5,62,17
3068,3069,0.5,62,18
3069,3070,0.5,62,19
3070,3071,0.5,62,20
3071,3072,0.5,62,21
3072,3073,0.5,62,22
3073,3074,0.5,62,23
3074,3075,0.5,62,24
3075,3076,0.5,62,25
3076,3077,0.5,62,26
3077,3078,0.5,62,27
3078,3079,0.5,62,28
3079,3080,0.5,62,29
3080,3081,0.5,62,30
3081,3082,0.5,62,31
3082,3083,0.5,62,32
3083,3084,0.5,62,33
3084,3085,0.5,62,34
3085,3086,0.5,62,35
3086,3087,0.5,62,36
3087,3088,0.5,62,37
3088,3089,0.5,62,38
3089,3090,0.5,62,39
3090,3091,0.5,62,40
3091,3092,0.5,62,41
3092,3093,0.5,62,42
3093,3094,0.5,62,43
3094,3095,0.5,62,44
3095,3096,0.5,62,45
3096,3097,0.5,62,46
3097,3098,0.5,62,47
3098,3099,0.5,62,48
3099,3100,0.5,62,49
3100,3101,0.5,63,0
3101,3102,0.5,63,1
3102,3103,0.5,63,2
3103,3104,0.5,63,3
3104,3105,0.5,63,4
3105,3106,0.5,63,5
3106,3107,0.5,63,6
3107,3108,0.5,63,7
3108,3109,0.5,63,8
3109,3110,0.5,63,9
3110,3111,0.5,63,10
3111,3112,0.5,63,11
3112,3113,0.5,63,12
3113,3114,0.5,63,13
3114,3115,0.5,63,14
3115,3116,0.5,63,15
3116,3117,0.5,63,16
3117,3118,0.5,63,17
3118,3119,0.5,63,18
3119,3120,0.5,63,19
3120,3121,0.5,63,20
3121,3122,0.5,63,21
3122,3123,0.5,63,22
3123,3124,0.5,63,23
3124,3125,0.5,63,24
3125,3126,0.5,63,25
3126,3127,0.5,63,26
3127,3128,0.5,63,27
3128,3129,0.5,63,28
3129,3130,0.5,63,29
3130,3131,0.5,63,30
3131,3132,0.5,63,31
3132,3133,0.5,63,32
3133,3134,0.5,63,33
3134,3135,0.5,63,34
3135,3136,0.5,63,35
3136,3137,0.5,63,36
3137,3138,0.5,63,37
3138,3139,0.5,63,38
3139,3140,0.5,63,39
3140,3141,0.5,63,40
3141,3142,0.5,63,41
3142,3143,0.5,63,42
3143,3144,0.5,63,43
3144,3145,0.5,63,44
3145,3146,0.5,63,45
3146,3147,0.5,63,46
3147,3148,0.5,63,47
3148,3149,0.5,63,48
3149,3150,0.5,63,49
3150,3151,0.5,64,0
3151,3152,0.5,64,1
3152,3153,0.5,64,2
3153,3154,0.5,64,3
3154,3155,0.5,64,4
3155,3156,0.5,64,5
3156,3157,0.5,64,6
3157,3158,0.5,64,7
3158,3159,0.5,64,8
3159,3160,0.5,64,9
3160,3161,0.5,64,10
3161,3162,0.5,64,11
3162,3163,0.5,64,12
3163,3164,0.5,64,13
3164,3165,0.5,64,14
3165,3166,0.5,64,15
3166,3167,0.5,64,16
3167,3168,0.5,64,17
3168,3169,0.5,64,18
3169,3170,0.5,64,19
3170,3171,0.5,64,20
3171,3172,0.5,64,21
3172,3173,0.5,64,22
3173,3174,0.5,64,23
3174,3175,0.5,64,24
3175,3176,0.5,64,25
3176,3177,0.5,64,26
3177,3178,0.5,64,27
3178,3179,0.5,64,28
3179,3180,0.5,64,29
3180,3181,0.5,64,30
3181,3182,0.5,64,31
3182,3183,0.5,64,32
3183,3184,0.5,64,33
3184,3185,0.5,64,34
3185,3186,0.5,64,35
3186,3187,0.5,64,36
3187,3188,0.5,64,37
3188,3189,0.5,64,38
3189,3190,0.5,64,39
3190,3191,0.5,64,40
3191,3192,0.5,64,41
3192,3193,0.5,64,42
3193,3194,0.5,64,43
3194,3195,0.5,64,44
3195,3196,0.5,64,45
3196,3197,0.5,64,46
3197,3198,0.5,64,47
3198,3199,0.5,64,48
3199,3200,0.5,64,49
3200,3201,0.5,65,0
3201,3202,0.5,65,1
3202,3203,0.5,65,2
3203,3204,0.5,65,3
3204,3205,0.5,65,4
3205,3206,0.5,65,5
3206,3207,0.5,65,6
3207,3208,0.5,65,7
3208,3209,0.5,65,8
3209,3210,0.5,65,9
3210,3211,0.5,65,10
3211,3212,0.5,65,11
3212,3213,0.5,65,12
3213,3214,0.5,65,13
3214,3215,0.5,65,14
3215,3216,0.5,65,15
3216,3217,0.5,65,16
3217,3218,0.5,65,17
3218,3219,0.5,65,18
3219,3220,0.5,65,19
3220,3221,0.5,65,20
3221,3222,0.5,65,21
3222,3223,0.5,65,22
3223,3224,0.5,65,23
3224,3225,0.5,65,24
3225,3226,0.5,65,25
3226,3227,0.5,65,26
3227,3228,0.5,65,27
3228,3229,0.5,65,28
3229,3230,0.5,65,29
3230,3231,0.5,65,30
3231,3232,0.5,65,31
3232,3233,0.5,65,32
3233,3234,0.5,65,33
3234,3235,0.5,65,34
3235,3236,0.5,65,35
3236,3237,0.5,65,36
3237,3238,0.5,65,37
3238,3239,0.5,65,38
3239,3240,0.5,65,39
3240,3241,0.5,65,40
3241,3242,0.5,65,41
3242,3243,0.5,65,42
3243,3244,0.5,65,43
3244,3245,0.5,65,44
3245,3246,0.5,65,45
3246,3247,0.5,65,46
3247,3248,0.5,65,47
3248,3249,0.5,65,48
3249,3250,0.5,65,49
3250,3251,0.5,66,0
3251,3252,0.5,66,1
3252,3253,0.5,66,2
3253,3254,0.5,66,3
3254,3255,0.5,66,4
3255,3256,0.5,66,5
3256,3257,0.5,66,6
3257,3258,0.5,66,7
3258,3259,0.5,66,8
3259,3260,0.5,66,9
3260,3261,0.5,66,10
3261,3262,0.5,66,11
3262,3263,0.5,66,12
3263,3264,0.5,66,13
3264,3265,0.5,66,14
3265,3266,0.5,66,15
3266,3267,0.5,66,16
3267,3268,0.5,66,17
3268,3269,0.5,66,18
3269,3270,0.5,66,19
3270,3271,0.5,66,20
3271,3272,0.5,66,21
3272,3273,0.5,66,22
3273,3274,0.5,66,23
3274,3275,0.5,66,24
3275,3276,0.5,66,25
3276,3277,0.5,66,26
3277,3278,0.5,66,27
3278,3279,0.5,66,28
3279,3280,0.5,66,29
3280,3281,0.5,66,30
3281,3282,0.5,66,31
3282,3283,0.5,66,32
3283,3284,0.5,66,33
3284,3285,0.5,66,34
3285,3286,0.5,66,35
3286,3287,0.5,66,36
3287,3288,0.5,66,37
3288,3289,0.5,66,38
3289,3290,0.5,66,39
3290,3291,0.5,66,40
3291,3292,0.5,66,41
3292,3293,0.5,66,42
3293,3294,0.5,66,43
3294,3295,0.5,66,44
3295,3296,0.5,66,45
3296,3297,0.5,66,46
3297,3298,0.5,66,47
3298,3299,0.5,66,48
3299,3300,0.5,66,49
3300,3301,0.5,67,0
3301,3302,0.5,67,1
3302,3303,0.5,67,2
3303,3304,0.5,67,3
3304,3305,0.5,67,4
3305,3306,0.5,67,5
3306,3307,0.5,67,6
3307,3308,0.5,67,7
3308,3309,0.5,67,8
3309,3310,0.5,67,9
3310,3311,0.5,67,10
3311,3312,0.5,67,11
3312,3313,0.5,67,12
3313,3314,0.5,67,13
3314,3315,0.5,67,14
3315,3316,0.5,67,15
3316,3317,0.5,67,16
3317,3318,0.5,67,17
3318,3319,0.5,67,18
3319,3320,0.5,67,19
3320,3321,0.5,67,20
3321,3322,0.5,67,21
3322,3323,0.5,67,22
3323,3324,0.5,67,23
3324,3325,0.5,67,24
3325,3326,0.5,67,25
3326,3327,0.5,67,26
3327,3328,0.5,67,27
3328,3329,0.5,67,28
3329,3330,0.5,67,29
3330,3331,0.5,67,30
3331,3332,0.5,67,31
3332,3333,0.5,67,32
3333,3334,0.5,67,33
3334,3335,0.5,67,34
3335,3336,0.5,67,35
3336,3337,0.5,67,36
3337,3338,0.5,67,37
3338,3339,0.5,67,38
3339,3340,0.5,67,39
3340,3341,0.5,67,40
3341,3342,0.5,67,41
3342,3343,0.5,67,42
3343,3344,0.5,67,43
3344,3345,0.5,67,44
3345,3346,0.5,67,45
3346,3347,0.5,67,46
3347,3348,0.5,67,47
3348,3349,0.5,67,48
3349,3350,0.5,67,49
3350,3351,0.5,68,0
3351,3352,0.5,68,1
3352,3353,0.5,68,2
3353,3354,0.5,68,3
3354,3355,0.5,68,4
3355,3356,0.5,68,5
3356,3357,0.5,68,6
3357,3358,0.5,68,7
3358,3359,0.5,68,8
3359,3360,0.5,68,9
3360,3361,0.5,68,10
3361,3362,0.5,68,11
3362,3363,0.5,68,12
3363,3364,0.5,68,13
3364,3365,0.5,68,14
3365,3366,0.5,68,15
3366,3367,0.5,68,16
3367,3368,0.5,68,17
3368,3369,0.5,68,18
3369,3370,0.5,68,19
3370,3371,0.5,68,20
3371,3372,0.5,68,21
3372,3373,0.5,68,22
3373,3374,0.5,68,23
3374,3375,0.5,68,24
3375,3376,0.5,68,25
3376,3377,0.5,68,26
3377,3378,0.5,68,27
3378,3379,0.5,68,28
3379,3380,0.5,68,29
3380,3381,0.5,68,30
3381,3382,0.5,68,31
3382,3383,0.5,68,32
3383,3384,0.5,68,33
3384,3385,0.5,68,34
3385,3386,0.5,68,35
3386,3387,0.5,68,36
3387,3388,0.5,68,37
3388,3389,0.5,68,38
3389,3390,0.5,68,39
3390,3391,0.5,68,40
3391,3392,0.5,68,41
3392,3393,0.5,68,42
3393,3394,0.5,68,43
3394,3395,0.5,68,44
3395,3396,0.5,68,45
3396,3397,0.5,68,46
3397,3398,0.5,68,47
3398,3399,0.5,68,48
3399,3400,0.5,68,49
3400,3401,0.5,69,0
3401,3402,0.5,69,1
3402,3403,0.5,69,2
3403,3404,0.5,69,3
3404,3405,0.5,69,4
3405,3406,0.5,69,5
3406,3407,0.5,69,6
3407,3408,0.5,69,7
3408,3409,0.5,69,8
3409,3410,0.5,69,9
3410,3411,0.5,69,10
3411,3412,0.5,69,11
3412,3413,0.5,69,12
3413,3414,0.5,69,13
3414,3415,0.5,69,14
3415,3416,0.5,69,15
3416,3417,0.5,69,16
3417,3418,0.5,69,17
3418,3419,0.5,69,18
3419,3420,0.5,69,19
3420,3421,0.5,69,20
3421,3422,0.5,69,21
3422,3423,0.5,69,22
3423,3424,0.5,69,23
3424,3425,0.5,69,24
3425,3426,0.5,69,25
3426,3427,0.5,69,26
3427,3428,0.5,69,27
3428,3429,0.5,69,28
3429,3430,0.5,69,29
3430,3431,0.5,69,30
3431,3432,0.5,69,31
3432,3433,0.5,69,32
3433,3434,0.5,69,33
3434,3435,0.5,69,34
3435,3436,0.5,69,35
3436,3437,0.5,69,36
3437,3438,0.5,69,37
3438,3439,0.5,69,38
3439,3440,0.5,69,39
3440,3441,0.5,69,40
3441,3442,0.5,69,41
3442,3443,0.5,69,42
3443,3444,0.5,69,43
3444,3445,0.5,69,44
3445,3446,0.5,69,45
3446,3447,0.5,69,46
3447,3448,0.5,69,47
3448,3449,0.5,69,48
3449,3450,0.5,69,49
3450,3451,0.5,70,0
3451,3452,0.5,70,1
3452,3453,0.5,70,2
3453,3454,0.5,70,3
3454,3455,0.5,70,4
3455,3456,0.5,70,5
3456,3457,0.5,70,6
3457,3458,0.5,70,7
3458,3459,0.5,70,8
3459,3460,0.5,70,9
3460,3461,0.5,70,10
3461,3462,0.5,70,11
3462,3463,0.5,70,12
3463,3464,0.5,70,13
3464,3465,0.5,70,14
3465,3466,0.5,70,15
3466,3467,0.5,70,16
3467,3468,0.5,70,17
3468,3469,0.5,70,18
3469,3470,0.5,70,19
3470,3471,0.5,70,20
3471,3472,0.5,70,21
3472,3473,0.5,70,22
3473,3474,0.5,70,23
3474,3475,0.5,70,24
3475,3476,0.5,70,25
3476,3477,0.5,70,26
3477,3478,0.5,70,27
3478,3479,0.5,70,28
3479,3480,0.5,70,29
3480,3481,0.5,70,30
3481,3482,0.5,70,31
3482,3483,0.5,70,32
3483,3484,0.5,70,33
3484,3485,0.5,70,34
3485,3486,0.5,70,35
3486,3487,0.5,70,36
3487,3488,0.5,70,37
3488,3489,0.5,70,38
3489,3490,0.5,70,39
3490,3491,0.5,70,40
3491,3492,0.5,70,41
3492,3493,0.5,70,42
3493,3494,0.5,70,43
3494,3495,0.5,70,44
3495,3496,0.5,70,45
3496,3497,0.5,70,46
3497,3498,0.5,70,47
3498,3499,0.5,70,48
3499,3500,0.5,70,49
3500,3501,0.5,71,0
3501,3502,0.5,71,1
3502,3503,0.5,71,2
3503,3504,0.5,71,3
3504,3505,0.5,71,4
3505,3506,0.5,71,5
3506,3507,0.5,71,6
3507,3508,0.5,71,7
3508,3509,0.5,71,8
3509,3510,0.5,71,9
3510,3511,0.5,71,10
3511,3512,0.5,71,11
3512,3513,0.5,71,12
3513,3514,0.5,71,13
3514,3515,0.5,71,14
3515,3516,0.5,71,15
3516,3517,0.5,71,16
3517,3518,0.5,71,17
3518,3519,0.5,71,18
3519,3520,0.5,71,19
3520,3521,0.5,71,20
3521,3522,0.5,71,21
3522,3523,0.5,71,22
3523,3524,0.5,71,23
3524,3525,0.5,71,24
3525,3526,0.5,71,25
3526,3527,0.5,71,26
3527,3528,0.5,71,27
3528,3529,0.5,71,28
3529,3530,0.5,71,29
3530,3531,0.5,71,30
3531,3532,0.5,71,31
3532,3533,0.5,71,32
3533,3534,0.5,71,33
3534,3535,0.5,71,34
3535,3536,0.5,71,35
3536,3537,0.5,71,36
3537,3538,0.5,71,37
3538,3539,0.5,71,38
3539,3540,0.5,71,39
3540,3541,0.5,71,40
3541,3542,0.5,71,41
3542,3543,0.5,71,42
3543,3544,0.5,71,43
3544,3545,0.5,71,44
3545,3546,0.5,71,45
3546,3547,0.5,71,46
3547,3548,0.5,71,47
3548,3549,0.5,71,48
3549,3550,0.5,71,49
3550,3551,0.5,72,0
3551,3552,0.5,72,1
3552,3553,0.5,72,2
3553,3554,0.5,72,3
3554,3555,0.5,72,4
3555,3556,0.5,72,5
3556,3557,0.5,72,6
3557,3558,0.5,72,7
3558,3559,0.5,72,8
3559,3560,0.5,72,9
3560,3561,0.5,72,10
3561,3562,0.5,72,11
3562,3563,0.5,72,12
3563,3564,0.5,72,13
3564,3565,0.5,72,14
3565,3566,0.5,72,15
3566,3567,0.5,72,16
3567,3568,0.5,72,17
3568,3569,0.5,72,18
3569,3570,0.5,72,19
3570,3571,0.5,72,20
3571,3572,0.5,72,21
3572,3573,0.5,72,22
3573,3574,0.5,72,23
3574,3575,0.5,72,24
3575,3576,0.5,72,25
3576,3577,0.5,72,26
3577,3578,0.5,72,27
3578,3579,0.5,72,28
3579,3580,0.5,72,29
3580,3581,0.5,72,30
3581,3582,0.5,72,31
3582,3583,0.5,72,32
3583,3584,0.5,72,33
3584,3585,0.5,72,34
3585,3586,0.5,72,35
3586,3587,0.5,72,36
3587,3588,0.5,72,37
3588,3589,0.5,72,38
3589,3590,0.5,72,39
3590,3591,0.5,72,40
3591,3592,0.5,72,41
3592,3593,0.5,72,42
3593,3594,0.5,72,43
3594,3595,0.5,72,44
3595,3596,0.5,72,45
3596,3597,0.5,72,46
3597,3598,0.5,72,47
3598,3599,0.5,72,48
3599,3600,0.5,72,49
3600,3601,0.5,73,0
3601,3602,0.5,73,1
3602,3603,0.5,73,2
3603,3604,0.5,73,3
3604,3605,0.5,73,4
3605,3606,0.5,73,5
3606,3607,0.5,73,6
3607,3608,0.5,73,7
3608,3609,0.5,73,8
3609,3610,0.5,73,9
3610,3611,0.5,73,10
3611,3612,0.5,73,11
3612,3613,0.5,73,12
3613,3614,0.5,73,13
3614,3615,0.5,73,14
3615,3616,0.5,73,15
3616,3617,0.5,73,16
3617,3618,0.5,73,17
3618,3619,0.5,73,18
3619,3620,0.5,73,19
3620,3621,0.5,73,20
3621,3622,0.5,73,21
3622,3623,0.5,73,22
3623,3624,0.5,73,23
3624,3625,0.5,73,24
3625,3626,0.5,73,25
3626,3627,0.5,73,26
3627,3628,0.5,73,27
3628,3629,0.5,73,28
3629,3630,0.5,73,29
3630,3631,0.5,73,30
3631,3632,0.5,73,31
3632,3633,0.5,73,32
3633,3634,0.5,73,33
3634,3635,0.5,73,34
3635,3636,0.5,73,35
3636,3637,0.5,73,36
3637,3638,0.5,73,37
3638,3639,0.5,73,38
3639,3640,0.5,73,39
3640,3641,0.5,73,40
3641,3642,0.5,73,41
3642,3643,0.5,73,42
3643,3644,0.5,73,43
3644,3645,0.5,73,44
3645,3646,0.5,73,45
3646,3647,0.5,73,46
3647,3648,0.5,73,47
3648,3649,0.5,73,48
3649,3650,0.5,73,49
3650,3651,0.5,74,0
3651,3652,0.5,74,1
3652,3653,0.5,74,2
3653,3654,0.5,74,3
3654,3655,0.5,74,4
3655,3656,0.5,74,5
3656,3657,0.5,74,6
3657,3658,0.5,74,7
3658,3659,0.5,74,8
3659,3660,0.5,74,9
3660,3661,0.5,74,10
3661,3662,0.5,74,11
3662,3663,0.5,74,12
3663,3664,0.5,74,13
3664,3665,0.5,74,14
3665,3666,0.5,74,15
3666,3667,0.5,74,16
3667,3668,0.5,74,17
3668,3669,0.5,74,18
3669,3670,0.5,74,19
3670,3671,0.5,74,20
3671,3672,0.5,74,21
3672,3673,0.5,74,22
3673,3674,0.5,74,23
3674,3675,0.5,74,24
3675,3676,0.5,74,25
3676,3677,0.5,74,26
3677,3678,0.5,74,27
3678,3679,0.5,74,28
3679,3680,0.5,74,29
3680,3681,0.5,74,30
3681,3682,0.5,74,31
3682,3683,0.5,74,32
3683,3684,0.5,74,33
3684,3685,0.5,74,34
3685,3686,0.5,74,35
3686,3687,0.5,74,36
3687,3688,0.5,74,37
3688,3689,0.5,74,38
3689,3690,0.5,74,39
3690,3691,0.5,74,40
3691,3692,0.5,74,41
3692,3693,0.5,74,42
3693,3694,0.5,74,43
3694,3695,0.5,74,44
3695,3696,0.5,74,45
3696,3697,0.5,74,46
3697,3698,0.5,74,47
3698,3699,0.5,74,48
3699,3700,0.5,74,49
3700,3701,0.5,75,0
3701,3702,0.5,75,1
3702,3703,0.5,75,2
3703,3704,0.5,75,3
3704,3705,0.5,75,4
3705,3706,0.5,75,5
3706,3707,0.5,75,6
3707,3708,0.5,75,7
3708,3709,0.5,75,8
3709,3710,0.5,75,9
3710,3711,0.5,75,10
3711,3712,0.5,75,11
3712,3713,0.5,75,12
3713,3714,0.5,75,13
3714,3715,0.5,75,14
3715,3716,0.5,75,15
3716,3717,0.5,75,16
3717,3718,0.5,75,17
3718,3719,0.5,75,18
3719,3720,0.5,75,19
3720,3721,0.5,75,20
3721,3722,0.5,75,21
3722,3723,0.5,75,22
3723,3724,0.5,75,23
3724,3725,0.5,75,24
3725,3726,0.5,75,25
3726,3727,0.5,75,26
3727,3728,0.5,75,27
3728,3729,0.5,75,28
3729,3730,0.5,75,29
3730,3731,0.5,75,30
3731,3732,0.5,75,31
3732,3733,0.5,75,32
3733,3734,0.5,75,33
3734,3735,0.5,75,34
3735,3736,0.5,75,35
3736,3737,0.5,75,36
3737,3738,0.5,75,37
3738,3739,0.5,75,38
3739,3740,0.5,75,39
3740,3741,0.5,75,40
3741,3742,0.5,75,41
3742,3743,0.5,75,42
3743,3744,0.5,75,43
3744,3745,0.5,75,44
3745,3746,0.5,75,45
3746,3747,0.5,75,46
3747,3748,0.5,75,47
3748,3749,0.5,75,48
3749,3750,0.5,75,49
3750,3751,0.5,76,0
3751,3752,0.5,76,1
3752,3753,0.5,76,2
3753,3754,0.5,76,3
3754,3755,0.5,76,4
3755,3756,0.5,76,5
3756,3757,0.5,76,6
3757,3758,0.5,76,7
3758,3759,0.5,76,8
3759,3760,0.5,76,9
3760,3761,0.5,76,10
3761,3762,0.5,76,11
3762,3763,0.5,76,12
3763,3764,0.5,76,13
3764,3765,0.5,76,14
3765,3766,0.5,76,15
3766,3767,0.5,76,16
3767,3768,0.5,76,17
3768,3769,0.5,76,18
3769,3770,0.5,76,19
3770,3771,0.5,76,20
3771,3772,0.5,76,21
3772,3773,0.5,76,22
3773,3774,0.5,76,23
3774,3775,0.5,76,24
3775,3776,0.5,76,25
3776,3777,0.5,76,26
3777,3778,0.5,76,27
3778,3779,0.5,76,28
3779,3780,0.5,76,29
3780,3781,0.5,76,30
3781,3782,0.5,76,31
3782,3783,0.5,76,32
3783,3784,0.5,76,33
3784,3785,0.5,76,34
3785,3786,0.5,76,35
3786,3787,0.5,76,36
3787,3788,0.5,76,37
3788,3789,0.5,76,38
3789,3790,0.5,76,39
3790,3791,0.5,76,40
3791,3792,0.5,76,41
3792,3793,0.5,76,42
3793,3794,0.5,76,43
3794,3795,0.5,76,44
3795,3796,0.5,76,45
3796,3797,0.5,76,46
3797,3798,0.5,76,47
3798,3799,0.5,76,48
3799,3800,0.5,76,49
3800,3801,0.5,77,0
3801,3802,0.5,77,1
3802,3803,0.5,77,2
3803,3804,0.5,77,3
3804,3805,0.5,77,4
3805,3806,0.5,77,5
3806,3807,0.5,77,6
3807,3808,0.5,77,7
3808,3809,0.5,77,8
3809,3810,0.5,77,9
3810,3811,0.5,77,10
3811,3812,0.5,77,11
3812,3813,0.5,77,12
3813,3814,0.5,77,13
3814,3815,0.5,77,14
3815,3816,0.5,77,15
3816,3817,0.5,77,16
3817,3818,0.5,77,17
3818,3819,0.5,77,18
3819,3820,0.5,77,19
3820,3821,0.5,77,20
3821,3822,0.5,77,21
3822,3823,0.5,77,22
3823,3824,0.5,77,23
3824,3825,0.5,77,24
3825,3826,0.5,77,25
3826,3827,0.5,77,26
3827,3828,0.5,77,27
3828,3829,0.5,77,28
3829,3830,0.5,77,29
3830,3831,0.5,77,30
3831,3832,0.5,77,31
3832,3833,0.5,77,32
3833,3834,0.5,77,33
3834,3835,0.5,77,34
3835,3836,0.5,77,35
3836,3837,0.5,77,36
3837,3838,0.5,77,37
3838,3839,0.5,77,38
3839,3840,0.5,77,39
3840,3841,0.5,77,40
3841,3842,0.5,77,41
3842,3843,0.5,77,42
3843,3844,0.5,77,43
3844,3845,0.5,77,44
3845,3846,0.5,77,45
3846,3847,0.5,77,46
3847,3848,0.5,77,47
3848,3849,0.5,77,48
3849,3850,0.5,77,49
3850,3851,0.5,78,0
3851,3852,0.5,78,1
3852,3853,0.5,78,2
3853,3854,0.5,78,3
3854,3855,0.5,78,4
3855,3856,0.5,78,5
3856,3857,0.5,78,6
3857,3858,0.5,78,7
3858,3859,0.5,78,8
3859,3860,0.5,78,9
3860,3861,0.5,78,10
3861,3862,0.5,78,11
3862,3863,0.5,78,12
3863,3864,0.5,78,13
3864,3865,0.5,78,14
3865,3866,0.5,78,15
3866,3867,0.5,78,16
3867,3868,0.5,78,17
3868,3869,0.5,78,18
3869,3870,0.5,78,19
3870,3871,0.5,78,20
3871,3872,0.5,78,21
3872,3873,0.5,78,22
3873,3874,0.5,78,23
3874,3875,0.5,78,24
3875,3876,0.5,78,25
3876,3877,0.5,78,26
3877,3878,0.5,78,27
3878,3879,0.5,78,28
3879,3880,0.5,78,29
3880,3881,0.5,78,30
3881,3882,0.5,78,31
3882,3883,0.5,78,32
3883,3884,0.5,78,33
3884,3885,0.5,78,34
3885,3886,0.5,78,35
3886,3887,0.5,78,36
3887,3888,0.5,78,37
3888,3889,0.5,78,38
3889,3890,0.5,78,39
3890,3891,0.5,78,40
3891,3892,0.5,78,41
3892,3893,0.5,78,42
3893,3894,0.5,78,43
3894,3895,0.5,78,44
3895,3896,0.5,78,45
3896,3897,0.5,78,46
3897,3898,0.5,78,47
3898,3899,0.5,78,48
3899,3900,0.5,78,49
3900,3901,0.5,79,0
3901,3902,0.5,79,1
3902,3903,0.5,79,2
3903,3904,0.5,79,3
3904,3905,0.5,79,4
3905,3906,0.5,79,5
3906,3907,0.5,79,6
3907,3908,0.5,79,7
3908,3909,0.5,79,8
3909,3910,0.5,79,9
3910,3911,0.5,79,10
3911,3912,0.5,79,11
3912,3913,0.5,79,12
3913,3914,0.5,79,13
3914,3915,0.5,79,14
3915,3916,0.5,79,15
3916,3917,0.5,79,16
3917,3918,0.5,79,17
3918,3919,0.5,79,18
3919,3920,0.5,79,19
3920,3921,0.5,79,20
3921,3922,0.5,79,21
3922,3923,0.5,79,22
3923,3924,0.5,79,23
3924,3925,0.5,79,24
3925,3926,0.5,79,25
3926,3927,0.5,79,26
3927,3928,0.5,79,27
3928,3929,0.5,79,28
3929,3930,0.5,79,29
3930,3931,0.5,79,30
3931,3932,0.5,79,31
3932,3933,0.5,79,32
3933,3934,0.5,79,33
3934,3935,0.5,79,34
3935,3936,0.5,79,35
3936,3937,0.5,79,36
3937,3938,0.5,79,37
3938,3939,0.5,79,38
3939,3940,0.5,79,39
3940,3941,0.5,79,40
3941,3942,0.5,79,41
3942,3943,0.5,79,42
3943,3944,0.5,79,43
3944,3945,0.5,79,44
3945,3946,0.5,79,45
3946,3947,0.5,79,46
3947,3948,0.5,79,47
3948,3949,0.5,79,48
3949,3950,0.5,79,49
3950,3951,0.5,80,0
3951,3952,0.5,80,1
3952,3953,0.5,80,2
3953,3954,0.5,80,3
3954,3955,0.5,80,4
3955,3956,0.5,80,5
3956,3957,0.5,80,6
3957,3958,0.5,80,7
3958,3959,0.5,80,8
3959,3960,0.5,80,9
3960,3961,0.5,80,10
3961,3962,0.5,80,11
3962,3963,0.5,80,12
3963,3964,0.5,80,13
3964,3965,0.5,80,14
3965,3966,0.5,80,15
3966,3967,0.5,80,16
3967,3968,0.5,80,17
3968,3969,0.5,80,18
3969,3970,0.5,80,19
3970,3971,0.5,80,20
3971,3972,0.5,80,21
3972,3973,0.5,80,22
3973,3974,0.5,80,23
3974,3975,0.5,80,24
3975,3976,0.5,80,25
3976,3977,0.5,80,26
3977,3978,0.5,80,27
3978,3979,0.5,80,28
3979,3980,0.5,80,29
3980,3981,0.5,80,30
3981,3982,0.5,80,31
3982,3983,0.5,80,32
3983,3984,0.5,80,33
3984,3985,0.5,80,34
3985,3986,0.5,80,35
3986,3987,0.5,80,36
3987,3988,0.5,80,37
3988,3989,0.5,80,38
3989,3990,0.5,80,39
3990,3991,0.5,80,40
3991,3992,0.5,80,41
3992,3993,0.5,80,42
3993,3994,0.5,80,43
3994,3995,0.5,80,44
3995,3996,0.5,80,45
3996,3997,0.5,80,46
3997,3998,0.5,80,47
3998,3999,0.5,80,48
3999,4000,0.5,80,49
4000,4001,0.5,81,0
4001,4002,0.5,81,1
4002,4003,0.5,81,2
4003,4004,0.5,81,3
4004,4005,0.5,81,4
4005,4006,0.5,81,5
4006,4007,0.5,81,6
4007,4008,0.5,81,7
4008,4009,0.5,81,8
4009,4010,0.5,81,9
4010,4011,0.5,81,10
4011,4012,0.5,81,11
4012,4013,0.5,81,12
4013,4014,0.5,81,13
4014,4015,0.5,81,14
4015,4016,0.5,81,15
4016,4017,0.5,81,16
4017,4018,0.5,81,17
4018,4019,0.5,81,18
4019,4020,0.5,81,19
4020,4021,0.5,81,20
4021,4022,0.5,81,21
4022,4023,0.5,81,22
4023,4024,0.5,81,23
4024,4025,0.5,81,24
4025,4026,0.5,81,25
4026,4027,0.5,81,26
4027,4028,0.5,81,27
4028,4029,0.5,81,28
4029,4030,0.5,81,29
4030,4031,0.5,81,30
4031,4032,0.5,81,31
4032,4033,0.5,81,32
4033,4034,0.5,81,33
4034,4035,0.5,81,34
4035,4036,0.5,81,35
4036,4037,0.5,81,36
4037,4038,0.5,81,37
4038,4039,0.5,81,38
4039,4040,0.5,81,39
4040,4041,0.5,81,40
4041,4042,0.5,81,41
4042,4043,0.5,81,42
4043,4044,0.5,81,43
4044,4045,0.5,81,44
4045,4046,0.5,81,45
4046,4047,0.5,81,46
4047,4048,0.5,81,47
4048,4049,0.5,81,48
4049,4050,0.5,81,49
4050,4051,0.5,82,0
4051,4052,0.5,82,1
4052,4053,0.5,82,2
4053,4054,0.5,82,3
4054,4055,0.5,82,4
4055,4056,0.5,82,5
4056,4057,0.5,82,6
4057,4058,0.5,82,7
4058,4059,0.5,82,8
4059,4060,0.5,82,9
4060,4061,0.5,82,10
4061,4062,0.5,82,11
4062,4063,0.5,82,12
4063,4064,0.5,82,13
4064,4065,0.5,82,14
4065,4066,0.5,82,15
4066,4067,0.5,82,16
4067,4068,0.5,82,17
4068,4069,0.5,82,18
4069,4070,0.5,82,19
4070,4071,0.5,82,20
4071,4072,0.5,82,21
4072,4073,0.5,82,22
4073,4074,0.5,82,23
4074,4075,0.5,82,24
4075,4076,0.5,82,25
4076,4077,0.5,82,26
4077,4078,0.5,82,27
4078,4079,0.5,82,28
4079,4080,0.5,82,29
4080,4081,0.5,82,30
4081,4082,0.5,82,31
4082,4083,0.5,82,32
4083,4084,0.5,82,33
4084,4085,0.5,82,34
4085,4086,0.5,82,35
4086,4087,0.5,82,36
4087,4088,0.5,82,37
4088,4089,0.5,82,38
4089,4090,0.5,82,39
4090,4091,0.5,82,40
4091,4092,0.5,82,41
4092,4093,0.5,82,42
4093,4094,0.5,82,43
4094,4095,0.5,82,44
4095,4096,0.5,82,45
4096,4097,0.5,82,46
4097,4098,0.5,82,47
4098,4099,0.5,82,48
4099,4100,0.5,82,49
4100,4101,0.5,83,0
4101,4102,0.5,83,1
4102,4103,0.5,83,2
4103,4104,0.5,83,3
4104,4105,0.5,83,4
4105,4106,0.5,83,5
4106,4107,0.5,83,6
4107,4108,0.5,83,7
4108,4109,0.5,83,8
4109,4110,0.5,83,9
4110,4111,0.5,83,10
4111,4112,0.5,83,11
4112,4113,0.5,83,12
4113,4114,0.5,83,13
4114,4115,0.5,83,14
4115,4116,0.5,83,15
4116,4117,0.5,83,16
4117,4118,0.5,83,17
4118,4119,0.5,83,18
4119,4120,0.5,83,19
4120,4121,0.5,83,20
4121,4122,0.5,83,21
4122,4123,0.5,83,22
4123,4124,0.5,83,23
4124,4125,0.5,83,24
4125,4126,0.5,83,25
4126,4127,0.5,83,26
4127,4128,0.5,83,27
4128,4129,0.5,83,28
4129,4130,0.5,83,29
4130,4131,0.5,83,30
4131,4132,0.5,83,31
4132,4133,0.5,83,32
4133,4134,0.5,83,33
4134,4135,0.5,83,34
4135,4136,0.5,83,35
4136,4137,0.5,83,36
4137,4138,0.5,83,37
4138,4139,0.5,83,38
4139,4140,0.5,83,39
4140,4141,0.5,83,40
4141,4142,0.5,83,41
4142,4143,0.5,83,42
4143,4144,0.5,83,43
4144,4145,0.5,83,44
4145,4146,0.5,83,45
4146,4147,0.5,83,46
4147,4148,0.5,83,47
4148,4149,0.5,83,48
4149,4150,0.5,83,49
4150,4151,0.5,84,0
4151,4152,0.5,84,1
4152,4153,0.5,84,2
4153,4154,0.5,84,3
4154,4155,0.5,84,4
4155,4156,0.5,84,5
4156,4157,0.5,84,6
4157,4158,0.5,84,7
4158,4159,0.5,84,8
4159,4160,0.5,84,9
4160,4161,0.5,84,10
4161,4162,0.5,84,11
4162,4163,0.5,84,12
4163,4164,0.5,84,13
4164,4165,0.5,84,14
4165,4166,0.5,84,15
4166,4167,0.5,84,16
4167,4168,0.5,84,17
4168,4169,0.5,84,18
4169,4170,0.5,84,19
4170,4171,0.5,84,20
4171,4172,0.5,84,21
4172,4173,0.5,84,22
4173,4174,0.5,84,23
4174,4175,0.5,84,24
4175,4176,0.5,84,25
4176,4177,0.5,84,26
4177,4178,0.5,84,27
4178,4179,0.5,84,28
4179,4180,0.5,84,29
4180,4181,0.5,84,30
4181,4182,0.5,84,31
4182,4183,0.5,84,32
4183,4184,0.5,84,33
4184,4185,0.5,84,34
4185,4186,0.5,84,35
4186,4187,0.5,84,36
4187,4188,0.5,84,37
4188,4189,0.5,84,38
4189,4190,0.5,84,39
4190,4191,0.5,84,40
4191,4192,0.5,84,41
4192,4193,0.5,84,42
4193,4194,0.5,84,43
4194,4195,0.5,84,44
4195,4196,0.5,84,45
4196,4197,0.5,84,46
4197,4198,0.5,84,47
4198,4199,0.5,84,48
4199,4200,0.5,84,49
4200,4201,0.5,85,0
4201,4202,0.5,85,1
4202,4203,0.5,85,2
4203,4204,0.5,85,3
4204,4205,0.5,85,4
4205,4206,0.5,85,5
4206,4207,0.5,85,6
4207,4208,0.5,85,7
4208,4209,0.5,85,8
4209,4210,0.5,85,9
4210,4211,0.5,85,10
4211,4212,0.5,85,11
4212,4213,0.5,85,12
4213,4214,0.5,85,13
4214,4215,0.5,85,14
4215,4216,0.5,85,15
4216,4217,0.5,85,16
4217,4218,0.5,85,17
4218,4219,0.5,85,18
4219,4220,0.5,85,19
4220,4221,0.5,85,20
4221,4222,0.5,85,21
4222,4223,0.5,85,22
4223,4224,0.5,85,23
4224,4225,0.5,85,24
4225,4226,0.5,85,25
4226,4227,0.5,85,26
4227,4228,0.5,85,27
4228,4229,0.5,85,28
4229,4230,0.5,85,29
4230,4231,0.5,85,30
4231,4232,0.5,85,31
4232,4233,0.5,85,32
4233,4234,0.5,85,33
4234,4235,0.5,85,34
4235,4236,0.5,85,35
4236,4237,0.5,85,36
4237,4238,0.5,85,37
4238,4239,0.5,85,38
4239,4240,0.5,85,39
4240,4241,0.5,85,40
4241,4242,0.5,85,41
4242,4243,0.5,85,42
4243,4244,0.5,85,43
4244,4245,0.5,85,44
4245,4246,0.5,85,45
4246,4247,0.5,85,46
4247,4248,0.5,85,47
4248,4249,0.5,85,48
4249,4250,0.5,85,49
4250,4251,0.5,86,0
4251,4252,0.5,86,1
4252,4253,0.5,86,2
4253,4254,0.5,86,3
4254,4255,0.5,86,4
4255,4256,0.5,86,5
4256,4257,0.5,86,6
4257,4258,0.5,86,7
4258,4259,0.5,86,8
4259,4260,0.5,86,9
4260,4261,0.5,86,10
4261,4262,0.5,86,11
4262,4263,0.5,86,12
4263,4264,0.5,86,13
4264,4265,0.5,86,14
4265,4266,0.5,86,15
4266,4267,0.5,86,16
4267,4268,0.5,86,17
4268,4269,0.5,86,18
4269,4270,0.5,86,19
4270,4271,0.5,86,20
4271,4272,0.5,86,21
4272,4273,0.5,86,22
4273,4274,0.5,86,23
4274,4275,0.5,86,24
4275,4276,0.5,86,25
4276,4277,0.5,86,26
4277,4278,0.5,86,27
4278,4279,0.5,86,28
4279,4280,0.5,86,29
4280,4281,0.5,86,30
4281,4282,0.5,86,31
4282,4283,0.5,86,32
4283,4284,0.5,86,33
4284,4285,0.5,86,34
4285,4286,0.5,86,35
4286,4287,0.5,86,36
4287,4288,0.5,86,37
4288,4289,0.5,86,38
4289,4290,0.5,86,39
4290,4291,0.5,86,40
4291,4292,0.5,86,41
4292,4293,0.5,86,42
4293,4294,0.5,86,43
4294,4295,0.5,86,44
4295,4296,0.5,86,45
4296,4297,0.5,86,46
4297,4298,0.5,86,47
4298,4299,0.5,86,48
4299,4300,0.5,86,49
4300,4301,0.5,87,0
4301,4302,0.5,87,1
4302,4303,0.5,87,2
4303,4304,0.5,87,3
4304,4305,0.5,87,4
4305,4306,0.5,87,5
4306,4307,0.5,87,6
4307,4308,0.5,87,7
4308,4309,0.5,87,8
4309,4310,0.5,87,9
4310,4311,0.5,87,10
4311,4312,0.5,87,11
4312,4313,0.5,87,12
4313,4314,0.5,87,13
4314,4315,0.5,87,14
4315,4316,0.5,87,15
4316,4317,0.5,87,16
4317,4318,0.5,87,17
4318,4319,0.5,87,18
4319,4320,0.5,87,19
4320,4321,0.5,87,20
4321,4322,0.5,87,21
4322,4323,0.5,87,22
4323,4324,0.5,87,23
4324,4325,0.5,87,24
4325,4326,0.5,87,25
4326,4327,0.5,87,26
4327,4328,0.5,87,27
4328,4329,0.5,87,28
4329,4330,0.5,87,29
4330,4331,0.5,87,30
4331,4332,0.5,87,31
4332,4333,0.5,87,32
4333,4334,0.5,87,33
4334,4335,0.5,87,34
4335,4336,0.5,87,35
4336,4337,0.5,87,36
4337,4338,0.5,87,37
4338,4339,0.5,87,38
4339,4340,0.5,87,39
4340,4341,0.5,87,40
4341,4342,0.5,87,41
4342,4343,0.5,87,42
4343,4344,0.5,87,43
4344,4345,0.5,87,44
4345,4346,0.5,87,45
4346,4347,0.5,87,46
4347,4348,0.5,87,47
4348,4349,0.5,87,48
4349,4350,0.5,87,49
4350,4351,0.5,88,0
4351,4352,0.5,88,1
4352,4353,0.5,88,2
4353,4354,0.5,88,3
4354,4355,0.5,88,4
4355,4356,0.5,88,5
4356,4357,0.5,88,6
4357,4358,0.5,88,7
4358,4359,0.5,88,8
4359,4360,0.5,88,9
4360,4361,0.5,88,10
4361,4362,0.5,88,11
4362,4363,0.5,88,12
4363,4364,0.5,88,13
4364,4365,0.5,88,14
4365,4366,0.5,88,15
4366,4367,0.5,88,16
4367,4368,0.5,88,17
4368,4369,0.5,88,18
4369,4370,0.5,88,19
4370,4371,0.5,88,20
4371,4372,0.5,88,21
4372,4373,0.5,88,22
4373,4374,0.5,88,23
4374,4375,0.5,88,24
4375,4376,0.5,88,25
4376,4377,0.5,88,26
4377,4378,0.5,88,27
4378,4379,0.5,88,28
4379,4380,0.5,88,29
4380,4381,0.5,88,30
4381,4382,0.5,88,31
4382,4383,0.5,88,32
4383,4384,0.5,88,33
4384,4385,0.5,88,34
4385,4386,0.5,88,35
4386,4387,0.5,88,36
4387,4388,0.5,88,37
4388,4389,0.5,88,38
4389,4390,0.5,88,39
4390,4391,0.5,88,40
4391,4392,0.5,88,41
4392,4393,0.5,88,42
4393,4394,0.5,88,43
4394,4395,0.5,88,44
4395,4396,0.5,88,45
4396,4397,0.5,88,46
4397,4398,0.5,88,47
4398,4399,0.5,88,48
4399,4400,0.5,88,49
4400,4401,0.5,89,0
4401,4402,0.5,89,1
4402,4403,0.5,89,2
4403,4404,0.5,89,3
4404,4405,0.5,89,4
4405,4406,0.5,89,5
4406,4407,0.5,89,6
4407,4408,0.5,89,7
4408,4409,0.5,89,8
4409,4410,0.5,89,9
4410,4411,0.5,89,10
4411,4412,0.5,89,11
4412,4413,0.5,89,12
4413,4414,0.5,89,13
4414,4415,0.5,89,14
4415,4416,0.5,89,15
4416,4417,0.5,89,16
4417,4418,0.5,89,17
4418,4419,0.5,89,18
4419,4420,0.5,89,19
4420,4421,0.5,89,20
4421,4422,0.5,89,21
4422,4423,0.5,89,22
4423,4424,0.5,89,23
4424,4425,0.5,89,24
4425,4426,0.5,89,25
4426,4427,0.5,89,26
4427,4428,0.5,89,27
4428,4429,0.5,89,28
4429,4430,0.5,89,29
4430,4431,0.5,89,30
4431,4432,0.5,89,31
4432,4433,0.5,89,32
4433,4434,0.5,89,33
4434,4435,0.5,89,34
4435,4436,0.5,89,35
4436,4437,0.5,89,36
4437,4438,0.5,89,37
4438,4439,0.5,89,38
4439,4440,0.5,89,39
4440,4441,0.5,89,40
4441,4442,0.5,89,41
4442,4443,0.5,89,42
4443,4444,0.5,89,43
4444,4445,0.5,89,44
4445,4446,0.5,89,45
4446,4447,0.5,89,46
4447,4448,0.5,89,47
4448,4449,0.5,89,48
4449,4450,0.5,89,49
4450,4451,0.5,90,0
4451,4452,0.5,90,1
4452,4453,0.5,90,2
4453,4454,0.5,90,3
4454,4455,0.5,90,4
4455,4456,0.5,90,5
4456,4457,0.5,90,6
4457,4458,0.5,90,7
4458,4459,0.5,90,8
4459,4460,0.5,90,9
4460,4461,0.5,90,10
4461,4462,0.5,90,11
4462,4463,0.5,90,12
4463,4464,0.5,90,13
4464,4465,0.5,90,14
4465,4466,0.5,90,15
4466,4467,0.5,90,16
4467,4468,0.5,90,17
4468,4469,0.5,90,18
4469,4470,0.5,90,19
4470,4471,0.5,90,20
4471,4472,0.5,90,21
4472,4473,0.5,90,22
4473,4474,0.5,90,23
4474,4475,0.5,90,24
4475,4476,0.5,90,25
4476,4477,0.5,90,26
4477,4478,0.5,90,27
4478,4479,0.5,90,28
4479,4480,0.5,90,29
4480,4481,0.5,90,30
4481,4482,0.5,90,31
4482,4483,0.5,90,32
4483,4484,0.5,90,33
4484,4485,0.5,90,34
4485,4486,0.5,90,35
4486,4487,0.5,90,36
4487,4488,0.5,90,37
4488,4489,0.5,90,38
4489,4490,0.5,90,39
4490,4491,0.5,90,40
4491,4492,0.5,90,41
4492,4493,0.5,90,42
4493,4494,0.5,90,43
4494,4495,0.5,90,44
4495,4496,0.5,90,45
4496,4497,0.5,90,46
4497,4498,0.5,90,47
4498,4499,0.5,90,48
4499,4500,0.5,90,49
4500,4501,0.5,91,0
4501,4502,0.5,91,1
4502,4503,0.5,91,2
4503,4504,0.5,91,3
4504,4505,0.5,91,4
4505,4506,0.5,91,5
4506,4507,0.5,91,6
4507,4508,0.5,91,7
4508,4509,0.5,91,8
4509,4510,0.5,91,9
4510,4511,0.5,91,10
4511,4512,0.5,91,11
4512,4513,0.5,91,12
4513,4514,0.5,91,13
4514,4515,0.5,91,14
4515,4516,0.5,91,15
4516,4517,0.5,91,16
4517,4518,0.5,91,17
4518,4519,0.5,91,18
4519,4520,0.5,91,19
4520,4521,0.5,91,20
4521,4522,0.5,91,21
4522,4523,0.5,91,22
4523,4524,0.5,91,23
4524,4525,0.5,91,24
4525,4526,0.5,91,25
4526,4527,0.5,91,26
4527,4528,0.5,91,27
4528,4529,0.5,91,28
4529,4530,0.5,91,29
4530,4531,0.5,91,30
4531,4532,0.5,91,31
4532,4533,0.5,91,32
4533,4534,0.5,91,33
4534,4535,0.5,91,34
4535,4536,0.5,91,35
4536,4537,0.5,91,36
4537,4538,0.5,91,37
4538,4539,0.5,91,38
4539,4540,0.5,91,39
4540,4541,0.5,91,40
4541,4542,0.5,91,41
4542,4543,0.5,91,42
4543,4544,0.5,91,43
4544,4545,0.5,91,44
4545,4546,0.5,91,45
4546,4547,0.5,91,46
4547,4548,0.5,91,47
4548,4549,0.5,91,48
4549,4550,0.5,91,49
4550,4551,0.5,92,0
4551,4552,0.5,92,1
4552,4553,0.5,92,2
4553,4554,0.5,92,3
4554,4555,0.5,92,4
4555,4556,0.5,92,5
4556,4557,0.5,92,6
4557,4558,0.5,92,7
4558,4559,0.5,92,8
4559,4560,0.5,92,9
4560,4561,0.5,92,10
4561,4562,0.5,92,11
4562,4563,0.5,92,12
4563,4564,0.5,92,13
4564,4565,0.5,92,14
4565,4566,0.5,92,15
4566,4567,0.5,92,16
4567,4568,0.5,92,17
4568,4569,0.5,92,18
4569,4570,0.5,92,19
4570,4571,0.5,92,20
4571,4572,0.5,92,21
4572,4573,0.5,92,22
4573,4574,0.5,92,23
4574,4575,0.5,92,24
4575,4576,0.5,92,25
4576,4577,0.5,92,26
4577,4578,0.5,92,27
4578,4579,0.5,92,28
4579,4580,0.5,92,29
4580,4581,0.5,92,30
4581,4582,0.5,92,31
4582,4583,0.5,92,32
4583,4584,0.5,92,33
4584,4585,0.5,92,34
4585,4586,0.5,92,35
4586,4587,0.5,92,36
4587,4588,0.5,92,37
4588,4589,0.5,92,38
4589,4590,0.5,92,39
4590,4591,0.5,92,40
4591,4592,0.5,92,41
4592,4593,0.5,92,42
4593,4594,0.5,92,43
4594,4595,0.5,92,44
4595,4596,0.5,92,45
4596,4597,0.5,92,46
4597,4598,0.5,92,47
4598,4599,0.5,92,48
4599,4600,0.5,92,49
4600,4601,0.5,93,0
4601,4602,0.5,93,1
4602,4603,0.5,93,2
4603,4604,0.5,93,3
4604,4605,0.5,93,4
4605,4606,0.5,93,5
4606,4607,0.5,93,6
4607,4608,0.5,93,7
4608,4609,0.5,93,8
4609,4610,0.5,93,9
4610,4611,0.5,93,10
4611,4612,0.5,93,11
4612,4613,0.5,93,12
4613,4614,0.5,93,13
4614,4615,0.5,93,14
4615,4616,0.5,93,15
4616,4617,0.5,93,16
4617,4618,0.5,93,17
4618,4619,0.5,93,18
4619,4620,0.5,93,19
4620,4621,0.5,93,20
4621,4622,0.5,93,21
4622,4623,0.5,93,22
4623,4624,0.5,93,23
4624,4625,0.5,93,24
4625,4626,0.5,93,25
4626,4627,0.5,93,26
4627,4628,0.5,93,27
4628,4629,0.5,93,28
4629,4630,0.5,93,29
4630,4631,0.5,93,30
4631,4632,0.5,93,31
4632,4633,0.5,93,32
4633,4634,0.5,93,33
4634,4635,0.5,93,34
4635,4636,0.5,93,35
4636,4637,0.5,93,36
4637,4638,0.5,93,37
4638,4639,0.5,93,38
4639,4640,0.5,93,39
4640,4641,0.5,93,40
4641,4642,0.5,93,41
4642,4643,0.5,93,42
4643,4644,0.5,93,43
4644,4645,0.5,93,44
4645,4646,0.5,93,45
4646,4647,0.5,93,46
4647,4648,0.5,93,47
4648,4649,0.5,93,48
4649,4650,0.5,93,49
4650,4651,0.5,94,0
4651,4652,0.5,94,1
4652,4653,0.5,94,2
4653,4654,0.5,94,3
4654,4655,0.5,94,4
4655,4656,0.5,94,5
4656,4657,0.5,94,6
4657,4658,0.5,94,7
4658,4659,0.5,94,8
4659,4660,0.5,94,9
4660,4661,0.5,94,10
4661,4662,0.5,94,11
4662,4663,0.5,94,12
4663,4664,0.5,94,13
4664,4665,0.5,94,14
4665,4666,0.5,94,15
4666,4667,0.5,94,16
4667,4668,0.5,94,17
4668,4669,0.5,94,18
4669,4670,0.5,94,19
4670,4671,0.5,94,20
4671,4672,0.5,94,21
4672,4673,0.5,94,22
4673,4674,0.5,94,23
4674,4675,0.5,94,24
4675,4676,0.5,94,25
4676,4677,0.5,94,26
4677,4678,0.5,94,27
4678,4679,0.5,94,28
4679,4680,0.5,94,29
4680,4681,0.5,94,30
4681,4682,0.5,94,31
4682,4683,0.5,94,32
4683,4684,0.5,94,33
4684,4685,0.5,94,34
4685,4686,0.5,94,35
4686,4687,0.5,94,36
4687,4688,0.5,94,37
4688,4689,0.5,94,38
4689,4690,0.5,94,39
4690,4691,0.5,94,40
4691,4692,0.5,94,41
4692,4693,0.5,94,42
4693,4694,0.5,94,43
4694,4695,0.5,94,44
4695,4696,0.5,94,45
4696,4697,0.5,94,46
4697,4698,0.5,94,47
4698,4699,0.5,94,48
4699,4700,0.5,94,49
4700,4701,0.5,95,0
4701,4702,0.5,95,1
4702,4703,0.5,95,2
4703,4704,0.5,95,3
4704,4705,0.5,95,4
4705,4706,0.5,95,5
4706,4707,0.5,95,6
4707,4708,0.5,95,7
4708,4709,0.5,95,8
4709,4710,0.5,95,9
4710,4711,0.5,95,10
4711,4712,0.5,95,11
4712,4713,0.5,95,12
4713,4714,0.5,95,13
4714,4715,0.5,95,14
4715,4716,0.5,95,15
4716,4717,0.5,95,16
4717,4718,0.5,95,17
4718,4719,0.5,95,18
4719,4720,0.5,95,19
4720,4721,0.5,95,20
4721,4722,0.5,95,21
4722,4723,0.5,95,22
4723,4724,0.5,95,23
4724,4725,0.5,95,24
4725,4726,0.5,95,25
4726,4727,0.5,95,26
4727,4728,0.5,95,27
4728,4729,0.5,95,28
4729,4730,0.5,95,29
4730,4731,0.5,95,30
4731,4732,0.5,95,31
4732,4733,0.5,95,32
4733,4734,0.5,95,33
4734,4735,0.5,95,34
4735,4736,0.5,95,35
4736,4737,0.5,95,36
4737,4738,0.5,95,37
4738,4739,0.5,95,38
4739,4740,0.5,95,39
4740,4741,0.5,95,40
4741,4742,0.5,95,41
4742,4743,0.5,95,42
4743,4744,0.5,95,43
4744,4745,0.5,95,44
4745,4746,0.5,95,45
4746,4747,0.5,95,46
4747,4748,0.5,95,47
4748,4749,0.5,95,48
4749,4750,0.5,95,49
4750,4751,0.5,96,0
4751,4752,0.5,96,1
4752,4753,0.5,96,2
4753,4754,0.5,96,3
4754,4755,0.5,96,4
4755,4756,0.5,96,5
4756,4757,0.5,96,6
4757,4758,0.5,96,7
4758,4759,0.5,96,8
4759,4760,0.5,96,9
4760,4761,0.5,96,10
4761,4762,0.5,96,11
4762,4763,0.5,96,12
4763,4764,0.5,96,13
4764,4765,0.5,96,14
4765,4766,0.5,96,15
4766,4767,0.5,96,16
4767,4768,0.5,96,17
4768,4769,0.5,96,18
4769,4770,0.5,96,19
4770,4771,0.5,96,20
4771,4772,0.5,96,21
4772,4773,0.5,96,22
4773,4774,0.5,96,23
4774,4775,0.5,96,24
4775,4776,0.5,96,25
4776,4777,0.5,96,26
4777,4778,0.5,96,27
4778,4779,0.5,96,28
4779,4780,0.5,96,29
4780,4781,0.5,96,30
4781,4782,0.5,96,31
4782,4783,0.5,96,32
4783,4784,0.5,96,33
4784,4785,0.5,96,34
4785,4786,0.5,96,35
4786,4787,0.5,96,36
4787,4788,0.5,96,37
4788,4789,0.5,96,38
4789,4790,0.5,96,39
4790,4791,0.5,96,40
4791,4792,0.5,96,41
4792,4793,0.5,96,42
4793,4794,0.5,96,43
4794,4795,0.5,96,44
4795,4796,0.5,96,45
4796,4797,0.5,96,46
4797,4798,0.5,96,47
4798,4799,0.5,96,48
4799,4800,0.5,96,49
4800,4801,0.5,97,0
4801,4802,0.5,97,1
4802,4803,0.5,97,2
4803,4804,0.5,97,3
4804,4805,0.5,97,4
4805,4806,0.5,97,5
4806,4807,0.5,97,6
4807,4808,0.5,97,7
4808,4809,0.5,97,8
4809,4810,0.5,97,9
4810,4811,0.5,97,10
4811,4812,0.5,97,11
4812,4813,0.5,97,12
4813,4814,0.5,97,13
4814,4815,0.5,97,14
4815,4816,0.5,97,15
4816,4817,0.5,97,16
4817,4818,0.5,97,17
4818,4819,0.5,97,18
4819,4820,0.5,97,19
4820,4821,0.5,97,20
4821,4822,0.5,97,21
4822,4823,0.5,97,22
4823,4824,0.5,97,23
4824,4825,0.5,97,24
4825,4826,0.5,97,25
4826,4827,0.5,97,26
4827,4828,0.5,97,27
4828,4829,0.5,97,28
4829,4830,0.5,97,29
4830,4831,0.5,97,30
4831,4832,0.5,97,31
4832,4833,0.5,97,32
4833,4834,0.5,97,33
4834,4835,0.5,97,34
4835,4836,0.5,97,35
4836,4837,0.5,97,36
4837,4838,0.5,97,37
4838,4839,0.5,97,38
4839,4840,0.5,97,39
4840,4841,0.5,97,40
4841,4842,0.5,97,41
4842,4843,0.5,97,42
4843,4844,0.5,97,43
4844,4845,0.5,97,44
4845,4846,0.5,97,45
4846,4847,0.5,97,46
4847,4848,0.5,97,47
4848,4849,0.5,97,48
4849,4850,0.5,97,49
4850,4851,0.5,98,0
4851,4852,0.5,98,1
4852,4853,0.5,98,2
4853,4854,0.5,98,3
4854,4855,0.5,98,4
4855,4856,0.5,98,5
4856,4857,0.5,98,6
4857,4858,0.5,98,7
4858,4859,0.5,98,8
4859,4860,0.5,98,9
4860,4861,0.5,98,10
4861,4862,0.5,98,11
4862,4863,0.5,98,12
4863,4864,0.5,98,13
4864,4865,0.5,98,14
4865,4866,0.5,98,15
4866,4867,0.5,98,16
4867,4868,0.5,98,17
4868,4869,0.5,98,18
4869,4870,0.5,98,19
4870,4871,0.5,98,20
4871,4872,0.5,98,21
4872,4873,0.5,98,22
4873,4874,0.5,98,23
4874,4875,0.5,98,24
4875,4876,0.5,98,25
4876,4877,0.5,98,26
4877,4878,0.5,98,27
4878,4879,0.5,98,28
4879,4880,0.5,98,29
4880,4881,0.5,98,30
4881,4882,0.5,98,31
4882,4883,0.5,98,32
4883,4884,0.5,98,33
4884,4885,0.5,98,34
4885,4886,0.5,98,35
4886,4887,0.5,98,36
4887,4888,0.5,98,37
4888,4889,0.5,98,38
4889,4890,0.5,98,39
4890,4891,0.5,98,40
4891,4892,0.5,98,41
4892,4893,0.5,98,42
4893,4894,0.5,98,43
4894,4895,0.5,98,44
4895,4896,0.5,98,45
4896,4897,0.5,98,46
4897,4898,0.5,98,47
4898,4899,0.5,98,48
4899,4900,0.5,98,49
4900,4901,0.5,99,0
4901,4902,0.5,99,1
4902,4903,0.5,99,2
4903,4904,0.5,99,3
4904,4905,0.5,99,4
4905,4906,0.5,99,5
4906,4907,0.5,99,6
4907,4908,0.5,99,7
4908,4909,0.5,99,8
4909,4910,0.5,99,9
4910,4911,0.5,99,10
4911,4912,0.5,99,11
4912,4913,0.5,99,12
4913,4914,0.5,99,13
4914,4915,0.5,99,14
4915,4916,0.5,99,15
4916,4917,0.5,99,16
4917,4918,0.5,99,17
4918,4919,0.5,99,18
4919,4920,0.5,99,19
4920,4921,0.5,99,20
4921,4922,0.5,99,21
4922,4923,0.5,99,22
4923,4924,0.5,99,23
4924,4925,0.5,99,24
4925,4926,0.5,99,25
4926,4927,0.5,99,26
4927,4928,0.5,99,27
4928,4929,0.5,99,28
4929,4930,0.5,99,29
4930,4931,0.5,99,30
4931,4932,0.5,99,31
4932,4933,0.5,99,32
4933,4934,0.5,99,33
4934,4935,0.5,99,34
4935,4936,0.5,99,35
4936,4937,0.5,99,36
4937,4938,0.5,99,37
4938,4939,0.5,99,38
4939,4940,0.5,99,39
4940,4941,0.5,99,40
4941,4942,0.5,99,41
4942,4943,0.5,99,42
4943,4944,0.5,99,43
4944,4945,0.5,99,44
4945,4946,0.5,99,45
4946,4947,0.5,99,46
4947,4948,0.5,99,47
4948,4949,0.5,99,48
4949,4950,0.5,99,49
4950,4951,0.5,100,0
4951,4952,0.5,100,1
4952,4953,0.5,100,2
4953,4954,0.5,100,3
4954,4955,0.5,100,4
4955,4956,0.5,100,5
4956,4957,0.5,100,6
4957,4958,0.5,100,7
4958,4959,0.5,100,8
4959,4960,0.5,100,9
4960,4961,0.5,100,10
4961,4962,0.5,100,11
4962,4963,0.5,100,12
4963,4964,0.5,100,13
4964,4965,0.5,100,14
4965,4966,0.5,100,15
4966,4967,0.5,100,16
4967,4968,0.5,100,17
4968,4969,0.5,100,18
4969,4970,0.5,100,19
4970,4971,0.5,100,20
4971,4972,0.5,100,21
4972,4973,0.5,100,22
4973,4974,0.5,100,23
4974,4975,0.5,100,24
4975,4976,0.5,100,25
4976,4977,0.5,100,26
4977,4978,0.5,100,27
4978,4979,0.5,100,28
4979,4980,0.5,100,29
4980,4981,0.5,100,30
4981,4982,0.5,100,31
4982,4983,0.5,100,32
4983,4984,0.5,100,33
4984,4985,0.5,100,34
4985,4986,0.5,100,35
4986,4987,0.5,100,36
4987,4988,0.5,100,37
4988,4989,0.5,100,38
4989,4990,0.5,100,39
4990,4991,0.5,100,40
4991,4992,0.5,100,41
4992,4993,0.5,100,42
4993,4994,0.5,100,43
4994,4995,0.5,100,44
4995,4996,0.5,100,45
4996,4997,0.5,100,46
4997,4998,0.5,100,47
4998,4999,0.5,100,48
4999,5000,0.5,100,49
