Molecule,Variability_CV,Replicate,Parameter,Typical_value_internal,Typical_value_display,Display_unit,Draw_seed,Parameter_value_internal,Parameter_value_display
Golimumab,0.3,1,Kd (FcRn),1.07,1.07,µmol/l,20260920,1.8143928025310234,1.8143928025310234
Golimumab,0.3,1,Target Kd,1.8e-5,1.8e-5,µmol/l,20260921,1.8920964262552135e-5,1.8920964262552135e-5
Golimumab,0.3,1,koff,0.005583,0.005583,1/min,20260922,0.003050160827202569,0.0030501608272025687
Golimumab,0.3,1,kint,0.014433333333333333,0.014433333333333333,1/min,20260923,0.015246498430311284,0.015246498430311282
Golimumab,0.3,1,kdeg,0.0037166666666666667,0.0037166666666666667,1/min,20260924,0.003878734948322549,0.003878734948322549
Golimumab,0.3,2,Kd (FcRn),1.07,1.07,µmol/l,20260920,0.5778178499899769,0.5778178499899769
Golimumab,0.3,2,Target Kd,1.8e-5,1.8e-5,µmol/l,20260921,2.3309633816923685e-5,2.3309633816923685e-5
Golimumab,0.3,2,koff,0.005583,0.005583,1/min,20260922,0.005587579239908002,0.005587579239908003
Golimumab,0.3,2,kint,0.014433333333333333,0.014433333333333333,1/min,20260923,0.01449579435713453,0.01449579435713453
Golimumab,0.3,2,kdeg,0.0037166666666666667,0.0037166666666666667,1/min,20260924,0.002401739932219904,0.002401739932219904
Golimumab,0.3,3,Kd (FcRn),1.07,1.07,µmol/l,20260920,0.8801223327574008,0.8801223327574008
Golimumab,0.3,3,Target Kd,1.8e-5,1.8e-5,µmol/l,20260921,1.4499964929065112e-5,1.4499964929065113e-5
Golimumab,0.3,3,koff,0.005583,0.005583,1/min,20260922,0.004535678314561869,0.004535678314561869
Golimumab,0.3,3,kint,0.014433333333333333,0.014433333333333333,1/min,20260923,0.01552148978514325,0.01552148978514325
Golimumab,0.3,3,kdeg,0.0037166666666666667,0.0037166666666666667,1/min,20260924,0.00186737964718309,0.00186737964718309
Golimumab,0.3,4,Kd (FcRn),1.07,1.07,µmol/l,20260920,1.0876423712884473,1.0876423712884473
Golimumab,0.3,4,Target Kd,1.8e-5,1.8e-5,µmol/l,20260921,2.419967029590809e-5,2.419967029590809e-5
Golimumab,0.3,4,koff,0.005583,0.005583,1/min,20260922,0.006975692790980114,0.006975692790980114
Golimumab,0.3,4,kint,0.014433333333333333,0.014433333333333333,1/min,20260923,0.016052310096273968,0.016052310096273968
Golimumab,0.3,4,kdeg,0.0037166666666666667,0.0037166666666666667,1/min,20260924,0.0030800994483960844,0.003080099448396085
Golimumab,0.3,5,Kd (FcRn),1.07,1.07,µmol/l,20260920,1.2077187300575756,1.2077187300575756
Golimumab,0.3,5,Target Kd,1.8e-5,1.8e-5,µmol/l,20260921,1.4307562905610483e-5,1.4307562905610483e-5
Golimumab,0.3,5,koff,0.005583,0.005583,1/min,20260922,0.002251580723898806,0.002251580723898806
Golimumab,0.3,5,kint,0.014433333333333333,0.014433333333333333,1/min,20260923,0.010449843881417436,0.010449843881417438
Golimumab,0.3,5,kdeg,0.0037166666666666667,0.0037166666666666667,1/min,20260924,0.002522641050838569,0.002522641050838569
Golimumab,0.3,6,Kd (FcRn),1.07,1.07,µmol/l,20260920,1.0899156329391,1.0899156329391
Golimumab,0.3,6,Target Kd,1.8e-5,1.8e-5,µmol/l,20260921,1.8106160212896666e-5,1.8106160212896666e-5
Golimumab,0.3,6,koff,0.005583,0.005583,1/min,20260922,0.007255328602400462,0.007255328602400462
Golimumab,0.3,6,kint,0.014433333333333333,0.014433333333333333,1/min,20260923,0.019570580220311894,0.019570580220311894
Golimumab,0.3,6,kdeg,0.0037166666666666667,0.0037166666666666667,1/min,20260924,0.004205489386711484,0.004205489386711484
Golimumab,0.3,7,Kd (FcRn),1.07,1.07,µmol/l,20260920,0.7561722832945207,0.7561722832945207
Golimumab,0.3,7,Target Kd,1.8e-5,1.8e-5,µmol/l,20260921,1.1011885587280532e-5,1.1011885587280532e-5
Golimumab,0.3,7,koff,0.005583,0.005583,1/min,20260922,0.004064647718415258,0.004064647718415258
Golimumab,0.3,7,kint,0.014433333333333333,0.014433333333333333,1/min,20260923,0.009494597696390224,0.009494597696390224
Golimumab,0.3,7,kdeg,0.0037166666666666667,0.0037166666666666667,1/min,20260924,0.002259675238279374,0.002259675238279374
Golimumab,0.3,8,Kd (FcRn),1.07,1.07,µmol/l,20260920,1.170732103449274,1.170732103449274
Golimumab,0.3,8,Target Kd,1.8e-5,1.8e-5,µmol/l,20260921,8.56782693497949e-6,8.56782693497949e-6
Golimumab,0.3,8,koff,0.005583,0.005583,1/min,20260922,0.005189489481960904,0.005189489481960904
Golimumab,0.3,8,kint,0.014433333333333333,0.014433333333333333,1/min,20260923,0.015412941004298571,0.015412941004298571
Golimumab,0.3,8,kdeg,0.0037166666666666667,0.0037166666666666667,1/min,20260924,0.003514308832960695,0.003514308832960695
Golimumab,0.3,9,Kd (FcRn),1.07,1.07,µmol/l,20260920,1.6120996696342242,1.6120996696342242
Golimumab,0.3,9,Target Kd,1.8e-5,1.8e-5,µmol/l,20260921,1.7769810531984434e-5,1.7769810531984434e-5
Golimumab,0.3,9,koff,0.005583,0.005583,1/min,20260922,0.006046278226190533,0.006046278226190533
Golimumab,0.3,9,kint,0.014433333333333333,0.014433333333333333,1/min,20260923,0.009029395816979589,0.009029395816979589
Golimumab,0.3,9,kdeg,0.0037166666666666667,0.0037166666666666667,1/min,20260924,0.0024594613702989855,0.0024594613702989855
Golimumab,0.3,10,Kd (FcRn),1.07,1.07,µmol/l,20260920,1.0824013904018979,1.0824013904018979
Golimumab,0.3,10,Target Kd,1.8e-5,1.8e-5,µmol/l,20260921,2.2569019291454393e-5,2.2569019291454393e-5
Golimumab,0.3,10,koff,0.005583,0.005583,1/min,20260922,0.004862798353113908,0.004862798353113908
Golimumab,0.3,10,kint,0.014433333333333333,0.014433333333333333,1/min,20260923,0.009049744957268428,0.009049744957268428
Golimumab,0.3,10,kdeg,0.0037166666666666667,0.0037166666666666667,1/min,20260924,0.005163437916409061,0.005163437916409061
Golimumab,0.3,11,Kd (FcRn),1.07,1.07,µmol/l,20260920,1.0388554906419636,1.0388554906419636
Golimumab,0.3,11,Target Kd,1.8e-5,1.8e-5,µmol/l,20260921,1.6186537278056715e-5,1.6186537278056715e-5
Golimumab,0.3,11,koff,0.005583,0.005583,1/min,20260922,0.0033256194139091766,0.0033256194139091766
Golimumab,0.3,11,kint,0.014433333333333333,0.014433333333333333,1/min,20260923,0.02225791150659655,0.02225791150659655
Golimumab,0.3,11,kdeg,0.0037166666666666667,0.0037166666666666667,1/min,20260924,0.004831482718233614,0.004831482718233614
Golimumab,0.3,12,Kd (FcRn),1.07,1.07,µmol/l,20260920,1.2034907144298919,1.2034907144298919
Golimumab,0.3,12,Target Kd,1.8e-5,1.8e-5,µmol/l,20260921,1.2518003548133024e-5,1.2518003548133024e-5
Golimumab,0.3,12,koff,0.005583,0.005583,1/min,20260922,0.006044481995712488,0.006044481995712487
Golimumab,0.3,12,kint,0.014433333333333333,0.014433333333333333,1/min,20260923,0.013724412742512019,0.013724412742512019
Golimumab,0.3,12,kdeg,0.0037166666666666667,0.0037166666666666667,1/min,20260924,0.0027844454282931236,0.002784445428293124
Golimumab,0.3,13,Kd (FcRn),1.07,1.07,µmol/l,20260920,0.724237470937785,0.724237470937785
Golimumab,0.3,13,Target Kd,1.8e-5,1.8e-5,µmol/l,20260921,2.6388072557576628e-5,2.638807255757663e-5
Golimumab,0.3,13,koff,0.005583,0.005583,1/min,20260922,0.005823678275909668,0.005823678275909668
Golimumab,0.3,13,kint,0.014433333333333333,0.014433333333333333,1/min,20260923,0.02304267434327708,0.02304267434327708
Golimumab,0.3,13,kdeg,0.0037166666666666667,0.0037166666666666667,1/min,20260924,0.0030789169254706976,0.0030789169254706976
Golimumab,0.3,14,Kd (FcRn),1.07,1.07,µmol/l,20260920,0.99979611982926,0.99979611982926
Golimumab,0.3,14,Target Kd,1.8e-5,1.8e-5,µmol/l,20260921,1.4586635419722748e-5,1.4586635419722748e-5
Golimumab,0.3,14,koff,0.005583,0.005583,1/min,20260922,0.00605619330888178,0.00605619330888178
Golimumab,0.3,14,kint,0.014433333333333333,0.014433333333333333,1/min,20260923,0.014732632110399083,0.014732632110399083
Golimumab,0.3,14,kdeg,0.0037166666666666667,0.0037166666666666667,1/min,20260924,0.0025756808852370012,0.0025756808852370012
Golimumab,0.3,15,Kd (FcRn),1.07,1.07,µmol/l,20260920,1.2368000215963453,1.2368000215963453
Golimumab,0.3,15,Target Kd,1.8e-5,1.8e-5,µmol/l,20260921,1.4495083983448802e-5,1.4495083983448804e-5
Golimumab,0.3,15,koff,0.005583,0.005583,1/min,20260922,0.006900039883490136,0.006900039883490136
Golimumab,0.3,15,kint,0.014433333333333333,0.014433333333333333,1/min,20260923,0.011005964465886694,0.011005964465886694
Golimumab,0.3,15,kdeg,0.0037166666666666667,0.0037166666666666667,1/min,20260924,0.004750946505455701,0.004750946505455701
Golimumab,0.3,16,Kd (FcRn),1.07,1.07,µmol/l,20260920,2.161003684778973,2.161003684778973
Golimumab,0.3,16,Target Kd,1.8e-5,1.8e-5,µmol/l,20260921,1.920929737635643e-5,1.920929737635643e-5
Golimumab,0.3,16,koff,0.005583,0.005583,1/min,20260922,0.005703893208533538,0.005703893208533538
Golimumab,0.3,16,kint,0.014433333333333333,0.014433333333333333,1/min,20260923,0.01214041163005053,0.01214041163005053
Golimumab,0.3,16,kdeg,0.0037166666666666667,0.0037166666666666667,1/min,20260924,0.0036159686848560575,0.0036159686848560575
Golimumab,0.3,17,Kd (FcRn),1.07,1.07,µmol/l,20260920,0.7049269315860559,0.7049269315860559
Golimumab,0.3,17,Target Kd,1.8e-5,1.8e-5,µmol/l,20260921,1.7995721577992127e-5,1.7995721577992127e-5
Golimumab,0.3,17,koff,0.005583,0.005583,1/min,20260922,0.003653683132402187,0.003653683132402187
Golimumab,0.3,17,kint,0.014433333333333333,0.014433333333333333,1/min,20260923,0.019201026292868937,0.019201026292868937
Golimumab,0.3,17,kdeg,0.0037166666666666667,0.0037166666666666667,1/min,20260924,0.002941348132094176,0.002941348132094176
Golimumab,0.3,18,Kd (FcRn),1.07,1.07,µmol/l,20260920,1.2767830468697174,1.2767830468697174
Golimumab,0.3,18,Target Kd,1.8e-5,1.8e-5,µmol/l,20260921,1.2974204335505664e-5,1.2974204335505664e-5
Golimumab,0.3,18,koff,0.005583,0.005583,1/min,20260922,0.0066761345320789445,0.0066761345320789445
Golimumab,0.3,18,kint,0.014433333333333333,0.014433333333333333,1/min,20260923,0.013272270689908657,0.013272270689908657
Golimumab,0.3,18,kdeg,0.0037166666666666667,0.0037166666666666667,1/min,20260924,0.0038930411469988158,0.0038930411469988158
Golimumab,0.3,19,Kd (FcRn),1.07,1.07,µmol/l,20260920,0.46521613217110985,0.46521613217110985
Golimumab,0.3,19,Target Kd,1.8e-5,1.8e-5,µmol/l,20260921,7.355733004776334e-6,7.355733004776334e-6
Golimumab,0.3,19,koff,0.005583,0.005583,1/min,20260922,0.0058446183216102725,0.005844618321610273
Golimumab,0.3,19,kint,0.014433333333333333,0.014433333333333333,1/min,20260923,0.01690856304540037,0.01690856304540037
Golimumab,0.3,19,kdeg,0.0037166666666666667,0.0037166666666666667,1/min,20260924,0.0021108862406300096,0.0021108862406300096
Golimumab,0.3,20,Kd (FcRn),1.07,1.07,µmol/l,20260920,0.5899711695232547,0.5899711695232547
Golimumab,0.3,20,Target Kd,1.8e-5,1.8e-5,µmol/l,20260921,1.4549888799118804e-5,1.4549888799118804e-5
Golimumab,0.3,20,koff,0.005583,0.005583,1/min,20260922,0.007004953477602829,0.007004953477602829
Golimumab,0.3,20,kint,0.014433333333333333,0.014433333333333333,1/min,20260923,0.014525629653114333,0.014525629653114333
Golimumab,0.3,20,kdeg,0.0037166666666666667,0.0037166666666666667,1/min,20260924,0.00259036017498803,0.00259036017498803
Golimumab,0.3,21,Kd (FcRn),1.07,1.07,µmol/l,20260920,0.7873836936229127,0.7873836936229127
Golimumab,0.3,21,Target Kd,1.8e-5,1.8e-5,µmol/l,20260921,4.183481647877099e-5,4.183481647877099e-5
Golimumab,0.3,21,koff,0.005583,0.005583,1/min,20260922,0.007067996596758412,0.007067996596758411
Golimumab,0.3,21,kint,0.014433333333333333,0.014433333333333333,1/min,20260923,0.012592941914882206,0.012592941914882206
Golimumab,0.3,21,kdeg,0.0037166666666666667,0.0037166666666666667,1/min,20260924,0.0031516170981984145,0.0031516170981984145
Golimumab,0.3,22,Kd (FcRn),1.07,1.07,µmol/l,20260920,0.9634664929693693,0.9634664929693693
Golimumab,0.3,22,Target Kd,1.8e-5,1.8e-5,µmol/l,20260921,1.4808005231749902e-5,1.48080052317499e-5
Golimumab,0.3,22,koff,0.005583,0.005583,1/min,20260922,0.00661397265821869,0.006613972658218689
Golimumab,0.3,22,kint,0.014433333333333333,0.014433333333333333,1/min,20260923,0.007394622388948222,0.007394622388948222
Golimumab,0.3,22,kdeg,0.0037166666666666667,0.0037166666666666667,1/min,20260924,0.003738168563260954,0.003738168563260954
Golimumab,0.3,23,Kd (FcRn),1.07,1.07,µmol/l,20260920,0.942670888500464,0.9426708885004641
Golimumab,0.3,23,Target Kd,1.8e-5,1.8e-5,µmol/l,20260921,2.3869925126365208e-5,2.3869925126365208e-5
Golimumab,0.3,23,koff,0.005583,0.005583,1/min,20260922,0.0039736971895969414,0.0039736971895969414
Golimumab,0.3,23,kint,0.014433333333333333,0.014433333333333333,1/min,20260923,0.010889751495939959,0.010889751495939959
Golimumab,0.3,23,kdeg,0.0037166666666666667,0.0037166666666666667,1/min,20260924,0.0035284103133364007,0.0035284103133364007
Golimumab,0.3,24,Kd (FcRn),1.07,1.07,µmol/l,20260920,1.4478724844318382,1.4478724844318382
Golimumab,0.3,24,Target Kd,1.8e-5,1.8e-5,µmol/l,20260921,2.182946856507445e-5,2.182946856507445e-5
Golimumab,0.3,24,koff,0.005583,0.005583,1/min,20260922,0.004182801042552399,0.004182801042552399
Golimumab,0.3,24,kint,0.014433333333333333,0.014433333333333333,1/min,20260923,0.0217572826949672,0.0217572826949672
Golimumab,0.3,24,kdeg,0.0037166666666666667,0.0037166666666666667,1/min,20260924,0.003689637712701317,0.0036896377127013176
Golimumab,0.3,25,Kd (FcRn),1.07,1.07,µmol/l,20260920,1.3601803770624834,1.3601803770624834
Golimumab,0.3,25,Target Kd,1.8e-5,1.8e-5,µmol/l,20260921,2.1626532975183616e-5,2.1626532975183616e-5
Golimumab,0.3,25,koff,0.005583,0.005583,1/min,20260922,0.0050991566562722706,0.0050991566562722706
Golimumab,0.3,25,kint,0.014433333333333333,0.014433333333333333,1/min,20260923,0.0198705021461964,0.0198705021461964
Golimumab,0.3,25,kdeg,0.0037166666666666667,0.0037166666666666667,1/min,20260924,0.004546045489335435,0.004546045489335435
Golimumab,0.3,26,Kd (FcRn),1.07,1.07,µmol/l,20260920,1.4644752755892607,1.4644752755892607
Golimumab,0.3,26,Target Kd,1.8e-5,1.8e-5,µmol/l,20260921,1.8407243070976174e-5,1.8407243070976174e-5
Golimumab,0.3,26,koff,0.005583,0.005583,1/min,20260922,0.004271431977862976,0.004271431977862976
Golimumab,0.3,26,kint,0.014433333333333333,0.014433333333333333,1/min,20260923,0.01587353648417451,0.01587353648417451
Golimumab,0.3,26,kdeg,0.0037166666666666667,0.0037166666666666667,1/min,20260924,0.0025030968495750234,0.002503096849575023
Golimumab,0.3,27,Kd (FcRn),1.07,1.07,µmol/l,20260920,1.5249691662651903,1.5249691662651903
Golimumab,0.3,27,Target Kd,1.8e-5,1.8e-5,µmol/l,20260921,1.9902133389951987e-5,1.9902133389951987e-5
Golimumab,0.3,27,koff,0.005583,0.005583,1/min,20260922,0.004500207531802518,0.004500207531802518
Golimumab,0.3,27,kint,0.014433333333333333,0.014433333333333333,1/min,20260923,0.011718709000435541,0.011718709000435541
Golimumab,0.3,27,kdeg,0.0037166666666666667,0.0037166666666666667,1/min,20260924,0.003980992648756074,0.003980992648756074
Golimumab,0.3,28,Kd (FcRn),1.07,1.07,µmol/l,20260920,1.2397646466558923,1.2397646466558923
Golimumab,0.3,28,Target Kd,1.8e-5,1.8e-5,µmol/l,20260921,1.681129252533379e-5,1.681129252533379e-5
Golimumab,0.3,28,koff,0.005583,0.005583,1/min,20260922,0.005169388373815212,0.005169388373815212
Golimumab,0.3,28,kint,0.014433333333333333,0.014433333333333333,1/min,20260923,0.013390002316602204,0.013390002316602204
Golimumab,0.3,28,kdeg,0.0037166666666666667,0.0037166666666666667,1/min,20260924,0.006618305310384375,0.006618305310384375
Golimumab,0.3,29,Kd (FcRn),1.07,1.07,µmol/l,20260920,0.9037301575417742,0.9037301575417742
Golimumab,0.3,29,Target Kd,1.8e-5,1.8e-5,µmol/l,20260921,1.721324258677398e-5,1.721324258677398e-5
Golimumab,0.3,29,koff,0.005583,0.005583,1/min,20260922,0.007019492362082477,0.007019492362082477
Golimumab,0.3,29,kint,0.014433333333333333,0.014433333333333333,1/min,20260923,0.011046715222758732,0.011046715222758732
Golimumab,0.3,29,kdeg,0.0037166666666666667,0.0037166666666666667,1/min,20260924,0.002235767726553496,0.002235767726553496
Golimumab,0.3,30,Kd (FcRn),1.07,1.07,µmol/l,20260920,1.132154903409737,1.132154903409737
Golimumab,0.3,30,Target Kd,1.8e-5,1.8e-5,µmol/l,20260921,1.624142514189164e-5,1.624142514189164e-5
Golimumab,0.3,30,koff,0.005583,0.005583,1/min,20260922,0.008127373931609738,0.008127373931609738
Golimumab,0.3,30,kint,0.014433333333333333,0.014433333333333333,1/min,20260923,0.012532815898724587,0.012532815898724587
Golimumab,0.3,30,kdeg,0.0037166666666666667,0.0037166666666666667,1/min,20260924,0.004028146468882267,0.004028146468882267
Golimumab,0.3,31,Kd (FcRn),1.07,1.07,µmol/l,20260920,1.7200284153763092,1.7200284153763092
Golimumab,0.3,31,Target Kd,1.8e-5,1.8e-5,µmol/l,20260921,1.5200026478434588e-5,1.5200026478434588e-5
Golimumab,0.3,31,koff,0.005583,0.005583,1/min,20260922,0.005778686181346483,0.005778686181346483
Golimumab,0.3,31,kint,0.014433333333333333,0.014433333333333333,1/min,20260923,0.008419814876810016,0.008419814876810016
Golimumab,0.3,31,kdeg,0.0037166666666666667,0.0037166666666666667,1/min,20260924,0.002824426278352339,0.002824426278352339
Golimumab,0.3,32,Kd (FcRn),1.07,1.07,µmol/l,20260920,0.9228261949445069,0.9228261949445069
Golimumab,0.3,32,Target Kd,1.8e-5,1.8e-5,µmol/l,20260921,3.1338782523737876e-5,3.1338782523737876e-5
Golimumab,0.3,32,koff,0.005583,0.005583,1/min,20260922,0.006065812979093861,0.006065812979093862
Golimumab,0.3,32,kint,0.014433333333333333,0.014433333333333333,1/min,20260923,0.007635125560795635,0.007635125560795635
Golimumab,0.3,32,kdeg,0.0037166666666666667,0.0037166666666666667,1/min,20260924,0.002879168842788571,0.002879168842788571
Golimumab,0.3,33,Kd (FcRn),1.07,1.07,µmol/l,20260920,1.6155829573028855,1.6155829573028855
Golimumab,0.3,33,Target Kd,1.8e-5,1.8e-5,µmol/l,20260921,1.5703009508604375e-5,1.5703009508604375e-5
Golimumab,0.3,33,koff,0.005583,0.005583,1/min,20260922,0.004471349067549257,0.004471349067549257
Golimumab,0.3,33,kint,0.014433333333333333,0.014433333333333333,1/min,20260923,0.018604558408913653,0.018604558408913653
Golimumab,0.3,33,kdeg,0.0037166666666666667,0.0037166666666666667,1/min,20260924,0.004800325736461361,0.004800325736461361
Golimumab,0.3,34,Kd (FcRn),1.07,1.07,µmol/l,20260920,0.9842686970892712,0.9842686970892712
Golimumab,0.3,34,Target Kd,1.8e-5,1.8e-5,µmol/l,20260921,2.7874763730993226e-5,2.7874763730993226e-5
Golimumab,0.3,34,koff,0.005583,0.005583,1/min,20260922,0.004173315029094739,0.004173315029094739
Golimumab,0.3,34,kint,0.014433333333333333,0.014433333333333333,1/min,20260923,0.022507107641478636,0.022507107641478636
Golimumab,0.3,34,kdeg,0.0037166666666666667,0.0037166666666666667,1/min,20260924,0.0030674583834247775,0.003067458383424777
Golimumab,0.3,35,Kd (FcRn),1.07,1.07,µmol/l,20260920,2.074007271902601,2.074007271902601
Golimumab,0.3,35,Target Kd,1.8e-5,1.8e-5,µmol/l,20260921,1.7093469974506026e-5,1.7093469974506026e-5
Golimumab,0.3,35,koff,0.005583,0.005583,1/min,20260922,0.0055588408242568995,0.0055588408242568995
Golimumab,0.3,35,kint,0.014433333333333333,0.014433333333333333,1/min,20260923,0.024704661831762762,0.024704661831762762
Golimumab,0.3,35,kdeg,0.0037166666666666667,0.0037166666666666667,1/min,20260924,0.003598612220077857,0.003598612220077857
Golimumab,0.3,36,Kd (FcRn),1.07,1.07,µmol/l,20260920,0.7786489723160998,0.7786489723160998
Golimumab,0.3,36,Target Kd,1.8e-5,1.8e-5,µmol/l,20260921,2.3701226547086462e-5,2.3701226547086462e-5
Golimumab,0.3,36,koff,0.005583,0.005583,1/min,20260922,0.004118603829172675,0.004118603829172675
Golimumab,0.3,36,kint,0.014433333333333333,0.014433333333333333,1/min,20260923,0.012183820794658459,0.012183820794658459
Golimumab,0.3,36,kdeg,0.0037166666666666667,0.0037166666666666667,1/min,20260924,0.003036462479733244,0.003036462479733244
Golimumab,0.3,37,Kd (FcRn),1.07,1.07,µmol/l,20260920,1.7222851669913688,1.7222851669913688
Golimumab,0.3,37,Target Kd,1.8e-5,1.8e-5,µmol/l,20260921,4.0481863765648275e-5,4.0481863765648275e-5
Golimumab,0.3,37,koff,0.005583,0.005583,1/min,20260922,0.005647322152677222,0.005647322152677223
Golimumab,0.3,37,kint,0.014433333333333333,0.014433333333333333,1/min,20260923,0.012995938472256887,0.012995938472256887
Golimumab,0.3,37,kdeg,0.0037166666666666667,0.0037166666666666667,1/min,20260924,0.003286099460711592,0.003286099460711592
Golimumab,0.3,38,Kd (FcRn),1.07,1.07,µmol/l,20260920,1.0575107460556117,1.0575107460556117
Golimumab,0.3,38,Target Kd,1.8e-5,1.8e-5,µmol/l,20260921,1.8864458400070985e-5,1.8864458400070985e-5
Golimumab,0.3,38,koff,0.005583,0.005583,1/min,20260922,0.0035498127990924236,0.0035498127990924236
Golimumab,0.3,38,kint,0.014433333333333333,0.014433333333333333,1/min,20260923,0.012644849785594563,0.012644849785594563
Golimumab,0.3,38,kdeg,0.0037166666666666667,0.0037166666666666667,1/min,20260924,0.0018468684090318654,0.0018468684090318654
Golimumab,0.3,39,Kd (FcRn),1.07,1.07,µmol/l,20260920,0.68675192929113,0.68675192929113
Golimumab,0.3,39,Target Kd,1.8e-5,1.8e-5,µmol/l,20260921,1.7775595798588845e-5,1.7775595798588845e-5
Golimumab,0.3,39,koff,0.005583,0.005583,1/min,20260922,0.007622884156583326,0.007622884156583327
Golimumab,0.3,39,kint,0.014433333333333333,0.014433333333333333,1/min,20260923,0.009739289604477792,0.009739289604477792
Golimumab,0.3,39,kdeg,0.0037166666666666667,0.0037166666666666667,1/min,20260924,0.004023043142666495,0.004023043142666495
Golimumab,0.3,40,Kd (FcRn),1.07,1.07,µmol/l,20260920,0.4762925521224361,0.4762925521224361
Golimumab,0.3,40,Target Kd,1.8e-5,1.8e-5,µmol/l,20260921,2.7753259940228244e-5,2.7753259940228244e-5
Golimumab,0.3,40,koff,0.005583,0.005583,1/min,20260922,0.0060140481681376185,0.0060140481681376185
Golimumab,0.3,40,kint,0.014433333333333333,0.014433333333333333,1/min,20260923,0.01537272487115593,0.01537272487115593
Golimumab,0.3,40,kdeg,0.0037166666666666667,0.0037166666666666667,1/min,20260924,0.0050972856777159415,0.0050972856777159415
Golimumab,0.3,41,Kd (FcRn),1.07,1.07,µmol/l,20260920,0.8446662575455695,0.8446662575455695
Golimumab,0.3,41,Target Kd,1.8e-5,1.8e-5,µmol/l,20260921,1.9496286096534305e-5,1.9496286096534305e-5
Golimumab,0.3,41,koff,0.005583,0.005583,1/min,20260922,0.0037059787016890462,0.0037059787016890462
Golimumab,0.3,41,kint,0.014433333333333333,0.014433333333333333,1/min,20260923,0.015317859770611652,0.015317859770611652
Golimumab,0.3,41,kdeg,0.0037166666666666667,0.0037166666666666667,1/min,20260924,0.004323551524364043,0.004323551524364043
Golimumab,0.3,42,Kd (FcRn),1.07,1.07,µmol/l,20260920,0.8695903354828045,0.8695903354828045
Golimumab,0.3,42,Target Kd,1.8e-5,1.8e-5,µmol/l,20260921,1.9965631175774057e-5,1.9965631175774057e-5
Golimumab,0.3,42,koff,0.005583,0.005583,1/min,20260922,0.002705055799282957,0.002705055799282957
Golimumab,0.3,42,kint,0.014433333333333333,0.014433333333333333,1/min,20260923,0.011142216397266154,0.011142216397266154
Golimumab,0.3,42,kdeg,0.0037166666666666667,0.0037166666666666667,1/min,20260924,0.0036446961811098318,0.0036446961811098318
Golimumab,0.3,43,Kd (FcRn),1.07,1.07,µmol/l,20260920,0.6674820337476887,0.6674820337476887
Golimumab,0.3,43,Target Kd,1.8e-5,1.8e-5,µmol/l,20260921,1.3639829270731163e-5,1.3639829270731163e-5
Golimumab,0.3,43,koff,0.005583,0.005583,1/min,20260922,0.00520307758399114,0.00520307758399114
Golimumab,0.3,43,kint,0.014433333333333333,0.014433333333333333,1/min,20260923,0.016073528601048548,0.016073528601048548
Golimumab,0.3,43,kdeg,0.0037166666666666667,0.0037166666666666667,1/min,20260924,0.004335598919726708,0.004335598919726708
Golimumab,0.3,44,Kd (FcRn),1.07,1.07,µmol/l,20260920,0.8218267490280433,0.8218267490280433
Golimumab,0.3,44,Target Kd,1.8e-5,1.8e-5,µmol/l,20260921,1.8739250755555525e-5,1.8739250755555525e-5
Golimumab,0.3,44,koff,0.005583,0.005583,1/min,20260922,0.0052724771262711,0.0052724771262711
Golimumab,0.3,44,kint,0.014433333333333333,0.014433333333333333,1/min,20260923,0.013427074648424743,0.013427074648424743
Golimumab,0.3,44,kdeg,0.0037166666666666667,0.0037166666666666667,1/min,20260924,0.00252583349559825,0.00252583349559825
Golimumab,0.3,45,Kd (FcRn),1.07,1.07,µmol/l,20260920,0.7841278157381619,0.7841278157381619
Golimumab,0.3,45,Target Kd,1.8e-5,1.8e-5,µmol/l,20260921,1.1617883048004797e-5,1.1617883048004797e-5
Golimumab,0.3,45,koff,0.005583,0.005583,1/min,20260922,0.00457111787006572,0.00457111787006572
Golimumab,0.3,45,kint,0.014433333333333333,0.014433333333333333,1/min,20260923,0.012051484876594847,0.012051484876594847
Golimumab,0.3,45,kdeg,0.0037166666666666667,0.0037166666666666667,1/min,20260924,0.004806436049047414,0.004806436049047414
Golimumab,0.3,46,Kd (FcRn),1.07,1.07,µmol/l,20260920,1.568636615134036,1.568636615134036
Golimumab,0.3,46,Target Kd,1.8e-5,1.8e-5,µmol/l,20260921,2.6294914415589925e-5,2.6294914415589922e-5
Golimumab,0.3,46,koff,0.005583,0.005583,1/min,20260922,0.008400975796398428,0.008400975796398428
Golimumab,0.3,46,kint,0.014433333333333333,0.014433333333333333,1/min,20260923,0.01597909412875908,0.01597909412875908
Golimumab,0.3,46,kdeg,0.0037166666666666667,0.0037166666666666667,1/min,20260924,0.0029309197097706035,0.0029309197097706035
Golimumab,0.3,47,Kd (FcRn),1.07,1.07,µmol/l,20260920,0.7773118611826783,0.7773118611826783
Golimumab,0.3,47,Target Kd,1.8e-5,1.8e-5,µmol/l,20260921,2.591613313470699e-5,2.591613313470699e-5
Golimumab,0.3,47,koff,0.005583,0.005583,1/min,20260922,0.006292419392407424,0.006292419392407424
Golimumab,0.3,47,kint,0.014433333333333333,0.014433333333333333,1/min,20260923,0.011611302019894146,0.011611302019894148
Golimumab,0.3,47,kdeg,0.0037166666666666667,0.0037166666666666667,1/min,20260924,0.003191250215887816,0.003191250215887816
Golimumab,0.3,48,Kd (FcRn),1.07,1.07,µmol/l,20260920,0.5242616130010387,0.5242616130010387
Golimumab,0.3,48,Target Kd,1.8e-5,1.8e-5,µmol/l,20260921,1.5253826713734912e-5,1.525382671373491e-5
Golimumab,0.3,48,koff,0.005583,0.005583,1/min,20260922,0.003970898276543214,0.003970898276543214
Golimumab,0.3,48,kint,0.014433333333333333,0.014433333333333333,1/min,20260923,0.008445718004761849,0.008445718004761849
Golimumab,0.3,48,kdeg,0.0037166666666666667,0.0037166666666666667,1/min,20260924,0.0030962539871268032,0.0030962539871268032
Golimumab,0.3,49,Kd (FcRn),1.07,1.07,µmol/l,20260920,0.7579527152729976,0.7579527152729976
Golimumab,0.3,49,Target Kd,1.8e-5,1.8e-5,µmol/l,20260921,1.3601789976970535e-5,1.3601789976970535e-5
Golimumab,0.3,49,koff,0.005583,0.005583,1/min,20260922,0.0038388465315566263,0.0038388465315566263
Golimumab,0.3,49,kint,0.014433333333333333,0.014433333333333333,1/min,20260923,0.008350779751130221,0.008350779751130221
Golimumab,0.3,49,kdeg,0.0037166666666666667,0.0037166666666666667,1/min,20260924,0.0034929714897471128,0.0034929714897471128
Golimumab,0.3,50,Kd (FcRn),1.07,1.07,µmol/l,20260920,1.7787538114158186,1.7787538114158186
Golimumab,0.3,50,Target Kd,1.8e-5,1.8e-5,µmol/l,20260921,1.9084094383431262e-5,1.9084094383431262e-5
Golimumab,0.3,50,koff,0.005583,0.005583,1/min,20260922,0.004599450695233487,0.004599450695233487
Golimumab,0.3,50,kint,0.014433333333333333,0.014433333333333333,1/min,20260923,0.024946385486860585,0.024946385486860585
Golimumab,0.3,50,kdeg,0.0037166666666666667,0.0037166666666666667,1/min,20260924,0.0034711033289494785,0.0034711033289494785
Golimumab,0.3,51,Kd (FcRn),1.07,1.07,µmol/l,20260920,0.8569151787064169,0.8569151787064169
Golimumab,0.3,51,Target Kd,1.8e-5,1.8e-5,µmol/l,20260921,1.6124931059747888e-5,1.6124931059747888e-5
Golimumab,0.3,51,koff,0.005583,0.005583,1/min,20260922,0.006884696447442316,0.006884696447442316
Golimumab,0.3,51,kint,0.014433333333333333,0.014433333333333333,1/min,20260923,0.012314790765852287,0.012314790765852287
Golimumab,0.3,51,kdeg,0.0037166666666666667,0.0037166666666666667,1/min,20260924,0.0024287133517927875,0.0024287133517927875
Golimumab,0.3,52,Kd (FcRn),1.07,1.07,µmol/l,20260920,1.3096806891816797,1.3096806891816797
Golimumab,0.3,52,Target Kd,1.8e-5,1.8e-5,µmol/l,20260921,1.79629138122273e-5,1.79629138122273e-5
Golimumab,0.3,52,koff,0.005583,0.005583,1/min,20260922,0.006697464075043163,0.006697464075043163
Golimumab,0.3,52,kint,0.014433333333333333,0.014433333333333333,1/min,20260923,0.012681006120753902,0.012681006120753902
Golimumab,0.3,52,kdeg,0.0037166666666666667,0.0037166666666666667,1/min,20260924,0.0033882151804670705,0.0033882151804670705
Golimumab,0.3,53,Kd (FcRn),1.07,1.07,µmol/l,20260920,1.624212597475151,1.624212597475151
Golimumab,0.3,53,Target Kd,1.8e-5,1.8e-5,µmol/l,20260921,2.481827878933558e-5,2.481827878933558e-5
Golimumab,0.3,53,koff,0.005583,0.005583,1/min,20260922,0.005779644962382008,0.005779644962382007
Golimumab,0.3,53,kint,0.014433333333333333,0.014433333333333333,1/min,20260923,0.014438219086170774,0.014438219086170774
Golimumab,0.3,53,kdeg,0.0037166666666666667,0.0037166666666666667,1/min,20260924,0.0037326902304615325,0.0037326902304615325
Golimumab,0.3,54,Kd (FcRn),1.07,1.07,µmol/l,20260920,1.680917987697924,1.680917987697924
Golimumab,0.3,54,Target Kd,1.8e-5,1.8e-5,µmol/l,20260921,1.4405914696802571e-5,1.440591469680257e-5
Golimumab,0.3,54,koff,0.005583,0.005583,1/min,20260922,0.0037120444483357685,0.0037120444483357685
Golimumab,0.3,54,kint,0.014433333333333333,0.014433333333333333,1/min,20260923,0.011746991688153591,0.01174699168815359
Golimumab,0.3,54,kdeg,0.0037166666666666667,0.0037166666666666667,1/min,20260924,0.0029232124682450063,0.0029232124682450063
Golimumab,0.3,55,Kd (FcRn),1.07,1.07,µmol/l,20260920,1.2507783575436258,1.2507783575436258
Golimumab,0.3,55,Target Kd,1.8e-5,1.8e-5,µmol/l,20260921,3.26810262790549e-5,3.26810262790549e-5
Golimumab,0.3,55,koff,0.005583,0.005583,1/min,20260922,0.003581382595943713,0.0035813825959437125
Golimumab,0.3,55,kint,0.014433333333333333,0.014433333333333333,1/min,20260923,0.010404080030179508,0.010404080030179508
Golimumab,0.3,55,kdeg,0.0037166666666666667,0.0037166666666666667,1/min,20260924,0.0036133417903085317,0.0036133417903085317
Golimumab,0.3,56,Kd (FcRn),1.07,1.07,µmol/l,20260920,0.8653432592855133,0.8653432592855133
Golimumab,0.3,56,Target Kd,1.8e-5,1.8e-5,µmol/l,20260921,1.394854674399722e-5,1.394854674399722e-5
Golimumab,0.3,56,koff,0.005583,0.005583,1/min,20260922,0.007634872391879263,0.007634872391879263
Golimumab,0.3,56,kint,0.014433333333333333,0.014433333333333333,1/min,20260923,0.014991602214828405,0.014991602214828405
Golimumab,0.3,56,kdeg,0.0037166666666666667,0.0037166666666666667,1/min,20260924,0.0043743695158169425,0.0043743695158169425
Golimumab,0.3,57,Kd (FcRn),1.07,1.07,µmol/l,20260920,0.6467388153509188,0.6467388153509188
Golimumab,0.3,57,Target Kd,1.8e-5,1.8e-5,µmol/l,20260921,2.6001443073989662e-5,2.6001443073989662e-5
Golimumab,0.3,57,koff,0.005583,0.005583,1/min,20260922,0.005802090134062728,0.005802090134062728
Golimumab,0.3,57,kint,0.014433333333333333,0.014433333333333333,1/min,20260923,0.006481205406363474,0.006481205406363474
Golimumab,0.3,57,kdeg,0.0037166666666666667,0.0037166666666666667,1/min,20260924,0.0036094133884903273,0.0036094133884903273
Golimumab,0.3,58,Kd (FcRn),1.07,1.07,µmol/l,20260920,0.8903802631314864,0.8903802631314864
Golimumab,0.3,58,Target Kd,1.8e-5,1.8e-5,µmol/l,20260921,2.2651495785225984e-5,2.2651495785225984e-5
Golimumab,0.3,58,koff,0.005583,0.005583,1/min,20260922,0.00977833654677446,0.00977833654677446
Golimumab,0.3,58,kint,0.014433333333333333,0.014433333333333333,1/min,20260923,0.017291983479202938,0.017291983479202938
Golimumab,0.3,58,kdeg,0.0037166666666666667,0.0037166666666666667,1/min,20260924,0.0053709278535338054,0.0053709278535338054
Golimumab,0.3,59,Kd (FcRn),1.07,1.07,µmol/l,20260920,1.132001257830713,1.132001257830713
Golimumab,0.3,59,Target Kd,1.8e-5,1.8e-5,µmol/l,20260921,1.5212777796106021e-5,1.5212777796106021e-5
Golimumab,0.3,59,koff,0.005583,0.005583,1/min,20260922,0.004980191739113165,0.004980191739113165
Golimumab,0.3,59,kint,0.014433333333333333,0.014433333333333333,1/min,20260923,0.007353837473913642,0.007353837473913642
Golimumab,0.3,59,kdeg,0.0037166666666666667,0.0037166666666666667,1/min,20260924,0.0022069587365363213,0.0022069587365363213
Golimumab,0.3,60,Kd (FcRn),1.07,1.07,µmol/l,20260920,1.1479498297750022,1.1479498297750022
Golimumab,0.3,60,Target Kd,1.8e-5,1.8e-5,µmol/l,20260921,1.3095558302612712e-5,1.3095558302612712e-5
Golimumab,0.3,60,koff,0.005583,0.005583,1/min,20260922,0.004360430687257844,0.004360430687257844
Golimumab,0.3,60,kint,0.014433333333333333,0.014433333333333333,1/min,20260923,0.014474846166603062,0.01447484616660306
Golimumab,0.3,60,kdeg,0.0037166666666666667,0.0037166666666666667,1/min,20260924,0.003425469729411832,0.003425469729411832
Golimumab,0.3,61,Kd (FcRn),1.07,1.07,µmol/l,20260920,1.1407228925129314,1.1407228925129314
Golimumab,0.3,61,Target Kd,1.8e-5,1.8e-5,µmol/l,20260921,1.876094160853953e-5,1.876094160853953e-5
Golimumab,0.3,61,koff,0.005583,0.005583,1/min,20260922,0.006258603224387794,0.0062586032243877945
Golimumab,0.3,61,kint,0.014433333333333333,0.014433333333333333,1/min,20260923,0.014235569390947037,0.014235569390947037
Golimumab,0.3,61,kdeg,0.0037166666666666667,0.0037166666666666667,1/min,20260924,0.00393460208776705,0.00393460208776705
Golimumab,0.3,62,Kd (FcRn),1.07,1.07,µmol/l,20260920,0.7183432926494681,0.7183432926494681
Golimumab,0.3,62,Target Kd,1.8e-5,1.8e-5,µmol/l,20260921,1.3337477168752442e-5,1.3337477168752442e-5
Golimumab,0.3,62,koff,0.005583,0.005583,1/min,20260922,0.005821940591449014,0.005821940591449014
Golimumab,0.3,62,kint,0.014433333333333333,0.014433333333333333,1/min,20260923,0.011641581774306842,0.011641581774306842
Golimumab,0.3,62,kdeg,0.0037166666666666667,0.0037166666666666667,1/min,20260924,0.0042377876276169695,0.0042377876276169695
Golimumab,0.3,63,Kd (FcRn),1.07,1.07,µmol/l,20260920,0.7276978737313451,0.7276978737313451
Golimumab,0.3,63,Target Kd,1.8e-5,1.8e-5,µmol/l,20260921,1.7129550818439242e-5,1.7129550818439242e-5
Golimumab,0.3,63,koff,0.005583,0.005583,1/min,20260922,0.004454370997596224,0.004454370997596224
Golimumab,0.3,63,kint,0.014433333333333333,0.014433333333333333,1/min,20260923,0.014955012124319903,0.014955012124319903
Golimumab,0.3,63,kdeg,0.0037166666666666667,0.0037166666666666667,1/min,20260924,0.004899905670453993,0.004899905670453993
Golimumab,0.3,64,Kd (FcRn),1.07,1.07,µmol/l,20260920,0.7693317251393337,0.7693317251393337
Golimumab,0.3,64,Target Kd,1.8e-5,1.8e-5,µmol/l,20260921,2.5252977790510846e-5,2.5252977790510846e-5
Golimumab,0.3,64,koff,0.005583,0.005583,1/min,20260922,0.005371825179148344,0.005371825179148344
Golimumab,0.3,64,kint,0.014433333333333333,0.014433333333333333,1/min,20260923,0.00844453726098257,0.00844453726098257
Golimumab,0.3,64,kdeg,0.0037166666666666667,0.0037166666666666667,1/min,20260924,0.003047611275158079,0.003047611275158079
Golimumab,0.3,65,Kd (FcRn),1.07,1.07,µmol/l,20260920,0.7362706513337003,0.7362706513337003
Golimumab,0.3,65,Target Kd,1.8e-5,1.8e-5,µmol/l,20260921,2.273084739887054e-5,2.273084739887054e-5
Golimumab,0.3,65,koff,0.005583,0.005583,1/min,20260922,0.004630204106006014,0.004630204106006014
Golimumab,0.3,65,kint,0.014433333333333333,0.014433333333333333,1/min,20260923,0.007984333287505524,0.007984333287505524
Golimumab,0.3,65,kdeg,0.0037166666666666667,0.0037166666666666667,1/min,20260924,0.006111215821186148,0.006111215821186148
Golimumab,0.3,66,Kd (FcRn),1.07,1.07,µmol/l,20260920,0.8169891714167974,0.8169891714167974
Golimumab,0.3,66,Target Kd,1.8e-5,1.8e-5,µmol/l,20260921,1.4925586006103699e-5,1.49255860061037e-5
Golimumab,0.3,66,koff,0.005583,0.005583,1/min,20260922,0.008413720276990482,0.008413720276990482
Golimumab,0.3,66,kint,0.014433333333333333,0.014433333333333333,1/min,20260923,0.01611324815032924,0.01611324815032924
Golimumab,0.3,66,kdeg,0.0037166666666666667,0.0037166666666666667,1/min,20260924,0.003941937777020425,0.003941937777020425
Golimumab,0.3,67,Kd (FcRn),1.07,1.07,µmol/l,20260920,1.0466099219627987,1.0466099219627987
Golimumab,0.3,67,Target Kd,1.8e-5,1.8e-5,µmol/l,20260921,2.4914701312340438e-5,2.4914701312340438e-5
Golimumab,0.3,67,koff,0.005583,0.005583,1/min,20260922,0.004704266710838126,0.004704266710838126
Golimumab,0.3,67,kint,0.014433333333333333,0.014433333333333333,1/min,20260923,0.010582524526415714,0.010582524526415714
Golimumab,0.3,67,kdeg,0.0037166666666666667,0.0037166666666666667,1/min,20260924,0.0037270078084595828,0.0037270078084595828
Golimumab,0.3,68,Kd (FcRn),1.07,1.07,µmol/l,20260920,1.3630041047531107,1.3630041047531107
Golimumab,0.3,68,Target Kd,1.8e-5,1.8e-5,µmol/l,20260921,1.7419220875406568e-5,1.7419220875406568e-5
Golimumab,0.3,68,koff,0.005583,0.005583,1/min,20260922,0.0027246630256470275,0.0027246630256470275
Golimumab,0.3,68,kint,0.014433333333333333,0.014433333333333333,1/min,20260923,0.008227734072106899,0.008227734072106899
Golimumab,0.3,68,kdeg,0.0037166666666666667,0.0037166666666666667,1/min,20260924,0.0027893094858559768,0.0027893094858559768
Golimumab,0.3,69,Kd (FcRn),1.07,1.07,µmol/l,20260920,1.3061349107920177,1.3061349107920177
Golimumab,0.3,69,Target Kd,1.8e-5,1.8e-5,µmol/l,20260921,1.3439547840960188e-5,1.3439547840960188e-5
Golimumab,0.3,69,koff,0.005583,0.005583,1/min,20260922,0.0063751838969773825,0.0063751838969773825
Golimumab,0.3,69,kint,0.014433333333333333,0.014433333333333333,1/min,20260923,0.012108060335399422,0.012108060335399422
Golimumab,0.3,69,kdeg,0.0037166666666666667,0.0037166666666666667,1/min,20260924,0.0036567037502055998,0.0036567037502056
Golimumab,0.3,70,Kd (FcRn),1.07,1.07,µmol/l,20260920,1.7109109880498083,1.7109109880498083
Golimumab,0.3,70,Target Kd,1.8e-5,1.8e-5,µmol/l,20260921,1.0873542870726617e-5,1.0873542870726617e-5
Golimumab,0.3,70,koff,0.005583,0.005583,1/min,20260922,0.007393530701428647,0.0073935307014286475
Golimumab,0.3,70,kint,0.014433333333333333,0.014433333333333333,1/min,20260923,0.01689157172362756,0.01689157172362756
Golimumab,0.3,70,kdeg,0.0037166666666666667,0.0037166666666666667,1/min,20260924,0.0034297432593605407,0.0034297432593605407
Golimumab,0.3,71,Kd (FcRn),1.07,1.07,µmol/l,20260920,0.8361693791418315,0.8361693791418315
Golimumab,0.3,71,Target Kd,1.8e-5,1.8e-5,µmol/l,20260921,2.3449510194934662e-5,2.3449510194934662e-5
Golimumab,0.3,71,koff,0.005583,0.005583,1/min,20260922,0.004883689714754731,0.004883689714754731
Golimumab,0.3,71,kint,0.014433333333333333,0.014433333333333333,1/min,20260923,0.011789799953568205,0.011789799953568205
Golimumab,0.3,71,kdeg,0.0037166666666666667,0.0037166666666666667,1/min,20260924,0.0035827700617088462,0.0035827700617088462
Golimumab,0.3,72,Kd (FcRn),1.07,1.07,µmol/l,20260920,0.7988973591032428,0.7988973591032428
Golimumab,0.3,72,Target Kd,1.8e-5,1.8e-5,µmol/l,20260921,2.2742925706815815e-5,2.2742925706815815e-5
Golimumab,0.3,72,koff,0.005583,0.005583,1/min,20260922,0.006170135592719711,0.00617013559271971
Golimumab,0.3,72,kint,0.014433333333333333,0.014433333333333333,1/min,20260923,0.01239664832632816,0.01239664832632816
Golimumab,0.3,72,kdeg,0.0037166666666666667,0.0037166666666666667,1/min,20260924,0.0032921234297109206,0.0032921234297109206
Golimumab,0.3,73,Kd (FcRn),1.07,1.07,µmol/l,20260920,0.7653861879052614,0.7653861879052614
Golimumab,0.3,73,Target Kd,1.8e-5,1.8e-5,µmol/l,20260921,1.4225657825695277e-5,1.4225657825695277e-5
Golimumab,0.3,73,koff,0.005583,0.005583,1/min,20260922,0.004825291348949911,0.004825291348949911
Golimumab,0.3,73,kint,0.014433333333333333,0.014433333333333333,1/min,20260923,0.027076239270696,0.027076239270696
Golimumab,0.3,73,kdeg,0.0037166666666666667,0.0037166666666666667,1/min,20260924,0.004979240124403566,0.004979240124403566
Golimumab,0.3,74,Kd (FcRn),1.07,1.07,µmol/l,20260920,1.246410927046046,1.246410927046046
Golimumab,0.3,74,Target Kd,1.8e-5,1.8e-5,µmol/l,20260921,1.5851874058027824e-5,1.5851874058027824e-5
Golimumab,0.3,74,koff,0.005583,0.005583,1/min,20260922,0.005163971261587091,0.005163971261587091
Golimumab,0.3,74,kint,0.014433333333333333,0.014433333333333333,1/min,20260923,0.01481341623911397,0.01481341623911397
Golimumab,0.3,74,kdeg,0.0037166666666666667,0.0037166666666666667,1/min,20260924,0.004712488648498913,0.004712488648498913
Golimumab,0.3,75,Kd (FcRn),1.07,1.07,µmol/l,20260920,1.3326438336448827,1.3326438336448827
Golimumab,0.3,75,Target Kd,1.8e-5,1.8e-5,µmol/l,20260921,2.013519812879695e-5,2.013519812879695e-5
Golimumab,0.3,75,koff,0.005583,0.005583,1/min,20260922,0.00923026248092203,0.00923026248092203
Golimumab,0.3,75,kint,0.014433333333333333,0.014433333333333333,1/min,20260923,0.007587529994240201,0.007587529994240201
Golimumab,0.3,75,kdeg,0.0037166666666666667,0.0037166666666666667,1/min,20260924,0.0032834766790410886,0.0032834766790410886
Golimumab,0.3,76,Kd (FcRn),1.07,1.07,µmol/l,20260920,0.8415920302953317,0.8415920302953317
Golimumab,0.3,76,Target Kd,1.8e-5,1.8e-5,µmol/l,20260921,1.2941284544437229e-5,1.2941284544437229e-5
Golimumab,0.3,76,koff,0.005583,0.005583,1/min,20260922,0.005354360004118059,0.005354360004118059
Golimumab,0.3,76,kint,0.014433333333333333,0.014433333333333333,1/min,20260923,0.02350169405118464,0.02350169405118464
Golimumab,0.3,76,kdeg,0.0037166666666666667,0.0037166666666666667,1/min,20260924,0.0021417840768914527,0.0021417840768914527
Golimumab,0.3,77,Kd (FcRn),1.07,1.07,µmol/l,20260920,1.0351038063622429,1.0351038063622429
Golimumab,0.3,77,Target Kd,1.8e-5,1.8e-5,µmol/l,20260921,1.7953040253074737e-5,1.7953040253074737e-5
Golimumab,0.3,77,koff,0.005583,0.005583,1/min,20260922,0.004797503630812966,0.004797503630812966
Golimumab,0.3,77,kint,0.014433333333333333,0.014433333333333333,1/min,20260923,0.012839384880193361,0.012839384880193361
Golimumab,0.3,77,kdeg,0.0037166666666666667,0.0037166666666666667,1/min,20260924,0.002048375417902686,0.002048375417902686
Golimumab,0.3,78,Kd (FcRn),1.07,1.07,µmol/l,20260920,0.8705923654766519,0.8705923654766519
Golimumab,0.3,78,Target Kd,1.8e-5,1.8e-5,µmol/l,20260921,9.313719862476191e-6,9.313719862476191e-6
Golimumab,0.3,78,koff,0.005583,0.005583,1/min,20260922,0.0037084555433246976,0.003708455543324698
Golimumab,0.3,78,kint,0.014433333333333333,0.014433333333333333,1/min,20260923,0.010875837678346626,0.010875837678346626
Golimumab,0.3,78,kdeg,0.0037166666666666667,0.0037166666666666667,1/min,20260924,0.006099626684431725,0.006099626684431725
Golimumab,0.3,79,Kd (FcRn),1.07,1.07,µmol/l,20260920,1.0426437631410883,1.0426437631410883
Golimumab,0.3,79,Target Kd,1.8e-5,1.8e-5,µmol/l,20260921,2.6084642779836152e-5,2.6084642779836156e-5
Golimumab,0.3,79,koff,0.005583,0.005583,1/min,20260922,0.005618217153640099,0.005618217153640099
Golimumab,0.3,79,kint,0.014433333333333333,0.014433333333333333,1/min,20260923,0.017630359683388462,0.017630359683388462
Golimumab,0.3,79,kdeg,0.0037166666666666667,0.0037166666666666667,1/min,20260924,0.004748129967394676,0.004748129967394676
Golimumab,0.3,80,Kd (FcRn),1.07,1.07,µmol/l,20260920,1.2197327753169604,1.2197327753169604
Golimumab,0.3,80,Target Kd,1.8e-5,1.8e-5,µmol/l,20260921,1.860195006246129e-5,1.860195006246129e-5
Golimumab,0.3,80,koff,0.005583,0.005583,1/min,20260922,0.004407263238223006,0.004407263238223006
Golimumab,0.3,80,kint,0.014433333333333333,0.014433333333333333,1/min,20260923,0.00909553398577419,0.00909553398577419
Golimumab,0.3,80,kdeg,0.0037166666666666667,0.0037166666666666667,1/min,20260924,0.0030759514775054973,0.0030759514775054973
Golimumab,0.3,81,Kd (FcRn),1.07,1.07,µmol/l,20260920,0.4828005496568984,0.48280054965689845
Golimumab,0.3,81,Target Kd,1.8e-5,1.8e-5,µmol/l,20260921,2.314305177479025e-5,2.314305177479025e-5
Golimumab,0.3,81,koff,0.005583,0.005583,1/min,20260922,0.006303400774690761,0.006303400774690761
Golimumab,0.3,81,kint,0.014433333333333333,0.014433333333333333,1/min,20260923,0.015447468150475395,0.015447468150475395
Golimumab,0.3,81,kdeg,0.0037166666666666667,0.0037166666666666667,1/min,20260924,0.0041586336255392585,0.0041586336255392585
Golimumab,0.3,82,Kd (FcRn),1.07,1.07,µmol/l,20260920,1.2759012723098075,1.2759012723098075
Golimumab,0.3,82,Target Kd,1.8e-5,1.8e-5,µmol/l,20260921,1.1227150388945867e-5,1.1227150388945867e-5
Golimumab,0.3,82,koff,0.005583,0.005583,1/min,20260922,0.0038754113251957905,0.0038754113251957905
Golimumab,0.3,82,kint,0.014433333333333333,0.014433333333333333,1/min,20260923,0.015430602255205218,0.015430602255205218
Golimumab,0.3,82,kdeg,0.0037166666666666667,0.0037166666666666667,1/min,20260924,0.002498448878763476,0.002498448878763476
Golimumab,0.3,83,Kd (FcRn),1.07,1.07,µmol/l,20260920,0.8893084376897828,0.8893084376897828
Golimumab,0.3,83,Target Kd,1.8e-5,1.8e-5,µmol/l,20260921,1.8583355508971797e-5,1.8583355508971797e-5
Golimumab,0.3,83,koff,0.005583,0.005583,1/min,20260922,0.005829568798199857,0.005829568798199857
Golimumab,0.3,83,kint,0.014433333333333333,0.014433333333333333,1/min,20260923,0.022796728633192233,0.022796728633192237
Golimumab,0.3,83,kdeg,0.0037166666666666667,0.0037166666666666667,1/min,20260924,0.003195860499623524,0.0031958604996235236
Golimumab,0.3,84,Kd (FcRn),1.07,1.07,µmol/l,20260920,0.9397131281187916,0.9397131281187916
Golimumab,0.3,84,Target Kd,1.8e-5,1.8e-5,µmol/l,20260921,1.3979079543217492e-5,1.3979079543217492e-5
Golimumab,0.3,84,koff,0.005583,0.005583,1/min,20260922,0.003351382308027303,0.003351382308027303
Golimumab,0.3,84,kint,0.014433333333333333,0.014433333333333333,1/min,20260923,0.0175354109399299,0.0175354109399299
Golimumab,0.3,84,kdeg,0.0037166666666666667,0.0037166666666666667,1/min,20260924,0.0029021459864385004,0.0029021459864385004
Golimumab,0.3,85,Kd (FcRn),1.07,1.07,µmol/l,20260920,0.7813876515650431,0.7813876515650431
Golimumab,0.3,85,Target Kd,1.8e-5,1.8e-5,µmol/l,20260921,1.568254209031986e-5,1.568254209031986e-5
Golimumab,0.3,85,koff,0.005583,0.005583,1/min,20260922,0.005787234330495446,0.005787234330495446
Golimumab,0.3,85,kint,0.014433333333333333,0.014433333333333333,1/min,20260923,0.020961557852464778,0.020961557852464778
Golimumab,0.3,85,kdeg,0.0037166666666666667,0.0037166666666666667,1/min,20260924,0.0013890851002315578,0.0013890851002315578
Golimumab,0.3,86,Kd (FcRn),1.07,1.07,µmol/l,20260920,0.7265017198617114,0.7265017198617114
Golimumab,0.3,86,Target Kd,1.8e-5,1.8e-5,µmol/l,20260921,1.2641766417019579e-5,1.2641766417019579e-5
Golimumab,0.3,86,koff,0.005583,0.005583,1/min,20260922,0.0048796846773161776,0.0048796846773161776
Golimumab,0.3,86,kint,0.014433333333333333,0.014433333333333333,1/min,20260923,0.011814825212664753,0.011814825212664751
Golimumab,0.3,86,kdeg,0.0037166666666666667,0.0037166666666666667,1/min,20260924,0.004979343057549302,0.004979343057549302
Golimumab,0.3,87,Kd (FcRn),1.07,1.07,µmol/l,20260920,1.0379965528125898,1.0379965528125898
Golimumab,0.3,87,Target Kd,1.8e-5,1.8e-5,µmol/l,20260921,1.9628480930514426e-5,1.9628480930514426e-5
Golimumab,0.3,87,koff,0.005583,0.005583,1/min,20260922,0.004813468270186022,0.004813468270186022
Golimumab,0.3,87,kint,0.014433333333333333,0.014433333333333333,1/min,20260923,0.015858748742587525,0.015858748742587525
Golimumab,0.3,87,kdeg,0.0037166666666666667,0.0037166666666666667,1/min,20260924,0.005298949559944273,0.005298949559944273
Golimumab,0.3,88,Kd (FcRn),1.07,1.07,µmol/l,20260920,0.43710943996618057,0.43710943996618057
Golimumab,0.3,88,Target Kd,1.8e-5,1.8e-5,µmol/l,20260921,1.80226407605855e-5,1.80226407605855e-5
Golimumab,0.3,88,koff,0.005583,0.005583,1/min,20260922,0.0061317730770787575,0.0061317730770787575
Golimumab,0.3,88,kint,0.014433333333333333,0.014433333333333333,1/min,20260923,0.00762146945907688,0.007621469459076881
Golimumab,0.3,88,kdeg,0.0037166666666666667,0.0037166666666666667,1/min,20260924,0.005386628994181346,0.005386628994181347
Golimumab,0.3,89,Kd (FcRn),1.07,1.07,µmol/l,20260920,0.8319401447032587,0.8319401447032587
Golimumab,0.3,89,Target Kd,1.8e-5,1.8e-5,µmol/l,20260921,1.4580554252895732e-5,1.4580554252895733e-5
Golimumab,0.3,89,koff,0.005583,0.005583,1/min,20260922,0.006702439946869996,0.006702439946869996
Golimumab,0.3,89,kint,0.014433333333333333,0.014433333333333333,1/min,20260923,0.011074270440224274,0.011074270440224274
Golimumab,0.3,89,kdeg,0.0037166666666666667,0.0037166666666666667,1/min,20260924,0.004773038662822519,0.004773038662822519
Golimumab,0.3,90,Kd (FcRn),1.07,1.07,µmol/l,20260920,1.477778594597179,1.477778594597179
Golimumab,0.3,90,Target Kd,1.8e-5,1.8e-5,µmol/l,20260921,1.1163043954687012e-5,1.1163043954687012e-5
Golimumab,0.3,90,koff,0.005583,0.005583,1/min,20260922,0.005512430178163784,0.005512430178163784
Golimumab,0.3,90,kint,0.014433333333333333,0.014433333333333333,1/min,20260923,0.015073970178986863,0.015073970178986863
Golimumab,0.3,90,kdeg,0.0037166666666666667,0.0037166666666666667,1/min,20260924,0.003745524222864941,0.003745524222864941
Golimumab,0.3,91,Kd (FcRn),1.07,1.07,µmol/l,20260920,0.9209886895489774,0.9209886895489774
Golimumab,0.3,91,Target Kd,1.8e-5,1.8e-5,µmol/l,20260921,3.353096581759337e-5,3.353096581759337e-5
Golimumab,0.3,91,koff,0.005583,0.005583,1/min,20260922,0.00692569140278552,0.006925691402785519
Golimumab,0.3,91,kint,0.014433333333333333,0.014433333333333333,1/min,20260923,0.010454061250358974,0.010454061250358974
Golimumab,0.3,91,kdeg,0.0037166666666666667,0.0037166666666666667,1/min,20260924,0.003946393714619558,0.003946393714619558
Golimumab,0.3,92,Kd (FcRn),1.07,1.07,µmol/l,20260920,0.9597089864472618,0.9597089864472618
Golimumab,0.3,92,Target Kd,1.8e-5,1.8e-5,µmol/l,20260921,1.884618395819924e-5,1.884618395819924e-5
Golimumab,0.3,92,koff,0.005583,0.005583,1/min,20260922,0.005623414936525839,0.005623414936525839
Golimumab,0.3,92,kint,0.014433333333333333,0.014433333333333333,1/min,20260923,0.010473745930086794,0.010473745930086794
Golimumab,0.3,92,kdeg,0.0037166666666666667,0.0037166666666666667,1/min,20260924,0.0023518133596723456,0.0023518133596723456
Golimumab,0.3,93,Kd (FcRn),1.07,1.07,µmol/l,20260920,1.3795366551404067,1.3795366551404067
Golimumab,0.3,93,Target Kd,1.8e-5,1.8e-5,µmol/l,20260921,2.331710575334231e-5,2.331710575334231e-5
Golimumab,0.3,93,koff,0.005583,0.005583,1/min,20260922,0.004187985188260015,0.004187985188260015
Golimumab,0.3,93,kint,0.014433333333333333,0.014433333333333333,1/min,20260923,0.01504209023869494,0.01504209023869494
Golimumab,0.3,93,kdeg,0.0037166666666666667,0.0037166666666666667,1/min,20260924,0.00335979795253087,0.00335979795253087
Golimumab,0.3,94,Kd (FcRn),1.07,1.07,µmol/l,20260920,0.8498275115552056,0.8498275115552056
Golimumab,0.3,94,Target Kd,1.8e-5,1.8e-5,µmol/l,20260921,1.18116502018806e-5,1.18116502018806e-5
Golimumab,0.3,94,koff,0.005583,0.005583,1/min,20260922,0.006405169982183023,0.006405169982183023
Golimumab,0.3,94,kint,0.014433333333333333,0.014433333333333333,1/min,20260923,0.014165938998976028,0.014165938998976028
Golimumab,0.3,94,kdeg,0.0037166666666666667,0.0037166666666666667,1/min,20260924,0.0033892253366245035,0.0033892253366245035
Golimumab,0.3,95,Kd (FcRn),1.07,1.07,µmol/l,20260920,1.2975419793472278,1.2975419793472278
Golimumab,0.3,95,Target Kd,1.8e-5,1.8e-5,µmol/l,20260921,1.2362409508010202e-5,1.2362409508010202e-5
Golimumab,0.3,95,koff,0.005583,0.005583,1/min,20260922,0.004241325833962224,0.004241325833962224
Golimumab,0.3,95,kint,0.014433333333333333,0.014433333333333333,1/min,20260923,0.027322204930514814,0.027322204930514814
Golimumab,0.3,95,kdeg,0.0037166666666666667,0.0037166666666666667,1/min,20260924,0.006263256329497682,0.006263256329497682
Golimumab,0.3,96,Kd (FcRn),1.07,1.07,µmol/l,20260920,1.7602925865918646,1.7602925865918646
Golimumab,0.3,96,Target Kd,1.8e-5,1.8e-5,µmol/l,20260921,1.9490142715274455e-5,1.9490142715274455e-5
Golimumab,0.3,96,koff,0.005583,0.005583,1/min,20260922,0.005018120942756801,0.005018120942756801
Golimumab,0.3,96,kint,0.014433333333333333,0.014433333333333333,1/min,20260923,0.008586613335850268,0.008586613335850266
Golimumab,0.3,96,kdeg,0.0037166666666666667,0.0037166666666666667,1/min,20260924,0.0037113105202446397,0.0037113105202446397
Golimumab,0.3,97,Kd (FcRn),1.07,1.07,µmol/l,20260920,1.9424087555560177,1.9424087555560179
Golimumab,0.3,97,Target Kd,1.8e-5,1.8e-5,µmol/l,20260921,1.4308516765589773e-5,1.4308516765589775e-5
Golimumab,0.3,97,koff,0.005583,0.005583,1/min,20260922,0.0035593773511565572,0.003559377351156557
Golimumab,0.3,97,kint,0.014433333333333333,0.014433333333333333,1/min,20260923,0.014437564112287563,0.014437564112287563
Golimumab,0.3,97,kdeg,0.0037166666666666667,0.0037166666666666667,1/min,20260924,0.0024851934435875895,0.0024851934435875895
Golimumab,0.3,98,Kd (FcRn),1.07,1.07,µmol/l,20260920,1.3102476189915004,1.3102476189915004
Golimumab,0.3,98,Target Kd,1.8e-5,1.8e-5,µmol/l,20260921,1.702187745185313e-5,1.702187745185313e-5
Golimumab,0.3,98,koff,0.005583,0.005583,1/min,20260922,0.006531697379006609,0.006531697379006609
Golimumab,0.3,98,kint,0.014433333333333333,0.014433333333333333,1/min,20260923,0.01762684264001479,0.01762684264001479
Golimumab,0.3,98,kdeg,0.0037166666666666667,0.0037166666666666667,1/min,20260924,0.003960670138271586,0.003960670138271586
Golimumab,0.3,99,Kd (FcRn),1.07,1.07,µmol/l,20260920,0.7254010729312524,0.7254010729312524
Golimumab,0.3,99,Target Kd,1.8e-5,1.8e-5,µmol/l,20260921,1.3544887721662793e-5,1.3544887721662793e-5
Golimumab,0.3,99,koff,0.005583,0.005583,1/min,20260922,0.0039024782836403777,0.0039024782836403777
Golimumab,0.3,99,kint,0.014433333333333333,0.014433333333333333,1/min,20260923,0.01839817918921897,0.01839817918921897
Golimumab,0.3,99,kdeg,0.0037166666666666667,0.0037166666666666667,1/min,20260924,0.0052979945057874825,0.0052979945057874825
Golimumab,0.3,100,Kd (FcRn),1.07,1.07,µmol/l,20260920,0.5851460781993196,0.5851460781993196
Golimumab,0.3,100,Target Kd,1.8e-5,1.8e-5,µmol/l,20260921,1.6240087769260122e-5,1.6240087769260122e-5
Golimumab,0.3,100,koff,0.005583,0.005583,1/min,20260922,0.006472891708990915,0.006472891708990915
Golimumab,0.3,100,kint,0.014433333333333333,0.014433333333333333,1/min,20260923,0.02095048246408042,0.02095048246408042
Golimumab,0.3,100,kdeg,0.0037166666666666667,0.0037166666666666667,1/min,20260924,0.00283112865327959,0.00283112865327959
Golimumab,0.6,1,Kd (FcRn),1.07,1.07,µmol/l,20261020,0.3451975989987893,0.3451975989987893
Golimumab,0.6,1,Target Kd,1.8e-5,1.8e-5,µmol/l,20261021,1.686949215938567e-5,1.686949215938567e-5
Golimumab,0.6,1,koff,0.005583,0.005583,1/min,20261022,0.002478590233982667,0.002478590233982667
Golimumab,0.6,1,kint,0.014433333333333333,0.014433333333333333,1/min,20261023,0.004176682279874723,0.004176682279874723
Golimumab,0.6,1,kdeg,0.0037166666666666667,0.0037166666666666667,1/min,20261024,0.005216387739392946,0.005216387739392946
Golimumab,0.6,2,Kd (FcRn),1.07,1.07,µmol/l,20261020,2.709565687626785,2.709565687626785
Golimumab,0.6,2,Target Kd,1.8e-5,1.8e-5,µmol/l,20261021,2.115070417910932e-5,2.115070417910932e-5
Golimumab,0.6,2,koff,0.005583,0.005583,1/min,20261022,0.008682175242920823,0.008682175242920823
Golimumab,0.6,2,kint,0.014433333333333333,0.014433333333333333,1/min,20261023,0.007043789920687112,0.007043789920687112
Golimumab,0.6,2,kdeg,0.0037166666666666667,0.0037166666666666667,1/min,20261024,0.004944825007502617,0.004944825007502617
Golimumab,0.6,3,Kd (FcRn),1.07,1.07,µmol/l,20261020,1.0053460415619715,1.0053460415619715
Golimumab,0.6,3,Target Kd,1.8e-5,1.8e-5,µmol/l,20261021,2.0441388567679703e-5,2.0441388567679703e-5
Golimumab,0.6,3,koff,0.005583,0.005583,1/min,20261022,0.004034722477131027,0.004034722477131027
Golimumab,0.6,3,kint,0.014433333333333333,0.014433333333333333,1/min,20261023,0.02374530975954657,0.02374530975954657
Golimumab,0.6,3,kdeg,0.0037166666666666667,0.0037166666666666667,1/min,20261024,0.005016437769926577,0.005016437769926577
Golimumab,0.6,4,Kd (FcRn),1.07,1.07,µmol/l,20261020,0.7024148343341915,0.7024148343341915
Golimumab,0.6,4,Target Kd,1.8e-5,1.8e-5,µmol/l,20261021,2.709113073715752e-5,2.709113073715752e-5
Golimumab,0.6,4,koff,0.005583,0.005583,1/min,20261022,0.002644309032849057,0.002644309032849057
Golimumab,0.6,4,kint,0.014433333333333333,0.014433333333333333,1/min,20261023,0.00777663748059137,0.00777663748059137
Golimumab,0.6,4,kdeg,0.0037166666666666667,0.0037166666666666667,1/min,20261024,0.002536932856659398,0.002536932856659398
Golimumab,0.6,5,Kd (FcRn),1.07,1.07,µmol/l,20261020,0.42219117046206356,0.42219117046206356
Golimumab,0.6,5,Target Kd,1.8e-5,1.8e-5,µmol/l,20261021,2.1755463131076154e-5,2.1755463131076154e-5
Golimumab,0.6,5,koff,0.005583,0.005583,1/min,20261022,0.002577843993181072,0.002577843993181072
Golimumab,0.6,5,kint,0.014433333333333333,0.014433333333333333,1/min,20261023,0.021970996721240192,0.021970996721240192
Golimumab,0.6,5,kdeg,0.0037166666666666667,0.0037166666666666667,1/min,20261024,0.002903855319190292,0.002903855319190292
Golimumab,0.6,6,Kd (FcRn),1.07,1.07,µmol/l,20261020,1.5006524004615955,1.5006524004615955
Golimumab,0.6,6,Target Kd,1.8e-5,1.8e-5,µmol/l,20261021,1.0733319696614387e-5,1.0733319696614387e-5
Golimumab,0.6,6,koff,0.005583,0.005583,1/min,20261022,0.006180573313363507,0.006180573313363507
Golimumab,0.6,6,kint,0.014433333333333333,0.014433333333333333,1/min,20261023,0.011037251268623668,0.011037251268623668
Golimumab,0.6,6,kdeg,0.0037166666666666667,0.0037166666666666667,1/min,20261024,0.004747464126928394,0.004747464126928394
Golimumab,0.6,7,Kd (FcRn),1.07,1.07,µmol/l,20261020,0.7594658824552413,0.7594658824552413
Golimumab,0.6,7,Target Kd,1.8e-5,1.8e-5,µmol/l,20261021,1.0030214686808194e-5,1.0030214686808194e-5
Golimumab,0.6,7,koff,0.005583,0.005583,1/min,20261022,0.01249762994933117,0.01249762994933117
Golimumab,0.6,7,kint,0.014433333333333333,0.014433333333333333,1/min,20261023,0.005220677172516931,0.005220677172516931
Golimumab,0.6,7,kdeg,0.0037166666666666667,0.0037166666666666667,1/min,20261024,0.004229199447859457,0.004229199447859457
Golimumab,0.6,8,Kd (FcRn),1.07,1.07,µmol/l,20261020,1.0376216369434683,1.0376216369434683
Golimumab,0.6,8,Target Kd,1.8e-5,1.8e-5,µmol/l,20261021,1.9363421340388388e-5,1.9363421340388388e-5
Golimumab,0.6,8,koff,0.005583,0.005583,1/min,20261022,0.00318470108904182,0.00318470108904182
Golimumab,0.6,8,kint,0.014433333333333333,0.014433333333333333,1/min,20261023,0.010852270675906502,0.010852270675906502
Golimumab,0.6,8,kdeg,0.0037166666666666667,0.0037166666666666667,1/min,20261024,0.0051062176504104405,0.0051062176504104405
Golimumab,0.6,9,Kd (FcRn),1.07,1.07,µmol/l,20261020,0.7588407276050287,0.7588407276050287
Golimumab,0.6,9,Target Kd,1.8e-5,1.8e-5,µmol/l,20261021,4.144492592591836e-5,4.144492592591836e-5
Golimumab,0.6,9,koff,0.005583,0.005583,1/min,20261022,0.009255183316838911,0.009255183316838911
Golimumab,0.6,9,kint,0.014433333333333333,0.014433333333333333,1/min,20261023,0.0025977846629231644,0.0025977846629231644
Golimumab,0.6,9,kdeg,0.0037166666666666667,0.0037166666666666667,1/min,20261024,0.0012347189730387018,0.0012347189730387018
Golimumab,0.6,10,Kd (FcRn),1.07,1.07,µmol/l,20261020,1.0906707532882092,1.0906707532882092
Golimumab,0.6,10,Target Kd,1.8e-5,1.8e-5,µmol/l,20261021,2.529593152171627e-5,2.529593152171627e-5
Golimumab,0.6,10,koff,0.005583,0.005583,1/min,20261022,0.007224073993891158,0.007224073993891158
Golimumab,0.6,10,kint,0.014433333333333333,0.014433333333333333,1/min,20261023,0.012301787992546293,0.012301787992546293
Golimumab,0.6,10,kdeg,0.0037166666666666667,0.0037166666666666667,1/min,20261024,0.004837336394907789,0.004837336394907789
Golimumab,0.6,11,Kd (FcRn),1.07,1.07,µmol/l,20261020,0.7665034758570983,0.7665034758570983
Golimumab,0.6,11,Target Kd,1.8e-5,1.8e-5,µmol/l,20261021,1.2581877523450116e-5,1.2581877523450116e-5
Golimumab,0.6,11,koff,0.005583,0.005583,1/min,20261022,0.004400736978128028,0.004400736978128028
Golimumab,0.6,11,kint,0.014433333333333333,0.014433333333333333,1/min,20261023,0.007668515336626659,0.007668515336626659
Golimumab,0.6,11,kdeg,0.0037166666666666667,0.0037166666666666667,1/min,20261024,0.002297232841156966,0.002297232841156966
Golimumab,0.6,12,Kd (FcRn),1.07,1.07,µmol/l,20261020,0.5217993206177998,0.5217993206177998
Golimumab,0.6,12,Target Kd,1.8e-5,1.8e-5,µmol/l,20261021,1.2763531866029722e-5,1.2763531866029722e-5
Golimumab,0.6,12,koff,0.005583,0.005583,1/min,20261022,0.007271574175672924,0.0072715741756729235
Golimumab,0.6,12,kint,0.014433333333333333,0.014433333333333333,1/min,20261023,0.008061174791568752,0.008061174791568752
Golimumab,0.6,12,kdeg,0.0037166666666666667,0.0037166666666666667,1/min,20261024,0.0013204711708150554,0.0013204711708150554
Golimumab,0.6,13,Kd (FcRn),1.07,1.07,µmol/l,20261020,1.0019048320483628,1.0019048320483628
Golimumab,0.6,13,Target Kd,1.8e-5,1.8e-5,µmol/l,20261021,1.7329469880358658e-5,1.7329469880358658e-5
Golimumab,0.6,13,koff,0.005583,0.005583,1/min,20261022,0.0012063015963114734,0.0012063015963114734
Golimumab,0.6,13,kint,0.014433333333333333,0.014433333333333333,1/min,20261023,0.00963753098602023,0.00963753098602023
Golimumab,0.6,13,kdeg,0.0037166666666666667,0.0037166666666666667,1/min,20261024,0.002687739644425942,0.002687739644425942
Golimumab,0.6,14,Kd (FcRn),1.07,1.07,µmol/l,20261020,2.4692878789233554,2.4692878789233554
Golimumab,0.6,14,Target Kd,1.8e-5,1.8e-5,µmol/l,20261021,8.382392409309999e-6,8.382392409309999e-6
Golimumab,0.6,14,koff,0.005583,0.005583,1/min,20261022,0.005547807726366345,0.005547807726366345
Golimumab,0.6,14,kint,0.014433333333333333,0.014433333333333333,1/min,20261023,0.007795581228955395,0.007795581228955395
Golimumab,0.6,14,kdeg,0.0037166666666666667,0.0037166666666666667,1/min,20261024,0.006336691838832956,0.006336691838832956
Golimumab,0.6,15,Kd (FcRn),1.07,1.07,µmol/l,20261020,0.3922157087744677,0.3922157087744677
Golimumab,0.6,15,Target Kd,1.8e-5,1.8e-5,µmol/l,20261021,7.616870995144458e-6,7.616870995144458e-6
Golimumab,0.6,15,koff,0.005583,0.005583,1/min,20261022,0.0034774737294376223,0.0034774737294376223
Golimumab,0.6,15,kint,0.014433333333333333,0.014433333333333333,1/min,20261023,0.00896895994561929,0.00896895994561929
Golimumab,0.6,15,kdeg,0.0037166666666666667,0.0037166666666666667,1/min,20261024,0.0022435218228733437,0.0022435218228733437
Golimumab,0.6,16,Kd (FcRn),1.07,1.07,µmol/l,20261020,1.1204300026271143,1.1204300026271143
Golimumab,0.6,16,Target Kd,1.8e-5,1.8e-5,µmol/l,20261021,2.1294001748886646e-5,2.1294001748886646e-5
Golimumab,0.6,16,koff,0.005583,0.005583,1/min,20261022,0.003498881078513632,0.0034988810785136324
Golimumab,0.6,16,kint,0.014433333333333333,0.014433333333333333,1/min,20261023,0.007086421181057779,0.007086421181057779
Golimumab,0.6,16,kdeg,0.0037166666666666667,0.0037166666666666667,1/min,20261024,0.00455745673603755,0.00455745673603755
Golimumab,0.6,17,Kd (FcRn),1.07,1.07,µmol/l,20261020,0.7462868654017243,0.7462868654017243
Golimumab,0.6,17,Target Kd,1.8e-5,1.8e-5,µmol/l,20261021,8.496175929094836e-6,8.496175929094836e-6
Golimumab,0.6,17,koff,0.005583,0.005583,1/min,20261022,0.0020375277468270437,0.0020375277468270437
Golimumab,0.6,17,kint,0.014433333333333333,0.014433333333333333,1/min,20261023,0.015074882438442062,0.015074882438442062
Golimumab,0.6,17,kdeg,0.0037166666666666667,0.0037166666666666667,1/min,20261024,0.00186701425065163,0.00186701425065163
Golimumab,0.6,18,Kd (FcRn),1.07,1.07,µmol/l,20261020,0.5654558020874166,0.5654558020874166
Golimumab,0.6,18,Target Kd,1.8e-5,1.8e-5,µmol/l,20261021,5.3948458892553926e-5,5.3948458892553926e-5
Golimumab,0.6,18,koff,0.005583,0.005583,1/min,20261022,0.0081774024543517,0.0081774024543517
Golimumab,0.6,18,kint,0.014433333333333333,0.014433333333333333,1/min,20261023,0.009279495511968982,0.009279495511968982
Golimumab,0.6,18,kdeg,0.0037166666666666667,0.0037166666666666667,1/min,20261024,0.008145217725613609,0.008145217725613609
Golimumab,0.6,19,Kd (FcRn),1.07,1.07,µmol/l,20261020,0.7257828202461868,0.7257828202461868
Golimumab,0.6,19,Target Kd,1.8e-5,1.8e-5,µmol/l,20261021,1.0755306804636138e-5,1.0755306804636138e-5
Golimumab,0.6,19,koff,0.005583,0.005583,1/min,20261022,0.004046715399739895,0.004046715399739895
Golimumab,0.6,19,kint,0.014433333333333333,0.014433333333333333,1/min,20261023,0.04299689618073798,0.04299689618073798
Golimumab,0.6,19,kdeg,0.0037166666666666667,0.0037166666666666667,1/min,20261024,0.00453556907313965,0.00453556907313965
Golimumab,0.6,20,Kd (FcRn),1.07,1.07,µmol/l,20261020,0.8117276216885301,0.8117276216885301
Golimumab,0.6,20,Target Kd,1.8e-5,1.8e-5,µmol/l,20261021,1.6598459303528055e-5,1.6598459303528055e-5
Golimumab,0.6,20,koff,0.005583,0.005583,1/min,20261022,0.007196493739448835,0.007196493739448835
Golimumab,0.6,20,kint,0.014433333333333333,0.014433333333333333,1/min,20261023,0.0053452731242066235,0.005345273124206623
Golimumab,0.6,20,kdeg,0.0037166666666666667,0.0037166666666666667,1/min,20261024,0.0017999318020827581,0.0017999318020827581
Golimumab,0.6,21,Kd (FcRn),1.07,1.07,µmol/l,20261020,2.6621156179854464,2.6621156179854464
Golimumab,0.6,21,Target Kd,1.8e-5,1.8e-5,µmol/l,20261021,8.045938439529419e-6,8.045938439529419e-6
Golimumab,0.6,21,koff,0.005583,0.005583,1/min,20261022,0.0066073275765041115,0.0066073275765041115
Golimumab,0.6,21,kint,0.014433333333333333,0.014433333333333333,1/min,20261023,0.009471246006655039,0.009471246006655039
Golimumab,0.6,21,kdeg,0.0037166666666666667,0.0037166666666666667,1/min,20261024,0.0018249915472386344,0.0018249915472386344
Golimumab,0.6,22,Kd (FcRn),1.07,1.07,µmol/l,20261020,1.4723056330801545,1.4723056330801545
Golimumab,0.6,22,Target Kd,1.8e-5,1.8e-5,µmol/l,20261021,1.1362196914633895e-5,1.1362196914633895e-5
Golimumab,0.6,22,koff,0.005583,0.005583,1/min,20261022,0.005117147529169612,0.005117147529169612
Golimumab,0.6,22,kint,0.014433333333333333,0.014433333333333333,1/min,20261023,0.008574937300769888,0.008574937300769888
Golimumab,0.6,22,kdeg,0.0037166666666666667,0.0037166666666666667,1/min,20261024,0.0025931137061283773,0.0025931137061283773
Golimumab,0.6,23,Kd (FcRn),1.07,1.07,µmol/l,20261020,1.8177328808272548,1.8177328808272548
Golimumab,0.6,23,Target Kd,1.8e-5,1.8e-5,µmol/l,20261021,3.8586943546359106e-5,3.8586943546359106e-5
Golimumab,0.6,23,koff,0.005583,0.005583,1/min,20261022,0.009790855931991518,0.009790855931991518
Golimumab,0.6,23,kint,0.014433333333333333,0.014433333333333333,1/min,20261023,0.01835823928655056,0.01835823928655056
Golimumab,0.6,23,kdeg,0.0037166666666666667,0.0037166666666666667,1/min,20261024,0.010287477972679225,0.010287477972679225
Golimumab,0.6,24,Kd (FcRn),1.07,1.07,µmol/l,20261020,1.6255448733088254,1.6255448733088254
Golimumab,0.6,24,Target Kd,1.8e-5,1.8e-5,µmol/l,20261021,2.4273050597257933e-5,2.4273050597257933e-5
Golimumab,0.6,24,koff,0.005583,0.005583,1/min,20261022,0.004546656727930422,0.004546656727930422
Golimumab,0.6,24,kint,0.014433333333333333,0.014433333333333333,1/min,20261023,0.010453372469545372,0.010453372469545372
Golimumab,0.6,24,kdeg,0.0037166666666666667,0.0037166666666666667,1/min,20261024,0.005104864056728028,0.005104864056728028
Golimumab,0.6,25,Kd (FcRn),1.07,1.07,µmol/l,20261020,0.6671664211466104,0.6671664211466104
Golimumab,0.6,25,Target Kd,1.8e-5,1.8e-5,µmol/l,20261021,3.362832915787446e-5,3.362832915787446e-5
Golimumab,0.6,25,koff,0.005583,0.005583,1/min,20261022,0.0026801388141031762,0.0026801388141031762
Golimumab,0.6,25,kint,0.014433333333333333,0.014433333333333333,1/min,20261023,0.009010448882739615,0.009010448882739615
Golimumab,0.6,25,kdeg,0.0037166666666666667,0.0037166666666666667,1/min,20261024,6.080536697367059e-4,6.080536697367059e-4
Golimumab,0.6,26,Kd (FcRn),1.07,1.07,µmol/l,20261020,1.1530916211664426,1.1530916211664426
Golimumab,0.6,26,Target Kd,1.8e-5,1.8e-5,µmol/l,20261021,1.12394054366629e-5,1.12394054366629e-5
Golimumab,0.6,26,koff,0.005583,0.005583,1/min,20261022,0.008580642590529527,0.008580642590529527
Golimumab,0.6,26,kint,0.014433333333333333,0.014433333333333333,1/min,20261023,0.00490368745852546,0.004903687458525459
Golimumab,0.6,26,kdeg,0.0037166666666666667,0.0037166666666666667,1/min,20261024,0.0014255849829577344,0.0014255849829577344
Golimumab,0.6,27,Kd (FcRn),1.07,1.07,µmol/l,20261020,1.6667077279822187,1.6667077279822187
Golimumab,0.6,27,Target Kd,1.8e-5,1.8e-5,µmol/l,20261021,1.1324247996843691e-5,1.1324247996843691e-5
Golimumab,0.6,27,koff,0.005583,0.005583,1/min,20261022,0.005518097301696026,0.005518097301696026
Golimumab,0.6,27,kint,0.014433333333333333,0.014433333333333333,1/min,20261023,0.011670130675449844,0.011670130675449844
Golimumab,0.6,27,kdeg,0.0037166666666666667,0.0037166666666666667,1/min,20261024,0.0018287976561413056,0.0018287976561413056
Golimumab,0.6,28,Kd (FcRn),1.07,1.07,µmol/l,20261020,2.2978345306985926,2.2978345306985926
Golimumab,0.6,28,Target Kd,1.8e-5,1.8e-5,µmol/l,20261021,2.0448435916519527e-5,2.0448435916519527e-5
Golimumab,0.6,28,koff,0.005583,0.005583,1/min,20261022,0.0034160047265728776,0.0034160047265728776
Golimumab,0.6,28,kint,0.014433333333333333,0.014433333333333333,1/min,20261023,0.03225409801518211,0.03225409801518211
Golimumab,0.6,28,kdeg,0.0037166666666666667,0.0037166666666666667,1/min,20261024,0.0025077492718495343,0.0025077492718495343
Golimumab,0.6,29,Kd (FcRn),1.07,1.07,µmol/l,20261020,0.6365869023227267,0.6365869023227267
Golimumab,0.6,29,Target Kd,1.8e-5,1.8e-5,µmol/l,20261021,2.5372153483016237e-5,2.5372153483016237e-5
Golimumab,0.6,29,koff,0.005583,0.005583,1/min,20261022,0.003935793799439265,0.003935793799439265
Golimumab,0.6,29,kint,0.014433333333333333,0.014433333333333333,1/min,20261023,0.021403116251055856,0.021403116251055856
Golimumab,0.6,29,kdeg,0.0037166666666666667,0.0037166666666666667,1/min,20261024,0.005224097853371507,0.005224097853371507
Golimumab,0.6,30,Kd (FcRn),1.07,1.07,µmol/l,20261020,1.6111999686775866,1.6111999686775866
Golimumab,0.6,30,Target Kd,1.8e-5,1.8e-5,µmol/l,20261021,2.9609702924957398e-5,2.9609702924957398e-5
Golimumab,0.6,30,koff,0.005583,0.005583,1/min,20261022,0.002857728105540249,0.002857728105540249
Golimumab,0.6,30,kint,0.014433333333333333,0.014433333333333333,1/min,20261023,0.015197253833136153,0.015197253833136153
Golimumab,0.6,30,kdeg,0.0037166666666666667,0.0037166666666666667,1/min,20261024,0.0021485572321457347,0.0021485572321457347
Golimumab,0.6,31,Kd (FcRn),1.07,1.07,µmol/l,20261020,0.8865198676775692,0.8865198676775692
Golimumab,0.6,31,Target Kd,1.8e-5,1.8e-5,µmol/l,20261021,1.7551131745339754e-5,1.7551131745339754e-5
Golimumab,0.6,31,koff,0.005583,0.005583,1/min,20261022,0.0041290738595629265,0.0041290738595629265
Golimumab,0.6,31,kint,0.014433333333333333,0.014433333333333333,1/min,20261023,0.0039471317276386616,0.0039471317276386616
Golimumab,0.6,31,kdeg,0.0037166666666666667,0.0037166666666666667,1/min,20261024,9.558523145598184e-4,9.558523145598184e-4
Golimumab,0.6,32,Kd (FcRn),1.07,1.07,µmol/l,20261020,0.7507007583653881,0.7507007583653881
Golimumab,0.6,32,Target Kd,1.8e-5,1.8e-5,µmol/l,20261021,1.3044878967576623e-5,1.3044878967576621e-5
Golimumab,0.6,32,koff,0.005583,0.005583,1/min,20261022,0.006367595137415922,0.006367595137415922
Golimumab,0.6,32,kint,0.014433333333333333,0.014433333333333333,1/min,20261023,0.018185808918912753,0.018185808918912753
Golimumab,0.6,32,kdeg,0.0037166666666666667,0.0037166666666666667,1/min,20261024,0.005597426136075527,0.005597426136075527
Golimumab,0.6,33,Kd (FcRn),1.07,1.07,µmol/l,20261020,0.40046453139054494,0.40046453139054494
Golimumab,0.6,33,Target Kd,1.8e-5,1.8e-5,µmol/l,20261021,2.2032652019488682e-5,2.2032652019488682e-5
Golimumab,0.6,33,koff,0.005583,0.005583,1/min,20261022,0.0028486832541417357,0.0028486832541417357
Golimumab,0.6,33,kint,0.014433333333333333,0.014433333333333333,1/min,20261023,0.007529662749558772,0.007529662749558772
Golimumab,0.6,33,kdeg,0.0037166666666666667,0.0037166666666666667,1/min,20261024,0.0026319799631132294,0.0026319799631132294
Golimumab,0.6,34,Kd (FcRn),1.07,1.07,µmol/l,20261020,0.6840137711529116,0.6840137711529116
Golimumab,0.6,34,Target Kd,1.8e-5,1.8e-5,µmol/l,20261021,1.2473701797096703e-5,1.2473701797096703e-5
Golimumab,0.6,34,koff,0.005583,0.005583,1/min,20261022,0.006072551374915115,0.006072551374915115
Golimumab,0.6,34,kint,0.014433333333333333,0.014433333333333333,1/min,20261023,0.005918392309331175,0.005918392309331175
Golimumab,0.6,34,kdeg,0.0037166666666666667,0.0037166666666666667,1/min,20261024,0.0027063290353915256,0.0027063290353915256
Golimumab,0.6,35,Kd (FcRn),1.07,1.07,µmol/l,20261020,0.8174299866982264,0.8174299866982264
Golimumab,0.6,35,Target Kd,1.8e-5,1.8e-5,µmol/l,20261021,1.6723053433479235e-5,1.6723053433479235e-5
Golimumab,0.6,35,koff,0.005583,0.005583,1/min,20261022,0.0047507854471487785,0.0047507854471487785
Golimumab,0.6,35,kint,0.014433333333333333,0.014433333333333333,1/min,20261023,0.01375653821285619,0.01375653821285619
Golimumab,0.6,35,kdeg,0.0037166666666666667,0.0037166666666666667,1/min,20261024,0.002390457268844204,0.002390457268844204
Golimumab,0.6,36,Kd (FcRn),1.07,1.07,µmol/l,20261020,0.6920868949076957,0.6920868949076957
Golimumab,0.6,36,Target Kd,1.8e-5,1.8e-5,µmol/l,20261021,2.4713757638997833e-5,2.4713757638997833e-5
Golimumab,0.6,36,koff,0.005583,0.005583,1/min,20261022,0.004007353601433904,0.004007353601433904
Golimumab,0.6,36,kint,0.014433333333333333,0.014433333333333333,1/min,20261023,0.008274854270335214,0.008274854270335214
Golimumab,0.6,36,kdeg,0.0037166666666666667,0.0037166666666666667,1/min,20261024,0.0013448005399577597,0.0013448005399577597
Golimumab,0.6,37,Kd (FcRn),1.07,1.07,µmol/l,20261020,1.6209883178162114,1.6209883178162114
Golimumab,0.6,37,Target Kd,1.8e-5,1.8e-5,µmol/l,20261021,2.4236030514968573e-5,2.4236030514968573e-5
Golimumab,0.6,37,koff,0.005583,0.005583,1/min,20261022,0.0024978300761360223,0.0024978300761360223
Golimumab,0.6,37,kint,0.014433333333333333,0.014433333333333333,1/min,20261023,0.022393712992655395,0.022393712992655395
Golimumab,0.6,37,kdeg,0.0037166666666666667,0.0037166666666666667,1/min,20261024,0.0030869875003348987,0.0030869875003348987
Golimumab,0.6,38,Kd (FcRn),1.07,1.07,µmol/l,20261020,1.0587320185758622,1.0587320185758622
Golimumab,0.6,38,Target Kd,1.8e-5,1.8e-5,µmol/l,20261021,1.2292567135748978e-5,1.2292567135748978e-5
Golimumab,0.6,38,koff,0.005583,0.005583,1/min,20261022,0.006849222925419047,0.006849222925419047
Golimumab,0.6,38,kint,0.014433333333333333,0.014433333333333333,1/min,20261023,0.02248018101835684,0.02248018101835684
Golimumab,0.6,38,kdeg,0.0037166666666666667,0.0037166666666666667,1/min,20261024,0.0032433484175892315,0.0032433484175892315
Golimumab,0.6,39,Kd (FcRn),1.07,1.07,µmol/l,20261020,1.7096331862358412,1.7096331862358412
Golimumab,0.6,39,Target Kd,1.8e-5,1.8e-5,µmol/l,20261021,2.419255717267788e-5,2.419255717267788e-5
Golimumab,0.6,39,koff,0.005583,0.005583,1/min,20261022,0.0059350293743708265,0.0059350293743708265
Golimumab,0.6,39,kint,0.014433333333333333,0.014433333333333333,1/min,20261023,0.007699693509073679,0.007699693509073679
Golimumab,0.6,39,kdeg,0.0037166666666666667,0.0037166666666666667,1/min,20261024,0.002455125895696011,0.0024551258956960116
Golimumab,0.6,40,Kd (FcRn),1.07,1.07,µmol/l,20261020,1.2872190303014241,1.2872190303014241
Golimumab,0.6,40,Target Kd,1.8e-5,1.8e-5,µmol/l,20261021,7.2662632042788815e-6,7.2662632042788815e-6
Golimumab,0.6,40,koff,0.005583,0.005583,1/min,20261022,0.0045592778960796216,0.0045592778960796216
Golimumab,0.6,40,kint,0.014433333333333333,0.014433333333333333,1/min,20261023,0.01389799808557583,0.01389799808557583
Golimumab,0.6,40,kdeg,0.0037166666666666667,0.0037166666666666667,1/min,20261024,0.0029154932397838364,0.0029154932397838364
Golimumab,0.6,41,Kd (FcRn),1.07,1.07,µmol/l,20261020,0.7842450044413064,0.7842450044413064
Golimumab,0.6,41,Target Kd,1.8e-5,1.8e-5,µmol/l,20261021,1.687246816404555e-5,1.687246816404555e-5
Golimumab,0.6,41,koff,0.005583,0.005583,1/min,20261022,0.00589460187529195,0.00589460187529195
Golimumab,0.6,41,kint,0.014433333333333333,0.014433333333333333,1/min,20261023,0.019133513811358773,0.019133513811358773
Golimumab,0.6,41,kdeg,0.0037166666666666667,0.0037166666666666667,1/min,20261024,0.013825108313657665,0.013825108313657665
Golimumab,0.6,42,Kd (FcRn),1.07,1.07,µmol/l,20261020,1.986900894961079,1.986900894961079
Golimumab,0.6,42,Target Kd,1.8e-5,1.8e-5,µmol/l,20261021,9.870454848976389e-6,9.870454848976389e-6
Golimumab,0.6,42,koff,0.005583,0.005583,1/min,20261022,0.004125737414691885,0.004125737414691885
Golimumab,0.6,42,kint,0.014433333333333333,0.014433333333333333,1/min,20261023,0.02758619016880237,0.02758619016880237
Golimumab,0.6,42,kdeg,0.0037166666666666667,0.0037166666666666667,1/min,20261024,0.004907991688521691,0.004907991688521691
Golimumab,0.6,43,Kd (FcRn),1.07,1.07,µmol/l,20261020,0.9955807877859915,0.9955807877859914
Golimumab,0.6,43,Target Kd,1.8e-5,1.8e-5,µmol/l,20261021,1.7734264167932527e-5,1.7734264167932527e-5
Golimumab,0.6,43,koff,0.005583,0.005583,1/min,20261022,0.003649558035463165,0.003649558035463165
Golimumab,0.6,43,kint,0.014433333333333333,0.014433333333333333,1/min,20261023,0.006181977729641145,0.006181977729641145
Golimumab,0.6,43,kdeg,0.0037166666666666667,0.0037166666666666667,1/min,20261024,0.002109253058776948,0.002109253058776948
Golimumab,0.6,44,Kd (FcRn),1.07,1.07,µmol/l,20261020,1.066521996535225,1.066521996535225
Golimumab,0.6,44,Target Kd,1.8e-5,1.8e-5,µmol/l,20261021,2.7722037471862442e-5,2.772203747186244e-5
Golimumab,0.6,44,koff,0.005583,0.005583,1/min,20261022,0.0057120931597735665,0.0057120931597735665
Golimumab,0.6,44,kint,0.014433333333333333,0.014433333333333333,1/min,20261023,0.018504361140648764,0.018504361140648764
Golimumab,0.6,44,kdeg,0.0037166666666666667,0.0037166666666666667,1/min,20261024,0.0036810309749780667,0.0036810309749780667
Golimumab,0.6,45,Kd (FcRn),1.07,1.07,µmol/l,20261020,0.3934493118992549,0.3934493118992549
Golimumab,0.6,45,Target Kd,1.8e-5,1.8e-5,µmol/l,20261021,1.1049491446904688e-5,1.1049491446904688e-5
Golimumab,0.6,45,koff,0.005583,0.005583,1/min,20261022,0.002925251805118167,0.002925251805118167
Golimumab,0.6,45,kint,0.014433333333333333,0.014433333333333333,1/min,20261023,0.005359650783811066,0.005359650783811066
Golimumab,0.6,45,kdeg,0.0037166666666666667,0.0037166666666666667,1/min,20261024,0.0012706426290239631,0.0012706426290239631
Golimumab,0.6,46,Kd (FcRn),1.07,1.07,µmol/l,20261020,0.5393427157827627,0.5393427157827627
Golimumab,0.6,46,Target Kd,1.8e-5,1.8e-5,µmol/l,20261021,1.911228375061571e-5,1.911228375061571e-5
Golimumab,0.6,46,koff,0.005583,0.005583,1/min,20261022,0.0032427651418848735,0.0032427651418848735
Golimumab,0.6,46,kint,0.014433333333333333,0.014433333333333333,1/min,20261023,0.01960798442121765,0.01960798442121765
Golimumab,0.6,46,kdeg,0.0037166666666666667,0.0037166666666666667,1/min,20261024,0.003193578347607,0.003193578347607
Golimumab,0.6,47,Kd (FcRn),1.07,1.07,µmol/l,20261020,0.3546683212875861,0.3546683212875861
Golimumab,0.6,47,Target Kd,1.8e-5,1.8e-5,µmol/l,20261021,3.17393497553357e-5,3.17393497553357e-5
Golimumab,0.6,47,koff,0.005583,0.005583,1/min,20261022,0.004086848214898287,0.004086848214898287
Golimumab,0.6,47,kint,0.014433333333333333,0.014433333333333333,1/min,20261023,0.008691473168886807,0.008691473168886807
Golimumab,0.6,47,kdeg,0.0037166666666666667,0.0037166666666666667,1/min,20261024,0.0022682379856684884,0.0022682379856684884
Golimumab,0.6,48,Kd (FcRn),1.07,1.07,µmol/l,20261020,0.8727107365315753,0.8727107365315753
Golimumab,0.6,48,Target Kd,1.8e-5,1.8e-5,µmol/l,20261021,7.102387815186443e-6,7.102387815186444e-6
Golimumab,0.6,48,koff,0.005583,0.005583,1/min,20261022,0.004344333868484107,0.004344333868484107
Golimumab,0.6,48,kint,0.014433333333333333,0.014433333333333333,1/min,20261023,0.014981031025824936,0.014981031025824936
Golimumab,0.6,48,kdeg,0.0037166666666666667,0.0037166666666666667,1/min,20261024,0.0062585608661151456,0.0062585608661151456
Golimumab,0.6,49,Kd (FcRn),1.07,1.07,µmol/l,20261020,1.9203208500939752,1.9203208500939755
Golimumab,0.6,49,Target Kd,1.8e-5,1.8e-5,µmol/l,20261021,2.0965667572672397e-5,2.0965667572672397e-5
Golimumab,0.6,49,koff,0.005583,0.005583,1/min,20261022,0.005350875962444126,0.005350875962444126
Golimumab,0.6,49,kint,0.014433333333333333,0.014433333333333333,1/min,20261023,0.01281111854211062,0.01281111854211062
Golimumab,0.6,49,kdeg,0.0037166666666666667,0.0037166666666666667,1/min,20261024,0.002481684603350046,0.002481684603350046
Golimumab,0.6,50,Kd (FcRn),1.07,1.07,µmol/l,20261020,1.1294996127525676,1.1294996127525676
Golimumab,0.6,50,Target Kd,1.8e-5,1.8e-5,µmol/l,20261021,8.200942018933688e-6,8.200942018933688e-6
Golimumab,0.6,50,koff,0.005583,0.005583,1/min,20261022,0.003976444429480391,0.003976444429480391
Golimumab,0.6,50,kint,0.014433333333333333,0.014433333333333333,1/min,20261023,0.0175563661746426,0.0175563661746426
Golimumab,0.6,50,kdeg,0.0037166666666666667,0.0037166666666666667,1/min,20261024,0.005941594210504011,0.005941594210504011
Golimumab,0.6,51,Kd (FcRn),1.07,1.07,µmol/l,20261020,0.5137429749611849,0.5137429749611849
Golimumab,0.6,51,Target Kd,1.8e-5,1.8e-5,µmol/l,20261021,1.604410200806575e-5,1.604410200806575e-5
Golimumab,0.6,51,koff,0.005583,0.005583,1/min,20261022,0.0063644622630756355,0.0063644622630756355
Golimumab,0.6,51,kint,0.014433333333333333,0.014433333333333333,1/min,20261023,0.0139162592867053,0.0139162592867053
Golimumab,0.6,51,kdeg,0.0037166666666666667,0.0037166666666666667,1/min,20261024,0.0024156823630421946,0.0024156823630421946
Golimumab,0.6,52,Kd (FcRn),1.07,1.07,µmol/l,20261020,3.228674758664083,3.228674758664083
Golimumab,0.6,52,Target Kd,1.8e-5,1.8e-5,µmol/l,20261021,1.864579676198975e-5,1.864579676198975e-5
Golimumab,0.6,52,koff,0.005583,0.005583,1/min,20261022,0.004887085567338016,0.004887085567338016
Golimumab,0.6,52,kint,0.014433333333333333,0.014433333333333333,1/min,20261023,0.022163298591030146,0.022163298591030146
Golimumab,0.6,52,kdeg,0.0037166666666666667,0.0037166666666666667,1/min,20261024,0.0029439829100028087,0.0029439829100028087
Golimumab,0.6,53,Kd (FcRn),1.07,1.07,µmol/l,20261020,0.8109984603067754,0.8109984603067754
Golimumab,0.6,53,Target Kd,1.8e-5,1.8e-5,µmol/l,20261021,3.052854932433835e-5,3.052854932433835e-5
Golimumab,0.6,53,koff,0.005583,0.005583,1/min,20261022,0.004794075471864227,0.004794075471864227
Golimumab,0.6,53,kint,0.014433333333333333,0.014433333333333333,1/min,20261023,0.01187451627272924,0.01187451627272924
Golimumab,0.6,53,kdeg,0.0037166666666666667,0.0037166666666666667,1/min,20261024,0.0025449301062224184,0.0025449301062224184
Golimumab,0.6,54,Kd (FcRn),1.07,1.07,µmol/l,20261020,1.3208978503166893,1.3208978503166893
Golimumab,0.6,54,Target Kd,1.8e-5,1.8e-5,µmol/l,20261021,6.027623180659161e-6,6.027623180659161e-6
Golimumab,0.6,54,koff,0.005583,0.005583,1/min,20261022,0.004466694011277443,0.004466694011277443
Golimumab,0.6,54,kint,0.014433333333333333,0.014433333333333333,1/min,20261023,0.03742239245635573,0.03742239245635573
Golimumab,0.6,54,kdeg,0.0037166666666666667,0.0037166666666666667,1/min,20261024,0.0029625231792504863,0.0029625231792504863
Golimumab,0.6,55,Kd (FcRn),1.07,1.07,µmol/l,20261020,0.6778287578406086,0.6778287578406086
Golimumab,0.6,55,Target Kd,1.8e-5,1.8e-5,µmol/l,20261021,3.281388762300237e-5,3.281388762300237e-5
Golimumab,0.6,55,koff,0.005583,0.005583,1/min,20261022,0.002358592074619267,0.002358592074619267
Golimumab,0.6,55,kint,0.014433333333333333,0.014433333333333333,1/min,20261023,0.017216272890126335,0.017216272890126335
Golimumab,0.6,55,kdeg,0.0037166666666666667,0.0037166666666666667,1/min,20261024,0.0018443997507654824,0.0018443997507654824
Golimumab,0.6,56,Kd (FcRn),1.07,1.07,µmol/l,20261020,0.5064258031114482,0.5064258031114482
Golimumab,0.6,56,Target Kd,1.8e-5,1.8e-5,µmol/l,20261021,2.9566414071187756e-5,2.956641407118776e-5
Golimumab,0.6,56,koff,0.005583,0.005583,1/min,20261022,0.002923779665791521,0.002923779665791521
Golimumab,0.6,56,kint,0.014433333333333333,0.014433333333333333,1/min,20261023,0.01841738212300763,0.01841738212300763
Golimumab,0.6,56,kdeg,0.0037166666666666667,0.0037166666666666667,1/min,20261024,0.006331515565204024,0.006331515565204024
Golimumab,0.6,57,Kd (FcRn),1.07,1.07,µmol/l,20261020,0.7205115180681892,0.7205115180681892
Golimumab,0.6,57,Target Kd,1.8e-5,1.8e-5,µmol/l,20261021,8.899352554087189e-6,8.899352554087189e-6
Golimumab,0.6,57,koff,0.005583,0.005583,1/min,20261022,0.003981671862458961,0.003981671862458961
Golimumab,0.6,57,kint,0.014433333333333333,0.014433333333333333,1/min,20261023,0.010573538253404796,0.010573538253404796
Golimumab,0.6,57,kdeg,0.0037166666666666667,0.0037166666666666667,1/min,20261024,0.006968278645230197,0.006968278645230197
Golimumab,0.6,58,Kd (FcRn),1.07,1.07,µmol/l,20261020,1.4214912181976365,1.4214912181976365
Golimumab,0.6,58,Target Kd,1.8e-5,1.8e-5,µmol/l,20261021,1.4094124094051777e-5,1.4094124094051776e-5
Golimumab,0.6,58,koff,0.005583,0.005583,1/min,20261022,0.011502033510401457,0.011502033510401457
Golimumab,0.6,58,kint,0.014433333333333333,0.014433333333333333,1/min,20261023,0.011128031315102097,0.011128031315102097
Golimumab,0.6,58,kdeg,0.0037166666666666667,0.0037166666666666667,1/min,20261024,0.002094088446715315,0.002094088446715315
Golimumab,0.6,59,Kd (FcRn),1.07,1.07,µmol/l,20261020,0.688320205287087,0.688320205287087
Golimumab,0.6,59,Target Kd,1.8e-5,1.8e-5,µmol/l,20261021,2.7500366082638142e-5,2.7500366082638142e-5
Golimumab,0.6,59,koff,0.005583,0.005583,1/min,20261022,0.0035153974536106304,0.0035153974536106304
Golimumab,0.6,59,kint,0.014433333333333333,0.014433333333333333,1/min,20261023,0.00541375612438799,0.00541375612438799
Golimumab,0.6,59,kdeg,0.0037166666666666667,0.0037166666666666667,1/min,20261024,0.0021612144824874084,0.0021612144824874084
Golimumab,0.6,60,Kd (FcRn),1.07,1.07,µmol/l,20261020,1.1381882564417511,1.1381882564417511
Golimumab,0.6,60,Target Kd,1.8e-5,1.8e-5,µmol/l,20261021,1.6053770606109587e-5,1.6053770606109587e-5
Golimumab,0.6,60,koff,0.005583,0.005583,1/min,20261022,0.021625874106082268,0.021625874106082268
Golimumab,0.6,60,kint,0.014433333333333333,0.014433333333333333,1/min,20261023,0.008047386406360397,0.008047386406360397
Golimumab,0.6,60,kdeg,0.0037166666666666667,0.0037166666666666667,1/min,20261024,0.005944789753224463,0.005944789753224463
Golimumab,0.6,61,Kd (FcRn),1.07,1.07,µmol/l,20261020,1.60441102316982,1.60441102316982
Golimumab,0.6,61,Target Kd,1.8e-5,1.8e-5,µmol/l,20261021,8.555729552785148e-6,8.555729552785148e-6
Golimumab,0.6,61,koff,0.005583,0.005583,1/min,20261022,0.005729194437094987,0.005729194437094987
Golimumab,0.6,61,kint,0.014433333333333333,0.014433333333333333,1/min,20261023,0.0035185575631573747,0.0035185575631573747
Golimumab,0.6,61,kdeg,0.0037166666666666667,0.0037166666666666667,1/min,20261024,0.006443006072157609,0.006443006072157609
Golimumab,0.6,62,Kd (FcRn),1.07,1.07,µmol/l,20261020,0.9836997817132573,0.9836997817132573
Golimumab,0.6,62,Target Kd,1.8e-5,1.8e-5,µmol/l,20261021,1.1454529828364481e-5,1.1454529828364481e-5
Golimumab,0.6,62,koff,0.005583,0.005583,1/min,20261022,0.004034998963703878,0.004034998963703878
Golimumab,0.6,62,kint,0.014433333333333333,0.014433333333333333,1/min,20261023,0.014199367507494414,0.014199367507494414
Golimumab,0.6,62,kdeg,0.0037166666666666667,0.0037166666666666667,1/min,20261024,0.0013468213268752797,0.0013468213268752797
Golimumab,0.6,63,Kd (FcRn),1.07,1.07,µmol/l,20261020,1.4131951663325961,1.4131951663325961
Golimumab,0.6,63,Target Kd,1.8e-5,1.8e-5,µmol/l,20261021,2.0632197211573937e-5,2.0632197211573937e-5
Golimumab,0.6,63,koff,0.005583,0.005583,1/min,20261022,0.006025137189717876,0.006025137189717876
Golimumab,0.6,63,kint,0.014433333333333333,0.014433333333333333,1/min,20261023,0.013554859729879503,0.013554859729879501
Golimumab,0.6,63,kdeg,0.0037166666666666667,0.0037166666666666667,1/min,20261024,0.0022818932759865415,0.0022818932759865415
Golimumab,0.6,64,Kd (FcRn),1.07,1.07,µmol/l,20261020,1.056686469782247,1.056686469782247
Golimumab,0.6,64,Target Kd,1.8e-5,1.8e-5,µmol/l,20261021,7.742709685343852e-6,7.742709685343852e-6
Golimumab,0.6,64,koff,0.005583,0.005583,1/min,20261022,0.0018455120403170196,0.0018455120403170196
Golimumab,0.6,64,kint,0.014433333333333333,0.014433333333333333,1/min,20261023,0.03178994227900086,0.03178994227900086
Golimumab,0.6,64,kdeg,0.0037166666666666667,0.0037166666666666667,1/min,20261024,0.0020030653601319772,0.0020030653601319772
Golimumab,0.6,65,Kd (FcRn),1.07,1.07,µmol/l,20261020,2.6383334844535127,2.6383334844535127
Golimumab,0.6,65,Target Kd,1.8e-5,1.8e-5,µmol/l,20261021,2.5557377419568464e-5,2.5557377419568464e-5
Golimumab,0.6,65,koff,0.005583,0.005583,1/min,20261022,0.0034588725058077962,0.0034588725058077962
Golimumab,0.6,65,kint,0.014433333333333333,0.014433333333333333,1/min,20261023,0.007449851079244777,0.007449851079244777
Golimumab,0.6,65,kdeg,0.0037166666666666667,0.0037166666666666667,1/min,20261024,0.0030947303852614343,0.0030947303852614343
Golimumab,0.6,66,Kd (FcRn),1.07,1.07,µmol/l,20261020,1.9323455814061872,1.932345581406187
Golimumab,0.6,66,Target Kd,1.8e-5,1.8e-5,µmol/l,20261021,1.933228984317337e-5,1.933228984317337e-5
Golimumab,0.6,66,koff,0.005583,0.005583,1/min,20261022,0.003948297190760474,0.003948297190760474
Golimumab,0.6,66,kint,0.014433333333333333,0.014433333333333333,1/min,20261023,0.010162666365345196,0.010162666365345196
Golimumab,0.6,66,kdeg,0.0037166666666666667,0.0037166666666666667,1/min,20261024,0.0021825572127891855,0.0021825572127891855
Golimumab,0.6,67,Kd (FcRn),1.07,1.07,µmol/l,20261020,0.9422801279999433,0.9422801279999433
Golimumab,0.6,67,Target Kd,1.8e-5,1.8e-5,µmol/l,20261021,1.9420290590020637e-5,1.9420290590020637e-5
Golimumab,0.6,67,koff,0.005583,0.005583,1/min,20261022,0.00401657112942653,0.00401657112942653
Golimumab,0.6,67,kint,0.014433333333333333,0.014433333333333333,1/min,20261023,0.020340421710384006,0.020340421710384006
Golimumab,0.6,67,kdeg,0.0037166666666666667,0.0037166666666666667,1/min,20261024,0.0062579149800328325,0.0062579149800328325
Golimumab,0.6,68,Kd (FcRn),1.07,1.07,µmol/l,20261020,0.6565919048493861,0.6565919048493861
Golimumab,0.6,68,Target Kd,1.8e-5,1.8e-5,µmol/l,20261021,9.338046008418298e-6,9.338046008418298e-6
Golimumab,0.6,68,koff,0.005583,0.005583,1/min,20261022,0.0014537094323125884,0.0014537094323125884
Golimumab,0.6,68,kint,0.014433333333333333,0.014433333333333333,1/min,20261023,0.008906768054639013,0.008906768054639011
Golimumab,0.6,68,kdeg,0.0037166666666666667,0.0037166666666666667,1/min,20261024,0.004118083808838249,0.004118083808838249
Golimumab,0.6,69,Kd (FcRn),1.07,1.07,µmol/l,20261020,0.7719118297729144,0.7719118297729144
Golimumab,0.6,69,Target Kd,1.8e-5,1.8e-5,µmol/l,20261021,1.3922352942202392e-5,1.392235294220239e-5
Golimumab,0.6,69,koff,0.005583,0.005583,1/min,20261022,0.007489059019299867,0.007489059019299867
Golimumab,0.6,69,kint,0.014433333333333333,0.014433333333333333,1/min,20261023,0.009232079946182768,0.009232079946182768
Golimumab,0.6,69,kdeg,0.0037166666666666667,0.0037166666666666667,1/min,20261024,0.006581691741762093,0.006581691741762093
Golimumab,0.6,70,Kd (FcRn),1.07,1.07,µmol/l,20261020,0.7302122729082062,0.7302122729082062
Golimumab,0.6,70,Target Kd,1.8e-5,1.8e-5,µmol/l,20261021,4.790467518370013e-6,4.790467518370013e-6
Golimumab,0.6,70,koff,0.005583,0.005583,1/min,20261022,0.007999228531274036,0.007999228531274036
Golimumab,0.6,70,kint,0.014433333333333333,0.014433333333333333,1/min,20261023,0.0317655673073649,0.0317655673073649
Golimumab,0.6,70,kdeg,0.0037166666666666667,0.0037166666666666667,1/min,20261024,0.0016924572751104445,0.0016924572751104445
Golimumab,0.6,71,Kd (FcRn),1.07,1.07,µmol/l,20261020,0.927345616803185,0.927345616803185
Golimumab,0.6,71,Target Kd,1.8e-5,1.8e-5,µmol/l,20261021,2.0255232259231353e-5,2.0255232259231353e-5
Golimumab,0.6,71,koff,0.005583,0.005583,1/min,20261022,0.006175055296974653,0.006175055296974653
Golimumab,0.6,71,kint,0.014433333333333333,0.014433333333333333,1/min,20261023,0.017546755300182546,0.017546755300182546
Golimumab,0.6,71,kdeg,0.0037166666666666667,0.0037166666666666667,1/min,20261024,0.0018354163765280037,0.0018354163765280037
Golimumab,0.6,72,Kd (FcRn),1.07,1.07,µmol/l,20261020,2.0765495143210253,2.0765495143210253
Golimumab,0.6,72,Target Kd,1.8e-5,1.8e-5,µmol/l,20261021,3.387158831281761e-5,3.387158831281761e-5
Golimumab,0.6,72,koff,0.005583,0.005583,1/min,20261022,0.005075333865593129,0.005075333865593129
Golimumab,0.6,72,kint,0.014433333333333333,0.014433333333333333,1/min,20261023,0.00846240333117911,0.00846240333117911
Golimumab,0.6,72,kdeg,0.0037166666666666667,0.0037166666666666667,1/min,20261024,0.002747833156648567,0.002747833156648567
Golimumab,0.6,73,Kd (FcRn),1.07,1.07,µmol/l,20261020,0.4308005885556019,0.4308005885556019
Golimumab,0.6,73,Target Kd,1.8e-5,1.8e-5,µmol/l,20261021,3.685039496673789e-5,3.685039496673789e-5
Golimumab,0.6,73,koff,0.005583,0.005583,1/min,20261022,0.004562141682870114,0.004562141682870114
Golimumab,0.6,73,kint,0.014433333333333333,0.014433333333333333,1/min,20261023,0.01066043795362307,0.01066043795362307
Golimumab,0.6,73,kdeg,0.0037166666666666667,0.0037166666666666667,1/min,20261024,0.0034368425015576325,0.0034368425015576325
Golimumab,0.6,74,Kd (FcRn),1.07,1.07,µmol/l,20261020,0.8486118592805296,0.8486118592805296
Golimumab,0.6,74,Target Kd,1.8e-5,1.8e-5,µmol/l,20261021,8.973381413262048e-6,8.973381413262048e-6
Golimumab,0.6,74,koff,0.005583,0.005583,1/min,20261022,0.005475159597108001,0.005475159597108001
Golimumab,0.6,74,kint,0.014433333333333333,0.014433333333333333,1/min,20261023,0.016195006497102114,0.016195006497102114
Golimumab,0.6,74,kdeg,0.0037166666666666667,0.0037166666666666667,1/min,20261024,0.004535422412188798,0.004535422412188798
Golimumab,0.6,75,Kd (FcRn),1.07,1.07,µmol/l,20261020,1.1573464753121683,1.1573464753121683
Golimumab,0.6,75,Target Kd,1.8e-5,1.8e-5,µmol/l,20261021,1.3330508820544959e-5,1.3330508820544959e-5
Golimumab,0.6,75,koff,0.005583,0.005583,1/min,20261022,0.006903905142620579,0.006903905142620579
Golimumab,0.6,75,kint,0.014433333333333333,0.014433333333333333,1/min,20261023,0.01154395248782143,0.01154395248782143
Golimumab,0.6,75,kdeg,0.0037166666666666667,0.0037166666666666667,1/min,20261024,0.0051270390889598585,0.0051270390889598585
Golimumab,0.6,76,Kd (FcRn),1.07,1.07,µmol/l,20261020,1.079398718173921,1.079398718173921
Golimumab,0.6,76,Target Kd,1.8e-5,1.8e-5,µmol/l,20261021,1.0624460992467381e-5,1.0624460992467381e-5
Golimumab,0.6,76,koff,0.005583,0.005583,1/min,20261022,0.004117791881067991,0.004117791881067991
Golimumab,0.6,76,kint,0.014433333333333333,0.014433333333333333,1/min,20261023,0.013509866199287145,0.013509866199287145
Golimumab,0.6,76,kdeg,0.0037166666666666667,0.0037166666666666667,1/min,20261024,0.0017747207177091268,0.0017747207177091268
Golimumab,0.6,77,Kd (FcRn),1.07,1.07,µmol/l,20261020,1.600138104100669,1.600138104100669
Golimumab,0.6,77,Target Kd,1.8e-5,1.8e-5,µmol/l,20261021,1.1983006365292716e-5,1.1983006365292716e-5
Golimumab,0.6,77,koff,0.005583,0.005583,1/min,20261022,0.002903803228620057,0.002903803228620057
Golimumab,0.6,77,kint,0.014433333333333333,0.014433333333333333,1/min,20261023,0.03168497752715558,0.03168497752715558
Golimumab,0.6,77,kdeg,0.0037166666666666667,0.0037166666666666667,1/min,20261024,0.007416297899260274,0.007416297899260274
Golimumab,0.6,78,Kd (FcRn),1.07,1.07,µmol/l,20261020,1.0201115454566427,1.0201115454566427
Golimumab,0.6,78,Target Kd,1.8e-5,1.8e-5,µmol/l,20261021,1.4331547921832726e-5,1.4331547921832726e-5
Golimumab,0.6,78,koff,0.005583,0.005583,1/min,20261022,0.0027915684228606115,0.0027915684228606115
Golimumab,0.6,78,kint,0.014433333333333333,0.014433333333333333,1/min,20261023,0.0067427019300502315,0.0067427019300502315
Golimumab,0.6,78,kdeg,0.0037166666666666667,0.0037166666666666667,1/min,20261024,0.004390920931202333,0.004390920931202333
Golimumab,0.6,79,Kd (FcRn),1.07,1.07,µmol/l,20261020,0.9275646674015584,0.9275646674015584
Golimumab,0.6,79,Target Kd,1.8e-5,1.8e-5,µmol/l,20261021,5.621250095457242e-6,5.621250095457242e-6
Golimumab,0.6,79,koff,0.005583,0.005583,1/min,20261022,0.009368892011393818,0.009368892011393818
Golimumab,0.6,79,kint,0.014433333333333333,0.014433333333333333,1/min,20261023,0.01344626854975782,0.01344626854975782
Golimumab,0.6,79,kdeg,0.0037166666666666667,0.0037166666666666667,1/min,20261024,0.0022603612107856656,0.0022603612107856656
Golimumab,0.6,80,Kd (FcRn),1.07,1.07,µmol/l,20261020,0.5914802636734879,0.5914802636734879
Golimumab,0.6,80,Target Kd,1.8e-5,1.8e-5,µmol/l,20261021,2.8101012796388655e-5,2.8101012796388658e-5
Golimumab,0.6,80,koff,0.005583,0.005583,1/min,20261022,0.005277244345005261,0.005277244345005261
Golimumab,0.6,80,kint,0.014433333333333333,0.014433333333333333,1/min,20261023,0.03535045487060983,0.03535045487060983
Golimumab,0.6,80,kdeg,0.0037166666666666667,0.0037166666666666667,1/min,20261024,0.0038048438125777603,0.0038048438125777603
Golimumab,0.6,81,Kd (FcRn),1.07,1.07,µmol/l,20261020,0.5925491764291914,0.5925491764291914
Golimumab,0.6,81,Target Kd,1.8e-5,1.8e-5,µmol/l,20261021,3.0294700119682655e-5,3.0294700119682652e-5
Golimumab,0.6,81,koff,0.005583,0.005583,1/min,20261022,0.0031919445594226882,0.0031919445594226882
Golimumab,0.6,81,kint,0.014433333333333333,0.014433333333333333,1/min,20261023,0.005119485500736285,0.005119485500736285
Golimumab,0.6,81,kdeg,0.0037166666666666667,0.0037166666666666667,1/min,20261024,0.0035852491745379145,0.0035852491745379145
Golimumab,0.6,82,Kd (FcRn),1.07,1.07,µmol/l,20261020,0.5973493982450192,0.5973493982450192
Golimumab,0.6,82,Target Kd,1.8e-5,1.8e-5,µmol/l,20261021,1.2455052105829166e-5,1.2455052105829166e-5
Golimumab,0.6,82,koff,0.005583,0.005583,1/min,20261022,0.0022355944171659,0.0022355944171659
Golimumab,0.6,82,kint,0.014433333333333333,0.014433333333333333,1/min,20261023,0.02547950022631819,0.02547950022631819
Golimumab,0.6,82,kdeg,0.0037166666666666667,0.0037166666666666667,1/min,20261024,0.0052541162713539225,0.0052541162713539225
Golimumab,0.6,83,Kd (FcRn),1.07,1.07,µmol/l,20261020,1.3146012704706669,1.3146012704706669
Golimumab,0.6,83,Target Kd,1.8e-5,1.8e-5,µmol/l,20261021,1.0752998434130257e-5,1.0752998434130257e-5
Golimumab,0.6,83,koff,0.005583,0.005583,1/min,20261022,0.003875892382232397,0.003875892382232397
Golimumab,0.6,83,kint,0.014433333333333333,0.014433333333333333,1/min,20261023,0.010099916325983265,0.010099916325983265
Golimumab,0.6,83,kdeg,0.0037166666666666667,0.0037166666666666667,1/min,20261024,0.003613002859571493,0.003613002859571493
Golimumab,0.6,84,Kd (FcRn),1.07,1.07,µmol/l,20261020,0.8001749735131712,0.8001749735131712
Golimumab,0.6,84,Target Kd,1.8e-5,1.8e-5,µmol/l,20261021,1.5053586694187157e-5,1.5053586694187157e-5
Golimumab,0.6,84,koff,0.005583,0.005583,1/min,20261022,0.006841001378135433,0.006841001378135433
Golimumab,0.6,84,kint,0.014433333333333333,0.014433333333333333,1/min,20261023,0.022748080802710458,0.022748080802710458
Golimumab,0.6,84,kdeg,0.0037166666666666667,0.0037166666666666667,1/min,20261024,0.005973661494716505,0.005973661494716505
Golimumab,0.6,85,Kd (FcRn),1.07,1.07,µmol/l,20261020,0.6512472988062629,0.6512472988062629
Golimumab,0.6,85,Target Kd,1.8e-5,1.8e-5,µmol/l,20261021,3.327993863138349e-5,3.327993863138349e-5
Golimumab,0.6,85,koff,0.005583,0.005583,1/min,20261022,0.008033901824546531,0.008033901824546531
Golimumab,0.6,85,kint,0.014433333333333333,0.014433333333333333,1/min,20261023,0.00809184329997643,0.00809184329997643
Golimumab,0.6,85,kdeg,0.0037166666666666667,0.0037166666666666667,1/min,20261024,0.00469626259871788,0.00469626259871788
Golimumab,0.6,86,Kd (FcRn),1.07,1.07,µmol/l,20261020,0.8063101047956992,0.8063101047956992
Golimumab,0.6,86,Target Kd,1.8e-5,1.8e-5,µmol/l,20261021,1.306407460553695e-5,1.3064074605536949e-5
Golimumab,0.6,86,koff,0.005583,0.005583,1/min,20261022,0.003624644358071507,0.003624644358071507
Golimumab,0.6,86,kint,0.014433333333333333,0.014433333333333333,1/min,20261023,0.010290456614514592,0.010290456614514592
Golimumab,0.6,86,kdeg,0.0037166666666666667,0.0037166666666666667,1/min,20261024,0.0030610954705388425,0.0030610954705388425
Golimumab,0.6,87,Kd (FcRn),1.07,1.07,µmol/l,20261020,1.7656591050604566,1.7656591050604566
Golimumab,0.6,87,Target Kd,1.8e-5,1.8e-5,µmol/l,20261021,1.4070643272847969e-5,1.4070643272847969e-5
Golimumab,0.6,87,koff,0.005583,0.005583,1/min,20261022,0.006715836943873248,0.006715836943873248
Golimumab,0.6,87,kint,0.014433333333333333,0.014433333333333333,1/min,20261023,0.008394322991090953,0.008394322991090953
Golimumab,0.6,87,kdeg,0.0037166666666666667,0.0037166666666666667,1/min,20261024,0.0056826937322269075,0.0056826937322269075
Golimumab,0.6,88,Kd (FcRn),1.07,1.07,µmol/l,20261020,0.6636377423931931,0.6636377423931931
Golimumab,0.6,88,Target Kd,1.8e-5,1.8e-5,µmol/l,20261021,4.0906494676158764e-5,4.0906494676158764e-5
Golimumab,0.6,88,koff,0.005583,0.005583,1/min,20261022,0.0025815375129452107,0.0025815375129452107
Golimumab,0.6,88,kint,0.014433333333333333,0.014433333333333333,1/min,20261023,0.006931678714088521,0.006931678714088521
Golimumab,0.6,88,kdeg,0.0037166666666666667,0.0037166666666666667,1/min,20261024,0.005334378014039834,0.005334378014039834
Golimumab,0.6,89,Kd (FcRn),1.07,1.07,µmol/l,20261020,1.1946889183178766,1.1946889183178766
Golimumab,0.6,89,Target Kd,1.8e-5,1.8e-5,µmol/l,20261021,2.7364527881948983e-5,2.7364527881948983e-5
Golimumab,0.6,89,koff,0.005583,0.005583,1/min,20261022,0.007062421913295951,0.007062421913295951
Golimumab,0.6,89,kint,0.014433333333333333,0.014433333333333333,1/min,20261023,0.005110497047850104,0.005110497047850104
Golimumab,0.6,89,kdeg,0.0037166666666666667,0.0037166666666666667,1/min,20261024,0.009618687929327657,0.009618687929327657
Golimumab,0.6,90,Kd (FcRn),1.07,1.07,µmol/l,20261020,0.7704424101849675,0.7704424101849675
Golimumab,0.6,90,Target Kd,1.8e-5,1.8e-5,µmol/l,20261021,1.400853208095535e-5,1.400853208095535e-5
Golimumab,0.6,90,koff,0.005583,0.005583,1/min,20261022,0.0037253174352084423,0.0037253174352084423
Golimumab,0.6,90,kint,0.014433333333333333,0.014433333333333333,1/min,20261023,0.005493451843706796,0.005493451843706796
Golimumab,0.6,90,kdeg,0.0037166666666666667,0.0037166666666666667,1/min,20261024,0.003270636857009415,0.003270636857009415
Golimumab,0.6,91,Kd (FcRn),1.07,1.07,µmol/l,20261020,0.9226926474501097,0.9226926474501097
Golimumab,0.6,91,Target Kd,1.8e-5,1.8e-5,µmol/l,20261021,9.669890528320224e-6,9.669890528320224e-6
Golimumab,0.6,91,koff,0.005583,0.005583,1/min,20261022,0.002174651167001811,0.002174651167001811
Golimumab,0.6,91,kint,0.014433333333333333,0.014433333333333333,1/min,20261023,0.022033997069193016,0.022033997069193012
Golimumab,0.6,91,kdeg,0.0037166666666666667,0.0037166666666666667,1/min,20261024,0.002766754386230949,0.002766754386230949
Golimumab,0.6,92,Kd (FcRn),1.07,1.07,µmol/l,20261020,1.1297613669711968,1.1297613669711968
Golimumab,0.6,92,Target Kd,1.8e-5,1.8e-5,µmol/l,20261021,2.1269639808811677e-5,2.1269639808811677e-5
Golimumab,0.6,92,koff,0.005583,0.005583,1/min,20261022,0.003162605688402795,0.003162605688402795
Golimumab,0.6,92,kint,0.014433333333333333,0.014433333333333333,1/min,20261023,0.011705256366500478,0.011705256366500478
Golimumab,0.6,92,kdeg,0.0037166666666666667,0.0037166666666666667,1/min,20261024,0.008284714799047929,0.008284714799047929
Golimumab,0.6,93,Kd (FcRn),1.07,1.07,µmol/l,20261020,0.5722890329297609,0.5722890329297609
Golimumab,0.6,93,Target Kd,1.8e-5,1.8e-5,µmol/l,20261021,2.2526904557535958e-5,2.2526904557535958e-5
Golimumab,0.6,93,koff,0.005583,0.005583,1/min,20261022,0.019792803828863174,0.019792803828863174
Golimumab,0.6,93,kint,0.014433333333333333,0.014433333333333333,1/min,20261023,0.0114409507647722,0.0114409507647722
Golimumab,0.6,93,kdeg,0.0037166666666666667,0.0037166666666666667,1/min,20261024,0.0026407744708287716,0.0026407744708287716
Golimumab,0.6,94,Kd (FcRn),1.07,1.07,µmol/l,20261020,0.5744871076524114,0.5744871076524114
Golimumab,0.6,94,Target Kd,1.8e-5,1.8e-5,µmol/l,20261021,9.266706300590833e-6,9.266706300590833e-6
Golimumab,0.6,94,koff,0.005583,0.005583,1/min,20261022,0.006095270767573108,0.006095270767573108
Golimumab,0.6,94,kint,0.014433333333333333,0.014433333333333333,1/min,20261023,0.015624409909525749,0.015624409909525749
Golimumab,0.6,94,kdeg,0.0037166666666666667,0.0037166666666666667,1/min,20261024,0.002882675202641491,0.002882675202641491
Golimumab,0.6,95,Kd (FcRn),1.07,1.07,µmol/l,20261020,0.3326139200262416,0.3326139200262416
Golimumab,0.6,95,Target Kd,1.8e-5,1.8e-5,µmol/l,20261021,4.030531181710788e-5,4.030531181710788e-5
Golimumab,0.6,95,koff,0.005583,0.005583,1/min,20261022,0.0030512088601196913,0.0030512088601196913
Golimumab,0.6,95,kint,0.014433333333333333,0.014433333333333333,1/min,20261023,0.005281348221661527,0.005281348221661527
Golimumab,0.6,95,kdeg,0.0037166666666666667,0.0037166666666666667,1/min,20261024,0.0022224035587439534,0.0022224035587439534
Golimumab,0.6,96,Kd (FcRn),1.07,1.07,µmol/l,20261020,0.7517814797428138,0.7517814797428138
Golimumab,0.6,96,Target Kd,1.8e-5,1.8e-5,µmol/l,20261021,4.632714249762241e-5,4.632714249762241e-5
Golimumab,0.6,96,koff,0.005583,0.005583,1/min,20261022,0.00482387959896756,0.00482387959896756
Golimumab,0.6,96,kint,0.014433333333333333,0.014433333333333333,1/min,20261023,0.004566639245524278,0.004566639245524278
Golimumab,0.6,96,kdeg,0.0037166666666666667,0.0037166666666666667,1/min,20261024,0.004929622033885685,0.004929622033885685
Golimumab,0.6,97,Kd (FcRn),1.07,1.07,µmol/l,20261020,1.8905675403845945,1.8905675403845943
Golimumab,0.6,97,Target Kd,1.8e-5,1.8e-5,µmol/l,20261021,1.1573499164146384e-5,1.1573499164146384e-5
Golimumab,0.6,97,koff,0.005583,0.005583,1/min,20261022,0.0017136658123906956,0.0017136658123906956
Golimumab,0.6,97,kint,0.014433333333333333,0.014433333333333333,1/min,20261023,0.004760734632082885,0.004760734632082885
Golimumab,0.6,97,kdeg,0.0037166666666666667,0.0037166666666666667,1/min,20261024,0.0027669213594435304,0.00276692135944353
Golimumab,0.6,98,Kd (FcRn),1.07,1.07,µmol/l,20261020,0.684666726920398,0.684666726920398
Golimumab,0.6,98,Target Kd,1.8e-5,1.8e-5,µmol/l,20261021,2.1065736629160355e-5,2.1065736629160355e-5
Golimumab,0.6,98,koff,0.005583,0.005583,1/min,20261022,0.003940290794911983,0.003940290794911983
Golimumab,0.6,98,kint,0.014433333333333333,0.014433333333333333,1/min,20261023,0.012946589817950743,0.012946589817950743
Golimumab,0.6,98,kdeg,0.0037166666666666667,0.0037166666666666667,1/min,20261024,0.00295146683195754,0.00295146683195754
Golimumab,0.6,99,Kd (FcRn),1.07,1.07,µmol/l,20261020,1.0243994128809064,1.0243994128809064
Golimumab,0.6,99,Target Kd,1.8e-5,1.8e-5,µmol/l,20261021,2.550684653651262e-5,2.550684653651262e-5
Golimumab,0.6,99,koff,0.005583,0.005583,1/min,20261022,0.003527968293744879,0.003527968293744879
Golimumab,0.6,99,kint,0.014433333333333333,0.014433333333333333,1/min,20261023,0.007090804138610663,0.007090804138610663
Golimumab,0.6,99,kdeg,0.0037166666666666667,0.0037166666666666667,1/min,20261024,0.0018297586224985721,0.0018297586224985721
Golimumab,0.6,100,Kd (FcRn),1.07,1.07,µmol/l,20261020,0.6020081773583548,0.6020081773583548
Golimumab,0.6,100,Target Kd,1.8e-5,1.8e-5,µmol/l,20261021,1.0985978311282819e-5,1.0985978311282819e-5
Golimumab,0.6,100,koff,0.005583,0.005583,1/min,20261022,0.003479696696289638,0.003479696696289638
Golimumab,0.6,100,kint,0.014433333333333333,0.014433333333333333,1/min,20261023,0.030510973421475726,0.030510973421475726
Golimumab,0.6,100,kdeg,0.0037166666666666667,0.0037166666666666667,1/min,20261024,0.0020210372913295246,0.0020210372913295246
Nivolumab,0.3,1,Kd (FcRn),0.39,0.39,µmol/l,20261920,0.3994669803368935,0.39946698033689354
Nivolumab,0.3,1,Target Kd,0.00145,0.00145,µmol/l,20261921,0.0020314354994055376,0.0020314354994055376
Nivolumab,0.3,1,koff,0.114,0.114,1/min,20261922,0.10862303175241964,0.10862303175241964
Nivolumab,0.3,1,kint,4.5e-4,4.5e-4,1/min,20261923,4.207397766459842e-4,4.207397766459842e-4
Nivolumab,0.3,1,kdeg,4.5e-4,4.5e-4,1/min,20261924,6.672872558435591e-4,6.672872558435591e-4
Nivolumab,0.3,2,Kd (FcRn),0.39,0.39,µmol/l,20261920,0.5775631422664133,0.5775631422664133
Nivolumab,0.3,2,Target Kd,0.00145,0.00145,µmol/l,20261921,0.0014453821957147832,0.001445382195714783
Nivolumab,0.3,2,koff,0.114,0.114,1/min,20261922,0.1582286132210644,0.1582286132210644
Nivolumab,0.3,2,kint,4.5e-4,4.5e-4,1/min,20261923,7.066183881514742e-4,7.066183881514742e-4
Nivolumab,0.3,2,kdeg,4.5e-4,4.5e-4,1/min,20261924,3.3805137908399517e-4,3.3805137908399517e-4
Nivolumab,0.3,3,Kd (FcRn),0.39,0.39,µmol/l,20261920,0.4014527205512266,0.4014527205512266
Nivolumab,0.3,3,Target Kd,0.00145,0.00145,µmol/l,20261921,0.0013541335043781048,0.0013541335043781048
Nivolumab,0.3,3,koff,0.114,0.114,1/min,20261922,0.12746153293630802,0.12746153293630802
Nivolumab,0.3,3,kint,4.5e-4,4.5e-4,1/min,20261923,5.070595801433353e-4,5.070595801433353e-4
Nivolumab,0.3,3,kdeg,4.5e-4,4.5e-4,1/min,20261924,3.158504206267164e-4,3.158504206267164e-4
Nivolumab,0.3,4,Kd (FcRn),0.39,0.39,µmol/l,20261920,0.3709807128671091,0.3709807128671091
Nivolumab,0.3,4,Target Kd,0.00145,0.00145,µmol/l,20261921,0.0014716923793137758,0.0014716923793137758
Nivolumab,0.3,4,koff,0.114,0.114,1/min,20261922,0.10899008307260394,0.10899008307260392
Nivolumab,0.3,4,kint,4.5e-4,4.5e-4,1/min,20261923,3.649169335376691e-4,3.649169335376691e-4
Nivolumab,0.3,4,kdeg,4.5e-4,4.5e-4,1/min,20261924,3.332261375529831e-4,3.332261375529831e-4
Nivolumab,0.3,5,Kd (FcRn),0.39,0.39,µmol/l,20261920,0.6897475747950741,0.6897475747950742
Nivolumab,0.3,5,Target Kd,0.00145,0.00145,µmol/l,20261921,9.168001228536238e-4,9.168001228536237e-4
Nivolumab,0.3,5,koff,0.114,0.114,1/min,20261922,0.07970503326480799,0.079705033264808
Nivolumab,0.3,5,kint,4.5e-4,4.5e-4,1/min,20261923,5.71314813196256e-4,5.71314813196256e-4
Nivolumab,0.3,5,kdeg,4.5e-4,4.5e-4,1/min,20261924,3.3642044222809256e-4,3.3642044222809256e-4
Nivolumab,0.3,6,Kd (FcRn),0.39,0.39,µmol/l,20261920,0.34715176808104503,0.34715176808104503
Nivolumab,0.3,6,Target Kd,0.00145,0.00145,µmol/l,20261921,0.0013606498243740521,0.0013606498243740521
Nivolumab,0.3,6,koff,0.114,0.114,1/min,20261922,0.10569248885314618,0.10569248885314618
Nivolumab,0.3,6,kint,4.5e-4,4.5e-4,1/min,20261923,7.123183147005252e-4,7.123183147005252e-4
Nivolumab,0.3,6,kdeg,4.5e-4,4.5e-4,1/min,20261924,4.033479426792023e-4,4.033479426792023e-4
Nivolumab,0.3,7,Kd (FcRn),0.39,0.39,µmol/l,20261920,0.2355082828164058,0.23550828281640582
Nivolumab,0.3,7,Target Kd,0.00145,0.00145,µmol/l,20261921,0.001626756149724894,0.001626756149724894
Nivolumab,0.3,7,koff,0.114,0.114,1/min,20261922,0.13540173547935108,0.13540173547935108
Nivolumab,0.3,7,kint,4.5e-4,4.5e-4,1/min,20261923,3.737469116330893e-4,3.737469116330893e-4
Nivolumab,0.3,7,kdeg,4.5e-4,4.5e-4,1/min,20261924,5.152258930365778e-4,5.152258930365778e-4
Nivolumab,0.3,8,Kd (FcRn),0.39,0.39,µmol/l,20261920,0.41872417574026666,0.41872417574026666
Nivolumab,0.3,8,Target Kd,0.00145,0.00145,µmol/l,20261921,0.0014961044155707068,0.001496104415570707
Nivolumab,0.3,8,koff,0.114,0.114,1/min,20261922,0.11964065704509197,0.11964065704509197
Nivolumab,0.3,8,kint,4.5e-4,4.5e-4,1/min,20261923,3.971482913990889e-4,3.9714829139908883e-4
Nivolumab,0.3,8,kdeg,4.5e-4,4.5e-4,1/min,20261924,5.911962100075427e-4,5.911962100075427e-4
Nivolumab,0.3,9,Kd (FcRn),0.39,0.39,µmol/l,20261920,0.6555802591565016,0.6555802591565018
Nivolumab,0.3,9,Target Kd,0.00145,0.00145,µmol/l,20261921,0.0024483995711642617,0.0024483995711642617
Nivolumab,0.3,9,koff,0.114,0.114,1/min,20261922,0.07372836786889884,0.07372836786889884
Nivolumab,0.3,9,kint,4.5e-4,4.5e-4,1/min,20261923,5.290253458897086e-4,5.290253458897086e-4
Nivolumab,0.3,9,kdeg,4.5e-4,4.5e-4,1/min,20261924,5.224765466145982e-4,5.224765466145982e-4
Nivolumab,0.3,10,Kd (FcRn),0.39,0.39,µmol/l,20261920,0.439255383299784,0.439255383299784
Nivolumab,0.3,10,Target Kd,0.00145,0.00145,µmol/l,20261921,0.001110340974951569,0.001110340974951569
Nivolumab,0.3,10,koff,0.114,0.114,1/min,20261922,0.14595690500100003,0.14595690500100003
Nivolumab,0.3,10,kint,4.5e-4,4.5e-4,1/min,20261923,4.0721494605419693e-4,4.0721494605419693e-4
Nivolumab,0.3,10,kdeg,4.5e-4,4.5e-4,1/min,20261924,3.371906732964199e-4,3.371906732964199e-4
Nivolumab,0.3,11,Kd (FcRn),0.39,0.39,µmol/l,20261920,0.5049614976267,0.5049614976267
Nivolumab,0.3,11,Target Kd,0.00145,0.00145,µmol/l,20261921,0.0010006730484619115,0.0010006730484619115
Nivolumab,0.3,11,koff,0.114,0.114,1/min,20261922,0.08157970747581603,0.08157970747581603
Nivolumab,0.3,11,kint,4.5e-4,4.5e-4,1/min,20261923,2.761359049017386e-4,2.7613590490173866e-4
Nivolumab,0.3,11,kdeg,4.5e-4,4.5e-4,1/min,20261924,4.6533237401162836e-4,4.6533237401162836e-4
Nivolumab,0.3,12,Kd (FcRn),0.39,0.39,µmol/l,20261920,0.3250143029775328,0.3250143029775328
Nivolumab,0.3,12,Target Kd,0.00145,0.00145,µmol/l,20261921,0.0013463626267406206,0.0013463626267406206
Nivolumab,0.3,12,koff,0.114,0.114,1/min,20261922,0.11624831661888897,0.11624831661888897
Nivolumab,0.3,12,kint,4.5e-4,4.5e-4,1/min,20261923,2.4105637755813774e-4,2.4105637755813774e-4
Nivolumab,0.3,12,kdeg,4.5e-4,4.5e-4,1/min,20261924,6.124045267449119e-4,6.124045267449119e-4
Nivolumab,0.3,13,Kd (FcRn),0.39,0.39,µmol/l,20261920,0.3307773403673134,0.3307773403673134
Nivolumab,0.3,13,Target Kd,0.00145,0.00145,µmol/l,20261921,0.0017211875371727743,0.0017211875371727745
Nivolumab,0.3,13,koff,0.114,0.114,1/min,20261922,0.24284950712696793,0.24284950712696793
Nivolumab,0.3,13,kint,4.5e-4,4.5e-4,1/min,20261923,3.1732853429880314e-4,3.1732853429880314e-4
Nivolumab,0.3,13,kdeg,4.5e-4,4.5e-4,1/min,20261924,4.511383708559096e-4,4.511383708559096e-4
Nivolumab,0.3,14,Kd (FcRn),0.39,0.39,µmol/l,20261920,0.41354991431579907,0.41354991431579907
Nivolumab,0.3,14,Target Kd,0.00145,0.00145,µmol/l,20261921,0.0010569525165523921,0.0010569525165523921
Nivolumab,0.3,14,koff,0.114,0.114,1/min,20261922,0.09329684931382945,0.09329684931382945
Nivolumab,0.3,14,kint,4.5e-4,4.5e-4,1/min,20261923,4.667589672284312e-4,4.667589672284312e-4
Nivolumab,0.3,14,kdeg,4.5e-4,4.5e-4,1/min,20261924,5.156220086105712e-4,5.156220086105712e-4
Nivolumab,0.3,15,Kd (FcRn),0.39,0.39,µmol/l,20261920,0.2925841122284383,0.2925841122284383
Nivolumab,0.3,15,Target Kd,0.00145,0.00145,µmol/l,20261921,0.0014920019918589318,0.0014920019918589318
Nivolumab,0.3,15,koff,0.114,0.114,1/min,20261922,0.11017665598592119,0.11017665598592118
Nivolumab,0.3,15,kint,4.5e-4,4.5e-4,1/min,20261923,3.5294011783784234e-4,3.5294011783784234e-4
Nivolumab,0.3,15,kdeg,4.5e-4,4.5e-4,1/min,20261924,5.99092443499031e-4,5.99092443499031e-4
Nivolumab,0.3,16,Kd (FcRn),0.39,0.39,µmol/l,20261920,0.23759470494174056,0.23759470494174056
Nivolumab,0.3,16,Target Kd,0.00145,0.00145,µmol/l,20261921,8.1314948431584e-4,8.131494843158399e-4
Nivolumab,0.3,16,koff,0.114,0.114,1/min,20261922,0.08496453921833194,0.08496453921833194
Nivolumab,0.3,16,kint,4.5e-4,4.5e-4,1/min,20261923,5.102524045605575e-4,5.102524045605575e-4
Nivolumab,0.3,16,kdeg,4.5e-4,4.5e-4,1/min,20261924,2.625144923002908e-4,2.625144923002908e-4
Nivolumab,0.3,17,Kd (FcRn),0.39,0.39,µmol/l,20261920,0.43757853548525755,0.43757853548525755
Nivolumab,0.3,17,Target Kd,0.00145,0.00145,µmol/l,20261921,0.0010381374965249737,0.0010381374965249737
Nivolumab,0.3,17,koff,0.114,0.114,1/min,20261922,0.11093535163970347,0.11093535163970347
Nivolumab,0.3,17,kint,4.5e-4,4.5e-4,1/min,20261923,3.255097710922928e-4,3.2550977109229286e-4
Nivolumab,0.3,17,kdeg,4.5e-4,4.5e-4,1/min,20261924,4.804552313132443e-4,4.804552313132443e-4
Nivolumab,0.3,18,Kd (FcRn),0.39,0.39,µmol/l,20261920,0.5021256921918705,0.5021256921918705
Nivolumab,0.3,18,Target Kd,0.00145,0.00145,µmol/l,20261921,0.002282361476366997,0.002282361476366997
Nivolumab,0.3,18,koff,0.114,0.114,1/min,20261922,0.07632138814286463,0.07632138814286463
Nivolumab,0.3,18,kint,4.5e-4,4.5e-4,1/min,20261923,2.6136176374661873e-4,2.6136176374661873e-4
Nivolumab,0.3,18,kdeg,4.5e-4,4.5e-4,1/min,20261924,6.834424759235114e-4,6.834424759235114e-4
Nivolumab,0.3,19,Kd (FcRn),0.39,0.39,µmol/l,20261920,0.35366256096603715,0.35366256096603715
Nivolumab,0.3,19,Target Kd,0.00145,0.00145,µmol/l,20261921,0.0012221281423995848,0.0012221281423995848
Nivolumab,0.3,19,koff,0.114,0.114,1/min,20261922,0.10665191436978028,0.10665191436978028
Nivolumab,0.3,19,kint,4.5e-4,4.5e-4,1/min,20261923,2.3288799775515054e-4,2.3288799775515054e-4
Nivolumab,0.3,19,kdeg,4.5e-4,4.5e-4,1/min,20261924,2.8818237979880796e-4,2.8818237979880796e-4
Nivolumab,0.3,20,Kd (FcRn),0.39,0.39,µmol/l,20261920,0.41556684661912463,0.41556684661912463
Nivolumab,0.3,20,Target Kd,0.00145,0.00145,µmol/l,20261921,0.0016888281425323478,0.0016888281425323478
Nivolumab,0.3,20,koff,0.114,0.114,1/min,20261922,0.07982596258867841,0.07982596258867841
Nivolumab,0.3,20,kint,4.5e-4,4.5e-4,1/min,20261923,3.7276469532989266e-4,3.7276469532989266e-4
Nivolumab,0.3,20,kdeg,4.5e-4,4.5e-4,1/min,20261924,4.03581083018744e-4,4.03581083018744e-4
Nivolumab,0.3,21,Kd (FcRn),0.39,0.39,µmol/l,20261920,0.4632144559317994,0.4632144559317994
Nivolumab,0.3,21,Target Kd,0.00145,0.00145,µmol/l,20261921,0.0011401431232892294,0.0011401431232892294
Nivolumab,0.3,21,koff,0.114,0.114,1/min,20261922,0.0847922354951279,0.0847922354951279
Nivolumab,0.3,21,kint,4.5e-4,4.5e-4,1/min,20261923,2.731906534360187e-4,2.731906534360187e-4
Nivolumab,0.3,21,kdeg,4.5e-4,4.5e-4,1/min,20261924,4.6039781921938745e-4,4.6039781921938745e-4
Nivolumab,0.3,22,Kd (FcRn),0.39,0.39,µmol/l,20261920,0.350071497398041,0.350071497398041
Nivolumab,0.3,22,Target Kd,0.00145,0.00145,µmol/l,20261921,0.002021017652430191,0.002021017652430191
Nivolumab,0.3,22,koff,0.114,0.114,1/min,20261922,0.17164818101808532,0.17164818101808532
Nivolumab,0.3,22,kint,4.5e-4,4.5e-4,1/min,20261923,6.342766607415932e-4,6.342766607415932e-4
Nivolumab,0.3,22,kdeg,4.5e-4,4.5e-4,1/min,20261924,8.214888035038146e-4,8.214888035038146e-4
Nivolumab,0.3,23,Kd (FcRn),0.39,0.39,µmol/l,20261920,0.2465603056559244,0.2465603056559244
Nivolumab,0.3,23,Target Kd,0.00145,0.00145,µmol/l,20261921,0.0010540976955483207,0.0010540976955483207
Nivolumab,0.3,23,koff,0.114,0.114,1/min,20261922,0.20653554076063851,0.20653554076063851
Nivolumab,0.3,23,kint,4.5e-4,4.5e-4,1/min,20261923,2.7033405457312516e-4,2.7033405457312516e-4
Nivolumab,0.3,23,kdeg,4.5e-4,4.5e-4,1/min,20261924,4.0684251190306055e-4,4.0684251190306055e-4
Nivolumab,0.3,24,Kd (FcRn),0.39,0.39,µmol/l,20261920,0.5604513036651542,0.5604513036651542
Nivolumab,0.3,24,Target Kd,0.00145,0.00145,µmol/l,20261921,0.0014849406611853668,0.001484940661185367
Nivolumab,0.3,24,koff,0.114,0.114,1/min,20261922,0.06993294313495367,0.06993294313495367
Nivolumab,0.3,24,kint,4.5e-4,4.5e-4,1/min,20261923,4.0345095591961866e-4,4.0345095591961866e-4
Nivolumab,0.3,24,kdeg,4.5e-4,4.5e-4,1/min,20261924,4.783653899568022e-4,4.783653899568022e-4
Nivolumab,0.3,25,Kd (FcRn),0.39,0.39,µmol/l,20261920,0.4306087191622961,0.4306087191622961
Nivolumab,0.3,25,Target Kd,0.00145,0.00145,µmol/l,20261921,0.0018624498539367665,0.0018624498539367665
Nivolumab,0.3,25,koff,0.114,0.114,1/min,20261922,0.1283798811699884,0.1283798811699884
Nivolumab,0.3,25,kint,4.5e-4,4.5e-4,1/min,20261923,4.8100979093230984e-4,4.8100979093230984e-4
Nivolumab,0.3,25,kdeg,4.5e-4,4.5e-4,1/min,20261924,6.071043864220722e-4,6.071043864220722e-4
Nivolumab,0.3,26,Kd (FcRn),0.39,0.39,µmol/l,20261920,0.3039400101316414,0.3039400101316414
Nivolumab,0.3,26,Target Kd,0.00145,0.00145,µmol/l,20261921,0.001842061008550478,0.0018420610085504781
Nivolumab,0.3,26,koff,0.114,0.114,1/min,20261922,0.19283598243403158,0.19283598243403158
Nivolumab,0.3,26,kint,4.5e-4,4.5e-4,1/min,20261923,3.6050335803990515e-4,3.6050335803990515e-4
Nivolumab,0.3,26,kdeg,4.5e-4,4.5e-4,1/min,20261924,5.792851514209404e-4,5.792851514209404e-4
Nivolumab,0.3,27,Kd (FcRn),0.39,0.39,µmol/l,20261920,0.388771856267649,0.38877185626764904
Nivolumab,0.3,27,Target Kd,0.00145,0.00145,µmol/l,20261921,0.0013582359530378114,0.0013582359530378112
Nivolumab,0.3,27,koff,0.114,0.114,1/min,20261922,0.14569478206868833,0.14569478206868833
Nivolumab,0.3,27,kint,4.5e-4,4.5e-4,1/min,20261923,4.637935158447887e-4,4.637935158447887e-4
Nivolumab,0.3,27,kdeg,4.5e-4,4.5e-4,1/min,20261924,5.045530486222777e-4,5.045530486222777e-4
Nivolumab,0.3,28,Kd (FcRn),0.39,0.39,µmol/l,20261920,0.3908718177066256,0.3908718177066256
Nivolumab,0.3,28,Target Kd,0.00145,0.00145,µmol/l,20261921,9.097029693517524e-4,9.097029693517523e-4
Nivolumab,0.3,28,koff,0.114,0.114,1/min,20261922,0.28470212165150605,0.28470212165150605
Nivolumab,0.3,28,kint,4.5e-4,4.5e-4,1/min,20261923,3.346190799735346e-4,3.346190799735346e-4
Nivolumab,0.3,28,kdeg,4.5e-4,4.5e-4,1/min,20261924,5.832709248424346e-4,5.832709248424345e-4
Nivolumab,0.3,29,Kd (FcRn),0.39,0.39,µmol/l,20261920,0.3031222848804571,0.3031222848804571
Nivolumab,0.3,29,Target Kd,0.00145,0.00145,µmol/l,20261921,0.0010444064186883625,0.0010444064186883625
Nivolumab,0.3,29,koff,0.114,0.114,1/min,20261922,0.06914120004569754,0.06914120004569754
Nivolumab,0.3,29,kint,4.5e-4,4.5e-4,1/min,20261923,4.344119753634036e-4,4.344119753634036e-4
Nivolumab,0.3,29,kdeg,4.5e-4,4.5e-4,1/min,20261924,8.800660898455116e-4,8.800660898455116e-4
Nivolumab,0.3,30,Kd (FcRn),0.39,0.39,µmol/l,20261920,0.6268290306586731,0.6268290306586731
Nivolumab,0.3,30,Target Kd,0.00145,0.00145,µmol/l,20261921,0.0014824657121699102,0.0014824657121699102
Nivolumab,0.3,30,koff,0.114,0.114,1/min,20261922,0.10342102503018738,0.10342102503018738
Nivolumab,0.3,30,kint,4.5e-4,4.5e-4,1/min,20261923,5.221010370012586e-4,5.221010370012586e-4
Nivolumab,0.3,30,kdeg,4.5e-4,4.5e-4,1/min,20261924,2.627394409571685e-4,2.627394409571685e-4
Nivolumab,0.3,31,Kd (FcRn),0.39,0.39,µmol/l,20261920,0.4162587966956931,0.41625879669569305
Nivolumab,0.3,31,Target Kd,0.00145,0.00145,µmol/l,20261921,0.0010000415764835182,0.0010000415764835182
Nivolumab,0.3,31,koff,0.114,0.114,1/min,20261922,0.13536454537480955,0.13536454537480955
Nivolumab,0.3,31,kint,4.5e-4,4.5e-4,1/min,20261923,3.800233624505269e-4,3.800233624505269e-4
Nivolumab,0.3,31,kdeg,4.5e-4,4.5e-4,1/min,20261924,2.9758139150774907e-4,2.9758139150774907e-4
Nivolumab,0.3,32,Kd (FcRn),0.39,0.39,µmol/l,20261920,0.3178807511044505,0.3178807511044505
Nivolumab,0.3,32,Target Kd,0.00145,0.00145,µmol/l,20261921,0.0016829599766022925,0.0016829599766022925
Nivolumab,0.3,32,koff,0.114,0.114,1/min,20261922,0.11316679884548288,0.11316679884548288
Nivolumab,0.3,32,kint,4.5e-4,4.5e-4,1/min,20261923,5.001789129388851e-4,5.001789129388851e-4
Nivolumab,0.3,32,kdeg,4.5e-4,4.5e-4,1/min,20261924,3.342116402440062e-4,3.342116402440062e-4
Nivolumab,0.3,33,Kd (FcRn),0.39,0.39,µmol/l,20261920,0.22477091502332858,0.22477091502332858
Nivolumab,0.3,33,Target Kd,0.00145,0.00145,µmol/l,20261921,0.0011758628173973063,0.0011758628173973063
Nivolumab,0.3,33,koff,0.114,0.114,1/min,20261922,0.08576025297338578,0.0857602529733858
Nivolumab,0.3,33,kint,4.5e-4,4.5e-4,1/min,20261923,4.948257551905503e-4,4.948257551905503e-4
Nivolumab,0.3,33,kdeg,4.5e-4,4.5e-4,1/min,20261924,4.54824763110488e-4,4.54824763110488e-4
Nivolumab,0.3,34,Kd (FcRn),0.39,0.39,µmol/l,20261920,0.40699060780270374,0.40699060780270374
Nivolumab,0.3,34,Target Kd,0.00145,0.00145,µmol/l,20261921,0.001821445508986342,0.001821445508986342
Nivolumab,0.3,34,koff,0.114,0.114,1/min,20261922,0.1529996829385185,0.1529996829385185
Nivolumab,0.3,34,kint,4.5e-4,4.5e-4,1/min,20261923,2.962086129075085e-4,2.962086129075085e-4
Nivolumab,0.3,34,kdeg,4.5e-4,4.5e-4,1/min,20261924,3.526568534530984e-4,3.526568534530984e-4
Nivolumab,0.3,35,Kd (FcRn),0.39,0.39,µmol/l,20261920,0.29149588877794763,0.29149588877794763
Nivolumab,0.3,35,Target Kd,0.00145,0.00145,µmol/l,20261921,0.0016738423701496508,0.001673842370149651
Nivolumab,0.3,35,koff,0.114,0.114,1/min,20261922,0.11421284969624287,0.11421284969624287
Nivolumab,0.3,35,kint,4.5e-4,4.5e-4,1/min,20261923,3.6296750369681517e-4,3.6296750369681517e-4
Nivolumab,0.3,35,kdeg,4.5e-4,4.5e-4,1/min,20261924,2.5727078578988486e-4,2.5727078578988486e-4
Nivolumab,0.3,36,Kd (FcRn),0.39,0.39,µmol/l,20261920,0.47381522882818095,0.47381522882818095
Nivolumab,0.3,36,Target Kd,0.00145,0.00145,µmol/l,20261921,0.0013454667502384523,0.0013454667502384523
Nivolumab,0.3,36,koff,0.114,0.114,1/min,20261922,0.1058184868636101,0.10581848686361009
Nivolumab,0.3,36,kint,4.5e-4,4.5e-4,1/min,20261923,7.847485083929861e-4,7.847485083929861e-4
Nivolumab,0.3,36,kdeg,4.5e-4,4.5e-4,1/min,20261924,5.933207591861003e-4,5.933207591861003e-4
Nivolumab,0.3,37,Kd (FcRn),0.39,0.39,µmol/l,20261920,0.2643137942002732,0.2643137942002732
Nivolumab,0.3,37,Target Kd,0.00145,0.00145,µmol/l,20261921,0.0014707984856433516,0.0014707984856433516
Nivolumab,0.3,37,koff,0.114,0.114,1/min,20261922,0.16142068464091752,0.16142068464091752
Nivolumab,0.3,37,kint,4.5e-4,4.5e-4,1/min,20261923,3.248684495754314e-4,3.248684495754314e-4
Nivolumab,0.3,37,kdeg,4.5e-4,4.5e-4,1/min,20261924,4.7560140529355574e-4,4.7560140529355574e-4
Nivolumab,0.3,38,Kd (FcRn),0.39,0.39,µmol/l,20261920,0.2732822845587495,0.2732822845587495
Nivolumab,0.3,38,Target Kd,0.00145,0.00145,µmol/l,20261921,0.0014070169438508376,0.0014070169438508378
Nivolumab,0.3,38,koff,0.114,0.114,1/min,20261922,0.10729344709724127,0.10729344709724127
Nivolumab,0.3,38,kint,4.5e-4,4.5e-4,1/min,20261923,2.6850373641054177e-4,2.6850373641054177e-4
Nivolumab,0.3,38,kdeg,4.5e-4,4.5e-4,1/min,20261924,4.26739373912682e-4,4.26739373912682e-4
Nivolumab,0.3,39,Kd (FcRn),0.39,0.39,µmol/l,20261920,0.6050111555343838,0.6050111555343838
Nivolumab,0.3,39,Target Kd,0.00145,0.00145,µmol/l,20261921,0.0010433115956308598,0.0010433115956308598
Nivolumab,0.3,39,koff,0.114,0.114,1/min,20261922,0.09716639011607443,0.09716639011607443
Nivolumab,0.3,39,kint,4.5e-4,4.5e-4,1/min,20261923,4.342456150749202e-4,4.342456150749202e-4
Nivolumab,0.3,39,kdeg,4.5e-4,4.5e-4,1/min,20261924,2.8687165300015694e-4,2.8687165300015694e-4
Nivolumab,0.3,40,Kd (FcRn),0.39,0.39,µmol/l,20261920,0.5028428419045837,0.5028428419045837
Nivolumab,0.3,40,Target Kd,0.00145,0.00145,µmol/l,20261921,0.0011946543104144737,0.0011946543104144737
Nivolumab,0.3,40,koff,0.114,0.114,1/min,20261922,0.09132213535708987,0.09132213535708987
Nivolumab,0.3,40,kint,4.5e-4,4.5e-4,1/min,20261923,4.0316841047377354e-4,4.0316841047377354e-4
Nivolumab,0.3,40,kdeg,4.5e-4,4.5e-4,1/min,20261924,4.101945739475685e-4,4.101945739475685e-4
Nivolumab,0.3,41,Kd (FcRn),0.39,0.39,µmol/l,20261920,0.5077432890987333,0.5077432890987333
Nivolumab,0.3,41,Target Kd,0.00145,0.00145,µmol/l,20261921,0.0010487637144039952,0.0010487637144039952
Nivolumab,0.3,41,koff,0.114,0.114,1/min,20261922,0.1505954297669289,0.15059542976692888
Nivolumab,0.3,41,kint,4.5e-4,4.5e-4,1/min,20261923,3.239240532961926e-4,3.239240532961926e-4
Nivolumab,0.3,41,kdeg,4.5e-4,4.5e-4,1/min,20261924,7.819586552445232e-4,7.819586552445232e-4
Nivolumab,0.3,42,Kd (FcRn),0.39,0.39,µmol/l,20261920,0.4957330684006684,0.49573306840066833
Nivolumab,0.3,42,Target Kd,0.00145,0.00145,µmol/l,20261921,0.0014005702509909007,0.0014005702509909009
Nivolumab,0.3,42,koff,0.114,0.114,1/min,20261922,0.07253869143708806,0.07253869143708806
Nivolumab,0.3,42,kint,4.5e-4,4.5e-4,1/min,20261923,3.0057910267451167e-4,3.0057910267451167e-4
Nivolumab,0.3,42,kdeg,4.5e-4,4.5e-4,1/min,20261924,4.60385374983538e-4,4.60385374983538e-4
Nivolumab,0.3,43,Kd (FcRn),0.39,0.39,µmol/l,20261920,0.3433696484218974,0.3433696484218974
Nivolumab,0.3,43,Target Kd,0.00145,0.00145,µmol/l,20261921,0.0025568562802776858,0.0025568562802776858
Nivolumab,0.3,43,koff,0.114,0.114,1/min,20261922,0.10228799246127605,0.10228799246127605
Nivolumab,0.3,43,kint,4.5e-4,4.5e-4,1/min,20261923,2.7825120249932653e-4,2.7825120249932653e-4
Nivolumab,0.3,43,kdeg,4.5e-4,4.5e-4,1/min,20261924,3.1443238449110314e-4,3.1443238449110314e-4
Nivolumab,0.3,44,Kd (FcRn),0.39,0.39,µmol/l,20261920,0.44714608026996644,0.44714608026996644
Nivolumab,0.3,44,Target Kd,0.00145,0.00145,µmol/l,20261921,0.0021850814218369063,0.0021850814218369063
Nivolumab,0.3,44,koff,0.114,0.114,1/min,20261922,0.11665012026311657,0.11665012026311657
Nivolumab,0.3,44,kint,4.5e-4,4.5e-4,1/min,20261923,4.111028367301946e-4,4.111028367301946e-4
Nivolumab,0.3,44,kdeg,4.5e-4,4.5e-4,1/min,20261924,4.191816679867355e-4,4.191816679867355e-4
Nivolumab,0.3,45,Kd (FcRn),0.39,0.39,µmol/l,20261920,0.46135804492861054,0.46135804492861054
Nivolumab,0.3,45,Target Kd,0.00145,0.00145,µmol/l,20261921,0.0025928992692091685,0.0025928992692091685
Nivolumab,0.3,45,koff,0.114,0.114,1/min,20261922,0.1393619309053888,0.1393619309053888
Nivolumab,0.3,45,kint,4.5e-4,4.5e-4,1/min,20261923,5.964572208707816e-4,5.964572208707816e-4
Nivolumab,0.3,45,kdeg,4.5e-4,4.5e-4,1/min,20261924,4.1147977396958506e-4,4.1147977396958506e-4
Nivolumab,0.3,46,Kd (FcRn),0.39,0.39,µmol/l,20261920,0.2877272485236474,0.2877272485236474
Nivolumab,0.3,46,Target Kd,0.00145,0.00145,µmol/l,20261921,0.0012146420018559199,0.0012146420018559199
Nivolumab,0.3,46,koff,0.114,0.114,1/min,20261922,0.08249304859096342,0.08249304859096342
Nivolumab,0.3,46,kint,4.5e-4,4.5e-4,1/min,20261923,4.3293051626352194e-4,4.3293051626352194e-4
Nivolumab,0.3,46,kdeg,4.5e-4,4.5e-4,1/min,20261924,6.932797943020997e-4,6.932797943020997e-4
Nivolumab,0.3,47,Kd (FcRn),0.39,0.39,µmol/l,20261920,0.3281535354174587,0.3281535354174587
Nivolumab,0.3,47,Target Kd,0.00145,0.00145,µmol/l,20261921,0.00121179651851414,0.00121179651851414
Nivolumab,0.3,47,koff,0.114,0.114,1/min,20261922,0.1359014367938284,0.1359014367938284
Nivolumab,0.3,47,kint,4.5e-4,4.5e-4,1/min,20261923,5.878930935931171e-4,5.878930935931171e-4
Nivolumab,0.3,47,kdeg,4.5e-4,4.5e-4,1/min,20261924,4.262011652075775e-4,4.2620116520757746e-4
Nivolumab,0.3,48,Kd (FcRn),0.39,0.39,µmol/l,20261920,0.2918021779248242,0.2918021779248242
Nivolumab,0.3,48,Target Kd,0.00145,0.00145,µmol/l,20261921,0.001094682653176808,0.001094682653176808
Nivolumab,0.3,48,koff,0.114,0.114,1/min,20261922,0.12142592800530504,0.12142592800530504
Nivolumab,0.3,48,kint,4.5e-4,4.5e-4,1/min,20261923,7.959072063021692e-4,7.959072063021692e-4
Nivolumab,0.3,48,kdeg,4.5e-4,4.5e-4,1/min,20261924,4.139270341812185e-4,4.139270341812185e-4
Nivolumab,0.3,49,Kd (FcRn),0.39,0.39,µmol/l,20261920,0.41478181279566156,0.41478181279566156
Nivolumab,0.3,49,Target Kd,0.00145,0.00145,µmol/l,20261921,0.0015210737245945783,0.0015210737245945783
Nivolumab,0.3,49,koff,0.114,0.114,1/min,20261922,0.1100145754920175,0.1100145754920175
Nivolumab,0.3,49,kint,4.5e-4,4.5e-4,1/min,20261923,3.956904205509308e-4,3.956904205509308e-4
Nivolumab,0.3,49,kdeg,4.5e-4,4.5e-4,1/min,20261924,4.5228590382576805e-4,4.5228590382576805e-4
Nivolumab,0.3,50,Kd (FcRn),0.39,0.39,µmol/l,20261920,0.49921419765183267,0.49921419765183267
Nivolumab,0.3,50,Target Kd,0.00145,0.00145,µmol/l,20261921,0.0012218809261776411,0.0012218809261776411
Nivolumab,0.3,50,koff,0.114,0.114,1/min,20261922,0.07162313315515496,0.07162313315515496
Nivolumab,0.3,50,kint,4.5e-4,4.5e-4,1/min,20261923,4.002827204284311e-4,4.002827204284311e-4
Nivolumab,0.3,50,kdeg,4.5e-4,4.5e-4,1/min,20261924,3.610648611593027e-4,3.610648611593027e-4
Nivolumab,0.3,51,Kd (FcRn),0.39,0.39,µmol/l,20261920,0.37862072601706426,0.3786207260170643
Nivolumab,0.3,51,Target Kd,0.00145,0.00145,µmol/l,20261921,0.0016807821659481947,0.0016807821659481947
Nivolumab,0.3,51,koff,0.114,0.114,1/min,20261922,0.09320282459528816,0.09320282459528816
Nivolumab,0.3,51,kint,4.5e-4,4.5e-4,1/min,20261923,2.76491456203325e-4,2.76491456203325e-4
Nivolumab,0.3,51,kdeg,4.5e-4,4.5e-4,1/min,20261924,2.1541783161992134e-4,2.1541783161992134e-4
Nivolumab,0.3,52,Kd (FcRn),0.39,0.39,µmol/l,20261920,0.3044335779314459,0.3044335779314459
Nivolumab,0.3,52,Target Kd,0.00145,0.00145,µmol/l,20261921,0.001597836524119915,0.001597836524119915
Nivolumab,0.3,52,koff,0.114,0.114,1/min,20261922,0.23417597520326547,0.23417597520326547
Nivolumab,0.3,52,kint,4.5e-4,4.5e-4,1/min,20261923,3.2828959681616246e-4,3.2828959681616246e-4
Nivolumab,0.3,52,kdeg,4.5e-4,4.5e-4,1/min,20261924,5.432399287791192e-4,5.432399287791192e-4
Nivolumab,0.3,53,Kd (FcRn),0.39,0.39,µmol/l,20261920,0.32606298095840736,0.32606298095840736
Nivolumab,0.3,53,Target Kd,0.00145,0.00145,µmol/l,20261921,0.0012631544234119497,0.0012631544234119497
Nivolumab,0.3,53,koff,0.114,0.114,1/min,20261922,0.11351988963577983,0.11351988963577984
Nivolumab,0.3,53,kint,4.5e-4,4.5e-4,1/min,20261923,4.4385690548206825e-4,4.4385690548206825e-4
Nivolumab,0.3,53,kdeg,4.5e-4,4.5e-4,1/min,20261924,3.267668611085202e-4,3.267668611085202e-4
Nivolumab,0.3,54,Kd (FcRn),0.39,0.39,µmol/l,20261920,0.4729077858279362,0.47290778582793613
Nivolumab,0.3,54,Target Kd,0.00145,0.00145,µmol/l,20261921,0.0014007275548501858,0.0014007275548501856
Nivolumab,0.3,54,koff,0.114,0.114,1/min,20261922,0.1297383998223244,0.1297383998223244
Nivolumab,0.3,54,kint,4.5e-4,4.5e-4,1/min,20261923,4.7932431068326047e-4,4.7932431068326047e-4
Nivolumab,0.3,54,kdeg,4.5e-4,4.5e-4,1/min,20261924,5.118967496951002e-4,5.118967496951002e-4
Nivolumab,0.3,55,Kd (FcRn),0.39,0.39,µmol/l,20261920,0.2986726313629669,0.2986726313629669
Nivolumab,0.3,55,Target Kd,0.00145,0.00145,µmol/l,20261921,0.0011299645239043082,0.0011299645239043082
Nivolumab,0.3,55,koff,0.114,0.114,1/min,20261922,0.136665955421422,0.136665955421422
Nivolumab,0.3,55,kint,4.5e-4,4.5e-4,1/min,20261923,5.244955766074457e-4,5.244955766074457e-4
Nivolumab,0.3,55,kdeg,4.5e-4,4.5e-4,1/min,20261924,6.070613559046586e-4,6.070613559046586e-4
Nivolumab,0.3,56,Kd (FcRn),0.39,0.39,µmol/l,20261920,0.45538391700424985,0.4553839170042498
Nivolumab,0.3,56,Target Kd,0.00145,0.00145,µmol/l,20261921,0.002099128657395193,0.002099128657395193
Nivolumab,0.3,56,koff,0.114,0.114,1/min,20261922,0.13295233841056547,0.13295233841056547
Nivolumab,0.3,56,kint,4.5e-4,4.5e-4,1/min,20261923,4.406759107038643e-4,4.406759107038643e-4
Nivolumab,0.3,56,kdeg,4.5e-4,4.5e-4,1/min,20261924,3.7835973810168756e-4,3.7835973810168756e-4
Nivolumab,0.3,57,Kd (FcRn),0.39,0.39,µmol/l,20261920,0.37596538938029805,0.37596538938029805
Nivolumab,0.3,57,Target Kd,0.00145,0.00145,µmol/l,20261921,0.0012954175986088282,0.0012954175986088282
Nivolumab,0.3,57,koff,0.114,0.114,1/min,20261922,0.18569176693658607,0.18569176693658607
Nivolumab,0.3,57,kint,4.5e-4,4.5e-4,1/min,20261923,5.192418480212944e-4,5.192418480212944e-4
Nivolumab,0.3,57,kdeg,4.5e-4,4.5e-4,1/min,20261924,3.6530675897491436e-4,3.6530675897491436e-4
Nivolumab,0.3,58,Kd (FcRn),0.39,0.39,µmol/l,20261920,0.3275268779624159,0.3275268779624159
Nivolumab,0.3,58,Target Kd,0.00145,0.00145,µmol/l,20261921,9.946731101951997e-4,9.946731101951997e-4
Nivolumab,0.3,58,koff,0.114,0.114,1/min,20261922,0.10070733929545654,0.10070733929545654
Nivolumab,0.3,58,kint,4.5e-4,4.5e-4,1/min,20261923,4.421878644224004e-4,4.421878644224004e-4
Nivolumab,0.3,58,kdeg,4.5e-4,4.5e-4,1/min,20261924,3.4141247648407917e-4,3.4141247648407917e-4
Nivolumab,0.3,59,Kd (FcRn),0.39,0.39,µmol/l,20261920,0.3643017670544281,0.3643017670544281
Nivolumab,0.3,59,Target Kd,0.00145,0.00145,µmol/l,20261921,0.0013981584054627478,0.0013981584054627478
Nivolumab,0.3,59,koff,0.114,0.114,1/min,20261922,0.14887857544652344,0.14887857544652344
Nivolumab,0.3,59,kint,4.5e-4,4.5e-4,1/min,20261923,6.033207584258236e-4,6.033207584258236e-4
Nivolumab,0.3,59,kdeg,4.5e-4,4.5e-4,1/min,20261924,3.538606928476436e-4,3.538606928476435e-4
Nivolumab,0.3,60,Kd (FcRn),0.39,0.39,µmol/l,20261920,0.4162483123164222,0.4162483123164222
Nivolumab,0.3,60,Target Kd,0.00145,0.00145,µmol/l,20261921,0.001961417632617499,0.001961417632617499
Nivolumab,0.3,60,koff,0.114,0.114,1/min,20261922,0.13450759041791255,0.13450759041791255
Nivolumab,0.3,60,kint,4.5e-4,4.5e-4,1/min,20261923,5.519193674042484e-4,5.519193674042484e-4
Nivolumab,0.3,60,kdeg,4.5e-4,4.5e-4,1/min,20261924,4.015832503228946e-4,4.015832503228946e-4
Nivolumab,0.3,61,Kd (FcRn),0.39,0.39,µmol/l,20261920,0.39316903817703824,0.3931690381770383
Nivolumab,0.3,61,Target Kd,0.00145,0.00145,µmol/l,20261921,0.0010039077312262814,0.0010039077312262814
Nivolumab,0.3,61,koff,0.114,0.114,1/min,20261922,0.13707583512869467,0.13707583512869467
Nivolumab,0.3,61,kint,4.5e-4,4.5e-4,1/min,20261923,5.104644837741821e-4,5.104644837741821e-4
Nivolumab,0.3,61,kdeg,4.5e-4,4.5e-4,1/min,20261924,6.549910898687688e-4,6.549910898687688e-4
Nivolumab,0.3,62,Kd (FcRn),0.39,0.39,µmol/l,20261920,0.3839049865220003,0.3839049865220003
Nivolumab,0.3,62,Target Kd,0.00145,0.00145,µmol/l,20261921,0.0014058640794010061,0.0014058640794010061
Nivolumab,0.3,62,koff,0.114,0.114,1/min,20261922,0.13727227253196642,0.13727227253196644
Nivolumab,0.3,62,kint,4.5e-4,4.5e-4,1/min,20261923,0.00044371107943296894,0.00044371107943296894
Nivolumab,0.3,62,kdeg,4.5e-4,4.5e-4,1/min,20261924,3.6838639424769125e-4,3.6838639424769125e-4
Nivolumab,0.3,63,Kd (FcRn),0.39,0.39,µmol/l,20261920,0.5802002714897105,0.5802002714897105
Nivolumab,0.3,63,Target Kd,0.00145,0.00145,µmol/l,20261921,0.0024025742265125034,0.0024025742265125034
Nivolumab,0.3,63,koff,0.114,0.114,1/min,20261922,0.11831422436301246,0.11831422436301246
Nivolumab,0.3,63,kint,4.5e-4,4.5e-4,1/min,20261923,2.3266562155579545e-4,2.3266562155579545e-4
Nivolumab,0.3,63,kdeg,4.5e-4,4.5e-4,1/min,20261924,5.327563869720917e-4,5.327563869720917e-4
Nivolumab,0.3,64,Kd (FcRn),0.39,0.39,µmol/l,20261920,0.4043031117591102,0.4043031117591102
Nivolumab,0.3,64,Target Kd,0.00145,0.00145,µmol/l,20261921,0.0012369315680261835,0.0012369315680261835
Nivolumab,0.3,64,koff,0.114,0.114,1/min,20261922,0.10619295166768569,0.10619295166768569
Nivolumab,0.3,64,kint,4.5e-4,4.5e-4,1/min,20261923,3.802244070942691e-4,3.802244070942691e-4
Nivolumab,0.3,64,kdeg,4.5e-4,4.5e-4,1/min,20261924,4.103431531275755e-4,4.103431531275755e-4
Nivolumab,0.3,65,Kd (FcRn),0.39,0.39,µmol/l,20261920,0.2230368655151149,0.2230368655151149
Nivolumab,0.3,65,Target Kd,0.00145,0.00145,µmol/l,20261921,0.001670036109805812,0.001670036109805812
Nivolumab,0.3,65,koff,0.114,0.114,1/min,20261922,0.15202522732788784,0.15202522732788784
Nivolumab,0.3,65,kint,4.5e-4,4.5e-4,1/min,20261923,6.199790355225831e-4,6.199790355225831e-4
Nivolumab,0.3,65,kdeg,4.5e-4,4.5e-4,1/min,20261924,5.81546904544728e-4,5.81546904544728e-4
Nivolumab,0.3,66,Kd (FcRn),0.39,0.39,µmol/l,20261920,0.39772282625930605,0.39772282625930605
Nivolumab,0.3,66,Target Kd,0.00145,0.00145,µmol/l,20261921,0.002729610969397585,0.0027296109693975856
Nivolumab,0.3,66,koff,0.114,0.114,1/min,20261922,0.13215714783627738,0.13215714783627738
Nivolumab,0.3,66,kint,4.5e-4,4.5e-4,1/min,20261923,4.2933579502922755e-4,4.2933579502922755e-4
Nivolumab,0.3,66,kdeg,4.5e-4,4.5e-4,1/min,20261924,4.220024385244451e-4,4.220024385244451e-4
Nivolumab,0.3,67,Kd (FcRn),0.39,0.39,µmol/l,20261920,0.37503537631298983,0.3750353763129899
Nivolumab,0.3,67,Target Kd,0.00145,0.00145,µmol/l,20261921,0.0018677969542809263,0.001867796954280926
Nivolumab,0.3,67,koff,0.114,0.114,1/min,20261922,0.12180984924357231,0.12180984924357231
Nivolumab,0.3,67,kint,4.5e-4,4.5e-4,1/min,20261923,3.6193072062221327e-4,3.6193072062221327e-4
Nivolumab,0.3,67,kdeg,4.5e-4,4.5e-4,1/min,20261924,3.9274496709849665e-4,3.9274496709849665e-4
Nivolumab,0.3,68,Kd (FcRn),0.39,0.39,µmol/l,20261920,0.4059345149934464,0.4059345149934464
Nivolumab,0.3,68,Target Kd,0.00145,0.00145,µmol/l,20261921,9.197158650782701e-4,9.1971586507827e-4
Nivolumab,0.3,68,koff,0.114,0.114,1/min,20261922,0.13254703375517152,0.13254703375517152
Nivolumab,0.3,68,kint,4.5e-4,4.5e-4,1/min,20261923,3.982785764710116e-4,3.982785764710116e-4
Nivolumab,0.3,68,kdeg,4.5e-4,4.5e-4,1/min,20261924,5.313126075603766e-4,5.313126075603766e-4
Nivolumab,0.3,69,Kd (FcRn),0.39,0.39,µmol/l,20261920,0.2971399683693581,0.2971399683693581
Nivolumab,0.3,69,Target Kd,0.00145,0.00145,µmol/l,20261921,0.0014206009720497453,0.0014206009720497453
Nivolumab,0.3,69,koff,0.114,0.114,1/min,20261922,0.11036634353510759,0.11036634353510759
Nivolumab,0.3,69,kint,4.5e-4,4.5e-4,1/min,20261923,4.1996422095812906e-4,4.1996422095812906e-4
Nivolumab,0.3,69,kdeg,4.5e-4,4.5e-4,1/min,20261924,2.677460053113401e-4,2.677460053113401e-4
Nivolumab,0.3,70,Kd (FcRn),0.39,0.39,µmol/l,20261920,0.6096670086252526,0.6096670086252526
Nivolumab,0.3,70,Target Kd,0.00145,0.00145,µmol/l,20261921,6.938569780416109e-4,6.938569780416108e-4
Nivolumab,0.3,70,koff,0.114,0.114,1/min,20261922,0.13108943325573288,0.13108943325573288
Nivolumab,0.3,70,kint,4.5e-4,4.5e-4,1/min,20261923,4.081261541415092e-4,4.081261541415092e-4
Nivolumab,0.3,70,kdeg,4.5e-4,4.5e-4,1/min,20261924,4.539374335403724e-4,4.539374335403724e-4
Nivolumab,0.3,71,Kd (FcRn),0.39,0.39,µmol/l,20261920,0.37616874444810383,0.37616874444810383
Nivolumab,0.3,71,Target Kd,0.00145,0.00145,µmol/l,20261921,0.0012122208364452637,0.0012122208364452637
Nivolumab,0.3,71,koff,0.114,0.114,1/min,20261922,0.09614960096307508,0.09614960096307508
Nivolumab,0.3,71,kint,4.5e-4,4.5e-4,1/min,20261923,4.6748153048408337e-4,4.6748153048408337e-4
Nivolumab,0.3,71,kdeg,4.5e-4,4.5e-4,1/min,20261924,4.243014675186218e-4,4.243014675186218e-4
Nivolumab,0.3,72,Kd (FcRn),0.39,0.39,µmol/l,20261920,0.2979354414033151,0.2979354414033151
Nivolumab,0.3,72,Target Kd,0.00145,0.00145,µmol/l,20261921,0.001402817651587644,0.001402817651587644
Nivolumab,0.3,72,koff,0.114,0.114,1/min,20261922,0.17960186031258718,0.17960186031258718
Nivolumab,0.3,72,kint,4.5e-4,4.5e-4,1/min,20261923,6.028391602516183e-4,6.028391602516183e-4
Nivolumab,0.3,72,kdeg,4.5e-4,4.5e-4,1/min,20261924,4.682568581875708e-4,4.682568581875708e-4
Nivolumab,0.3,73,Kd (FcRn),0.39,0.39,µmol/l,20261920,0.26412285951360703,0.26412285951360703
Nivolumab,0.3,73,Target Kd,0.00145,0.00145,µmol/l,20261921,0.0011621056668834207,0.0011621056668834207
Nivolumab,0.3,73,koff,0.114,0.114,1/min,20261922,0.09602717715897507,0.09602717715897507
Nivolumab,0.3,73,kint,4.5e-4,4.5e-4,1/min,20261923,3.9191997672488e-4,3.9191997672488e-4
Nivolumab,0.3,73,kdeg,4.5e-4,4.5e-4,1/min,20261924,5.660551895387734e-4,5.660551895387734e-4
Nivolumab,0.3,74,Kd (FcRn),0.39,0.39,µmol/l,20261920,0.46208100492300536,0.46208100492300536
Nivolumab,0.3,74,Target Kd,0.00145,0.00145,µmol/l,20261921,9.805295606320757e-4,9.805295606320757e-4
Nivolumab,0.3,74,koff,0.114,0.114,1/min,20261922,0.11902039483758824,0.11902039483758825
Nivolumab,0.3,74,kint,4.5e-4,4.5e-4,1/min,20261923,5.479277858850679e-4,5.479277858850679e-4
Nivolumab,0.3,74,kdeg,4.5e-4,4.5e-4,1/min,20261924,5.121632443917671e-4,5.121632443917671e-4
Nivolumab,0.3,75,Kd (FcRn),0.39,0.39,µmol/l,20261920,0.25230633379384243,0.25230633379384243
Nivolumab,0.3,75,Target Kd,0.00145,0.00145,µmol/l,20261921,0.00129924203199031,0.00129924203199031
Nivolumab,0.3,75,koff,0.114,0.114,1/min,20261922,0.17350094118168233,0.17350094118168233
Nivolumab,0.3,75,kint,4.5e-4,4.5e-4,1/min,20261923,5.125411070113372e-4,5.125411070113372e-4
Nivolumab,0.3,75,kdeg,4.5e-4,4.5e-4,1/min,20261924,6.19696229507889e-4,6.19696229507889e-4
Nivolumab,0.3,76,Kd (FcRn),0.39,0.39,µmol/l,20261920,0.3880889075818031,0.3880889075818031
Nivolumab,0.3,76,Target Kd,0.00145,0.00145,µmol/l,20261921,0.001122148217443312,0.001122148217443312
Nivolumab,0.3,76,koff,0.114,0.114,1/min,20261922,0.09402203341012126,0.09402203341012126
Nivolumab,0.3,76,kint,4.5e-4,4.5e-4,1/min,20261923,3.443835276110095e-4,3.443835276110095e-4
Nivolumab,0.3,76,kdeg,4.5e-4,4.5e-4,1/min,20261924,2.704033063933424e-4,2.704033063933424e-4
Nivolumab,0.3,77,Kd (FcRn),0.39,0.39,µmol/l,20261920,0.4174749767709222,0.4174749767709222
Nivolumab,0.3,77,Target Kd,0.00145,0.00145,µmol/l,20261921,0.001297703476364534,0.001297703476364534
Nivolumab,0.3,77,koff,0.114,0.114,1/min,20261922,0.11569090908442593,0.11569090908442593
Nivolumab,0.3,77,kint,4.5e-4,4.5e-4,1/min,20261923,3.38290427873877e-4,3.38290427873877e-4
Nivolumab,0.3,77,kdeg,4.5e-4,4.5e-4,1/min,20261924,4.6535808818514395e-4,4.6535808818514395e-4
Nivolumab,0.3,78,Kd (FcRn),0.39,0.39,µmol/l,20261920,0.30647049856585207,0.30647049856585207
Nivolumab,0.3,78,Target Kd,0.00145,0.00145,µmol/l,20261921,0.0013722597456640518,0.0013722597456640518
Nivolumab,0.3,78,koff,0.114,0.114,1/min,20261922,0.06707264446350228,0.06707264446350228
Nivolumab,0.3,78,kint,4.5e-4,4.5e-4,1/min,20261923,2.8922572645510684e-4,2.8922572645510684e-4
Nivolumab,0.3,78,kdeg,4.5e-4,4.5e-4,1/min,20261924,3.12968194409764e-4,3.12968194409764e-4
Nivolumab,0.3,79,Kd (FcRn),0.39,0.39,µmol/l,20261920,0.6204245078700188,0.6204245078700188
Nivolumab,0.3,79,Target Kd,0.00145,0.00145,µmol/l,20261921,0.0013760995303603797,0.0013760995303603795
Nivolumab,0.3,79,koff,0.114,0.114,1/min,20261922,0.11893454774780883,0.11893454774780883
Nivolumab,0.3,79,kint,4.5e-4,4.5e-4,1/min,20261923,4.4590252583544715e-4,4.4590252583544715e-4
Nivolumab,0.3,79,kdeg,4.5e-4,4.5e-4,1/min,20261924,3.394450661351431e-4,3.394450661351431e-4
Nivolumab,0.3,80,Kd (FcRn),0.39,0.39,µmol/l,20261920,0.5132006350865588,0.5132006350865588
Nivolumab,0.3,80,Target Kd,0.00145,0.00145,µmol/l,20261921,0.001535331212686688,0.0015353312126866877
Nivolumab,0.3,80,koff,0.114,0.114,1/min,20261922,0.08963912407958737,0.08963912407958737
Nivolumab,0.3,80,kint,4.5e-4,4.5e-4,1/min,20261923,4.395424847214985e-4,4.395424847214985e-4
Nivolumab,0.3,80,kdeg,4.5e-4,4.5e-4,1/min,20261924,3.1991681460744346e-4,3.1991681460744346e-4
Nivolumab,0.3,81,Kd (FcRn),0.39,0.39,µmol/l,20261920,0.33379905201736026,0.33379905201736026
Nivolumab,0.3,81,Target Kd,0.00145,0.00145,µmol/l,20261921,0.0017323160322364505,0.0017323160322364505
Nivolumab,0.3,81,koff,0.114,0.114,1/min,20261922,0.14152471651378368,0.1415247165137837
Nivolumab,0.3,81,kint,4.5e-4,4.5e-4,1/min,20261923,4.2634225985141097e-4,4.2634225985141097e-4
Nivolumab,0.3,81,kdeg,4.5e-4,4.5e-4,1/min,20261924,3.6996368117879524e-4,3.6996368117879524e-4
Nivolumab,0.3,82,Kd (FcRn),0.39,0.39,µmol/l,20261920,0.4469143892563238,0.4469143892563239
Nivolumab,0.3,82,Target Kd,0.00145,0.00145,µmol/l,20261921,0.0012480398246586379,0.0012480398246586379
Nivolumab,0.3,82,koff,0.114,0.114,1/min,20261922,0.14191384089733344,0.14191384089733344
Nivolumab,0.3,82,kint,4.5e-4,4.5e-4,1/min,20261923,2.984888201968053e-4,2.984888201968053e-4
Nivolumab,0.3,82,kdeg,4.5e-4,4.5e-4,1/min,20261924,6.912886203547552e-4,6.912886203547552e-4
Nivolumab,0.3,83,Kd (FcRn),0.39,0.39,µmol/l,20261920,0.3473828195373321,0.3473828195373321
Nivolumab,0.3,83,Target Kd,0.00145,0.00145,µmol/l,20261921,0.001327771100879349,0.001327771100879349
Nivolumab,0.3,83,koff,0.114,0.114,1/min,20261922,0.10507127782424826,0.10507127782424826
Nivolumab,0.3,83,kint,4.5e-4,4.5e-4,1/min,20261923,3.550910582716277e-4,3.550910582716277e-4
Nivolumab,0.3,83,kdeg,4.5e-4,4.5e-4,1/min,20261924,4.0957006009652834e-4,4.0957006009652834e-4
Nivolumab,0.3,84,Kd (FcRn),0.39,0.39,µmol/l,20261920,0.3597635025842492,0.35976350258424916
Nivolumab,0.3,84,Target Kd,0.00145,0.00145,µmol/l,20261921,5.123539967945342e-4,5.123539967945342e-4
Nivolumab,0.3,84,koff,0.114,0.114,1/min,20261922,0.12867612322101096,0.12867612322101096
Nivolumab,0.3,84,kint,4.5e-4,4.5e-4,1/min,20261923,6.511953400181688e-4,6.511953400181689e-4
Nivolumab,0.3,84,kdeg,4.5e-4,4.5e-4,1/min,20261924,4.53399629370354e-4,4.5339962937035396e-4
Nivolumab,0.3,85,Kd (FcRn),0.39,0.39,µmol/l,20261920,0.3085922073279587,0.3085922073279587
Nivolumab,0.3,85,Target Kd,0.00145,0.00145,µmol/l,20261921,0.0014772398344241324,0.0014772398344241322
Nivolumab,0.3,85,koff,0.114,0.114,1/min,20261922,0.15098984127055431,0.15098984127055431
Nivolumab,0.3,85,kint,4.5e-4,4.5e-4,1/min,20261923,2.927389921460355e-4,2.927389921460355e-4
Nivolumab,0.3,85,kdeg,4.5e-4,4.5e-4,1/min,20261924,5.24716323165932e-4,5.24716323165932e-4
Nivolumab,0.3,86,Kd (FcRn),0.39,0.39,µmol/l,20261920,0.2963008323949413,0.2963008323949413
Nivolumab,0.3,86,Target Kd,0.00145,0.00145,µmol/l,20261921,0.0013003420681919934,0.0013003420681919934
Nivolumab,0.3,86,koff,0.114,0.114,1/min,20261922,0.1109505570847326,0.11095055708473259
Nivolumab,0.3,86,kint,4.5e-4,4.5e-4,1/min,20261923,4.743535355186922e-4,4.743535355186922e-4
Nivolumab,0.3,86,kdeg,4.5e-4,4.5e-4,1/min,20261924,5.85314629063264e-4,5.85314629063264e-4
Nivolumab,0.3,87,Kd (FcRn),0.39,0.39,µmol/l,20261920,0.2632146884786758,0.2632146884786758
Nivolumab,0.3,87,Target Kd,0.00145,0.00145,µmol/l,20261921,0.002379319185583409,0.002379319185583409
Nivolumab,0.3,87,koff,0.114,0.114,1/min,20261922,0.11153431499773318,0.11153431499773318
Nivolumab,0.3,87,kint,4.5e-4,4.5e-4,1/min,20261923,3.585903806039391e-4,3.5859038060393904e-4
Nivolumab,0.3,87,kdeg,4.5e-4,4.5e-4,1/min,20261924,6.541936158759361e-4,6.541936158759361e-4
Nivolumab,0.3,88,Kd (FcRn),0.39,0.39,µmol/l,20261920,0.3408567327351651,0.3408567327351651
Nivolumab,0.3,88,Target Kd,0.00145,0.00145,µmol/l,20261921,0.0012145607552560174,0.0012145607552560174
Nivolumab,0.3,88,koff,0.114,0.114,1/min,20261922,0.1393960043949786,0.1393960043949786
Nivolumab,0.3,88,kint,4.5e-4,4.5e-4,1/min,20261923,5.585379022468497e-4,5.585379022468497e-4
Nivolumab,0.3,88,kdeg,4.5e-4,4.5e-4,1/min,20261924,4.8424365082052776e-4,4.8424365082052776e-4
Nivolumab,0.3,89,Kd (FcRn),0.39,0.39,µmol/l,20261920,0.4465228301084054,0.44652283010840543
Nivolumab,0.3,89,Target Kd,0.00145,0.00145,µmol/l,20261921,0.0024760738804692067,0.0024760738804692067
Nivolumab,0.3,89,koff,0.114,0.114,1/min,20261922,0.08100120816363214,0.08100120816363214
Nivolumab,0.3,89,kint,4.5e-4,4.5e-4,1/min,20261923,2.6487966854713555e-4,2.6487966854713555e-4
Nivolumab,0.3,89,kdeg,4.5e-4,4.5e-4,1/min,20261924,5.155348378458911e-4,5.155348378458911e-4
Nivolumab,0.3,90,Kd (FcRn),0.39,0.39,µmol/l,20261920,0.4023101815188587,0.4023101815188587
Nivolumab,0.3,90,Target Kd,0.00145,0.00145,µmol/l,20261921,0.0014195574486961808,0.001419557448696181
Nivolumab,0.3,90,koff,0.114,0.114,1/min,20261922,0.06982591001807995,0.06982591001807995
Nivolumab,0.3,90,kint,4.5e-4,4.5e-4,1/min,20261923,4.0669400587203146e-4,4.0669400587203146e-4
Nivolumab,0.3,90,kdeg,4.5e-4,4.5e-4,1/min,20261924,4.3052754449003834e-4,4.3052754449003834e-4
Nivolumab,0.3,91,Kd (FcRn),0.39,0.39,µmol/l,20261920,0.27917677671253194,0.27917677671253194
Nivolumab,0.3,91,Target Kd,0.00145,0.00145,µmol/l,20261921,0.0015925702043532769,0.0015925702043532767
Nivolumab,0.3,91,koff,0.114,0.114,1/min,20261922,0.06778934964267423,0.06778934964267423
Nivolumab,0.3,91,kint,4.5e-4,4.5e-4,1/min,20261923,8.180919148214594e-4,8.180919148214595e-4
Nivolumab,0.3,91,kdeg,4.5e-4,4.5e-4,1/min,20261924,3.824330959281993e-4,3.8243309592819936e-4
Nivolumab,0.3,92,Kd (FcRn),0.39,0.39,µmol/l,20261920,0.48995107014256506,0.48995107014256506
Nivolumab,0.3,92,Target Kd,0.00145,0.00145,µmol/l,20261921,7.284714959296722e-4,7.284714959296723e-4
Nivolumab,0.3,92,koff,0.114,0.114,1/min,20261922,0.11288704340735309,0.11288704340735309
Nivolumab,0.3,92,kint,4.5e-4,4.5e-4,1/min,20261923,5.203869393370505e-4,5.203869393370505e-4
Nivolumab,0.3,92,kdeg,4.5e-4,4.5e-4,1/min,20261924,4.14569722753826e-4,4.14569722753826e-4
Nivolumab,0.3,93,Kd (FcRn),0.39,0.39,µmol/l,20261920,0.4107135827178215,0.4107135827178215
Nivolumab,0.3,93,Target Kd,0.00145,0.00145,µmol/l,20261921,0.0012425221519715732,0.0012425221519715732
Nivolumab,0.3,93,koff,0.114,0.114,1/min,20261922,0.15207555633302247,0.15207555633302247
Nivolumab,0.3,93,kint,4.5e-4,4.5e-4,1/min,20261923,4.979835363247867e-4,4.979835363247867e-4
Nivolumab,0.3,93,kdeg,4.5e-4,4.5e-4,1/min,20261924,4.321195357437168e-4,4.321195357437168e-4
Nivolumab,0.3,94,Kd (FcRn),0.39,0.39,µmol/l,20261920,0.5907228300941734,0.5907228300941734
Nivolumab,0.3,94,Target Kd,0.00145,0.00145,µmol/l,20261921,0.0023334111014274676,0.0023334111014274676
Nivolumab,0.3,94,koff,0.114,0.114,1/min,20261922,0.1468635959130348,0.1468635959130348
Nivolumab,0.3,94,kint,4.5e-4,4.5e-4,1/min,20261923,6.49696310478467e-4,6.49696310478467e-4
Nivolumab,0.3,94,kdeg,4.5e-4,4.5e-4,1/min,20261924,4.1273585881598443e-4,4.1273585881598443e-4
Nivolumab,0.3,95,Kd (FcRn),0.39,0.39,µmol/l,20261920,0.3755536744443013,0.3755536744443013
Nivolumab,0.3,95,Target Kd,0.00145,0.00145,µmol/l,20261921,0.0021157163440986755,0.0021157163440986755
Nivolumab,0.3,95,koff,0.114,0.114,1/min,20261922,0.1120508025978089,0.1120508025978089
Nivolumab,0.3,95,kint,4.5e-4,4.5e-4,1/min,20261923,3.858126050899574e-4,3.858126050899574e-4
Nivolumab,0.3,95,kdeg,4.5e-4,4.5e-4,1/min,20261924,3.232856906672661e-4,3.232856906672661e-4
Nivolumab,0.3,96,Kd (FcRn),0.39,0.39,µmol/l,20261920,0.4439389632520075,0.4439389632520075
Nivolumab,0.3,96,Target Kd,0.00145,0.00145,µmol/l,20261921,0.0010127712159341336,0.0010127712159341336
Nivolumab,0.3,96,koff,0.114,0.114,1/min,20261922,0.09227278449545973,0.09227278449545973
Nivolumab,0.3,96,kint,4.5e-4,4.5e-4,1/min,20261923,3.438424822379596e-4,3.438424822379596e-4
Nivolumab,0.3,96,kdeg,4.5e-4,4.5e-4,1/min,20261924,6.327333973640788e-4,6.327333973640788e-4
Nivolumab,0.3,97,Kd (FcRn),0.39,0.39,µmol/l,20261920,0.29661087643853323,0.29661087643853323
Nivolumab,0.3,97,Target Kd,0.00145,0.00145,µmol/l,20261921,0.0011238669868688384,0.0011238669868688384
Nivolumab,0.3,97,koff,0.114,0.114,1/min,20261922,0.1042455186294667,0.1042455186294667
Nivolumab,0.3,97,kint,4.5e-4,4.5e-4,1/min,20261923,3.6748660255851864e-4,3.6748660255851864e-4
Nivolumab,0.3,97,kdeg,4.5e-4,4.5e-4,1/min,20261924,5.468558852860306e-4,5.468558852860306e-4
Nivolumab,0.3,98,Kd (FcRn),0.39,0.39,µmol/l,20261920,0.40053711963783895,0.40053711963783895
Nivolumab,0.3,98,Target Kd,0.00145,0.00145,µmol/l,20261921,0.002596572416991292,0.002596572416991292
Nivolumab,0.3,98,koff,0.114,0.114,1/min,20261922,0.11443889408963485,0.11443889408963485
Nivolumab,0.3,98,kint,4.5e-4,4.5e-4,1/min,20261923,5.79535114235613e-4,5.795351142356129e-4
Nivolumab,0.3,98,kdeg,4.5e-4,4.5e-4,1/min,20261924,5.03869374566615e-4,5.03869374566615e-4
Nivolumab,0.3,99,Kd (FcRn),0.39,0.39,µmol/l,20261920,0.3237068278163977,0.3237068278163977
Nivolumab,0.3,99,Target Kd,0.00145,0.00145,µmol/l,20261921,0.001574763218020163,0.0015747632180201632
Nivolumab,0.3,99,koff,0.114,0.114,1/min,20261922,0.14961038853245096,0.14961038853245096
Nivolumab,0.3,99,kint,4.5e-4,4.5e-4,1/min,20261923,2.48861896099993e-4,2.48861896099993e-4
Nivolumab,0.3,99,kdeg,4.5e-4,4.5e-4,1/min,20261924,3.9343923987134223e-4,3.9343923987134223e-4
Nivolumab,0.3,100,Kd (FcRn),0.39,0.39,µmol/l,20261920,0.36630106671834545,0.36630106671834545
Nivolumab,0.3,100,Target Kd,0.00145,0.00145,µmol/l,20261921,7.211005294385774e-4,7.211005294385774e-4
Nivolumab,0.3,100,koff,0.114,0.114,1/min,20261922,0.1365244646021493,0.1365244646021493
Nivolumab,0.3,100,kint,4.5e-4,4.5e-4,1/min,20261923,4.808334901975309e-4,4.808334901975309e-4
Nivolumab,0.3,100,kdeg,4.5e-4,4.5e-4,1/min,20261924,2.984867886774117e-4,2.984867886774117e-4
Nivolumab,0.6,1,Kd (FcRn),0.39,0.39,µmol/l,20262020,0.21822119017781022,0.2182211901778102
Nivolumab,0.6,1,Target Kd,0.00145,0.00145,µmol/l,20262021,6.20794840771317e-4,6.20794840771317e-4
Nivolumab,0.6,1,koff,0.114,0.114,1/min,20262022,0.18007484432365237,0.18007484432365237
Nivolumab,0.6,1,kint,4.5e-4,4.5e-4,1/min,20262023,2.938424753554721e-4,2.938424753554721e-4
Nivolumab,0.6,1,kdeg,4.5e-4,4.5e-4,1/min,20262024,2.7287709610993363e-4,2.7287709610993363e-4
Nivolumab,0.6,2,Kd (FcRn),0.39,0.39,µmol/l,20262020,0.9318520281130374,0.9318520281130374
Nivolumab,0.6,2,Target Kd,0.00145,0.00145,µmol/l,20262021,0.001990882966335332,0.001990882966335332
Nivolumab,0.6,2,koff,0.114,0.114,1/min,20262022,0.11110121382325738,0.11110121382325738
Nivolumab,0.6,2,kint,4.5e-4,4.5e-4,1/min,20262023,3.5268505599609967e-4,3.5268505599609967e-4
Nivolumab,0.6,2,kdeg,4.5e-4,4.5e-4,1/min,20262024,6.078572133845101e-4,6.078572133845101e-4
Nivolumab,0.6,3,Kd (FcRn),0.39,0.39,µmol/l,20262020,0.8160215074069309,0.8160215074069309
Nivolumab,0.6,3,Target Kd,0.00145,0.00145,µmol/l,20262021,0.001282847965083302,0.001282847965083302
Nivolumab,0.6,3,koff,0.114,0.114,1/min,20262022,0.1602896299069458,0.1602896299069458
Nivolumab,0.6,3,kint,4.5e-4,4.5e-4,1/min,20262023,3.1439070705726035e-4,3.1439070705726035e-4
Nivolumab,0.6,3,kdeg,4.5e-4,4.5e-4,1/min,20262024,1.6044608553319128e-4,1.6044608553319128e-4
Nivolumab,0.6,4,Kd (FcRn),0.39,0.39,µmol/l,20262020,0.2654940696110736,0.2654940696110736
Nivolumab,0.6,4,Target Kd,0.00145,0.00145,µmol/l,20262021,6.027373981310287e-4,6.027373981310287e-4
Nivolumab,0.6,4,koff,0.114,0.114,1/min,20262022,0.09029624597229491,0.09029624597229491
Nivolumab,0.6,4,kint,4.5e-4,4.5e-4,1/min,20262023,5.91517655902859e-4,5.91517655902859e-4
Nivolumab,0.6,4,kdeg,4.5e-4,4.5e-4,1/min,20262024,6.370567686919226e-4,6.370567686919226e-4
Nivolumab,0.6,5,Kd (FcRn),0.39,0.39,µmol/l,20262020,0.2783921410459769,0.2783921410459769
Nivolumab,0.6,5,Target Kd,0.00145,0.00145,µmol/l,20262021,0.00290502483239606,0.00290502483239606
Nivolumab,0.6,5,koff,0.114,0.114,1/min,20262022,0.4365068003672685,0.4365068003672686
Nivolumab,0.6,5,kint,4.5e-4,4.5e-4,1/min,20262023,3.28388924126357e-4,3.28388924126357e-4
Nivolumab,0.6,5,kdeg,4.5e-4,4.5e-4,1/min,20262024,2.9010190345321656e-4,2.9010190345321656e-4
Nivolumab,0.6,6,Kd (FcRn),0.39,0.39,µmol/l,20262020,0.2803278790751079,0.2803278790751079
Nivolumab,0.6,6,Target Kd,0.00145,0.00145,µmol/l,20262021,3.598959897364964e-4,3.5989598973649637e-4
Nivolumab,0.6,6,koff,0.114,0.114,1/min,20262022,0.10158935715603853,0.10158935715603853
Nivolumab,0.6,6,kint,4.5e-4,4.5e-4,1/min,20262023,2.2251878198711327e-4,2.2251878198711327e-4
Nivolumab,0.6,6,kdeg,4.5e-4,4.5e-4,1/min,20262024,8.008118367744878e-4,8.008118367744878e-4
Nivolumab,0.6,7,Kd (FcRn),0.39,0.39,µmol/l,20262020,0.5893262710539137,0.5893262710539137
Nivolumab,0.6,7,Target Kd,0.00145,0.00145,µmol/l,20262021,0.0017318410577246968,0.0017318410577246968
Nivolumab,0.6,7,koff,0.114,0.114,1/min,20262022,0.16677542209186513,0.16677542209186513
Nivolumab,0.6,7,kint,4.5e-4,4.5e-4,1/min,20262023,3.4059965827579544e-4,3.4059965827579544e-4
Nivolumab,0.6,7,kdeg,4.5e-4,4.5e-4,1/min,20262024,2.3347750074335566e-4,2.3347750074335566e-4
Nivolumab,0.6,8,Kd (FcRn),0.39,0.39,µmol/l,20262020,0.4862964021654331,0.4862964021654331
Nivolumab,0.6,8,Target Kd,0.00145,0.00145,µmol/l,20262021,0.0021163677824835277,0.0021163677824835277
Nivolumab,0.6,8,koff,0.114,0.114,1/min,20262022,0.10342452029454653,0.10342452029454653
Nivolumab,0.6,8,kint,4.5e-4,4.5e-4,1/min,20262023,1.0873105017107578e-4,1.0873105017107578e-4
Nivolumab,0.6,8,kdeg,4.5e-4,4.5e-4,1/min,20262024,4.963793207295366e-4,4.963793207295366e-4
Nivolumab,0.6,9,Kd (FcRn),0.39,0.39,µmol/l,20262020,0.3552087948511245,0.35520879485112455
Nivolumab,0.6,9,Target Kd,0.00145,0.00145,µmol/l,20262021,0.0010861468661110694,0.0010861468661110694
Nivolumab,0.6,9,koff,0.114,0.114,1/min,20262022,0.08310238142505841,0.08310238142505841
Nivolumab,0.6,9,kint,4.5e-4,4.5e-4,1/min,20262023,4.7046840098669907e-4,4.7046840098669907e-4
Nivolumab,0.6,9,kdeg,4.5e-4,4.5e-4,1/min,20262024,2.9726653800580047e-4,2.972665380058005e-4
Nivolumab,0.6,10,Kd (FcRn),0.39,0.39,µmol/l,20262020,0.29840406280258586,0.29840406280258586
Nivolumab,0.6,10,Target Kd,0.00145,0.00145,µmol/l,20262021,0.0012477713728962965,0.0012477713728962965
Nivolumab,0.6,10,koff,0.114,0.114,1/min,20262022,0.04375028925889342,0.04375028925889342
Nivolumab,0.6,10,kint,4.5e-4,4.5e-4,1/min,20262023,5.785557011052427e-4,5.785557011052427e-4
Nivolumab,0.6,10,kdeg,4.5e-4,4.5e-4,1/min,20262024,2.2799041892227783e-4,2.2799041892227783e-4
Nivolumab,0.6,11,Kd (FcRn),0.39,0.39,µmol/l,20262020,0.17251721474493256,0.17251721474493256
Nivolumab,0.6,11,Target Kd,0.00145,0.00145,µmol/l,20262021,0.0017545263523195017,0.0017545263523195019
Nivolumab,0.6,11,koff,0.114,0.114,1/min,20262022,0.19130758341042978,0.19130758341042978
Nivolumab,0.6,11,kint,4.5e-4,4.5e-4,1/min,20262023,1.963209823631223e-4,1.963209823631223e-4
Nivolumab,0.6,11,kdeg,4.5e-4,4.5e-4,1/min,20262024,1.2232994541892355e-4,1.2232994541892355e-4
Nivolumab,0.6,12,Kd (FcRn),0.39,0.39,µmol/l,20262020,0.3580308883578566,0.3580308883578566
Nivolumab,0.6,12,Target Kd,0.00145,0.00145,µmol/l,20262021,9.543563729465598e-4,9.543563729465598e-4
Nivolumab,0.6,12,koff,0.114,0.114,1/min,20262022,0.12529279266858623,0.12529279266858623
Nivolumab,0.6,12,kint,4.5e-4,4.5e-4,1/min,20262023,3.91208893489148e-4,3.91208893489148e-4
Nivolumab,0.6,12,kdeg,4.5e-4,4.5e-4,1/min,20262024,2.467640765363883e-4,2.467640765363883e-4
Nivolumab,0.6,13,Kd (FcRn),0.39,0.39,µmol/l,20262020,0.15221854542742005,0.15221854542742005
Nivolumab,0.6,13,Target Kd,0.00145,0.00145,µmol/l,20262021,0.0016287020584472174,0.0016287020584472174
Nivolumab,0.6,13,koff,0.114,0.114,1/min,20262022,0.1418722144739973,0.1418722144739973
Nivolumab,0.6,13,kint,4.5e-4,4.5e-4,1/min,20262023,2.170367061160938e-4,2.170367061160938e-4
Nivolumab,0.6,13,kdeg,4.5e-4,4.5e-4,1/min,20262024,3.4424578794685904e-4,3.4424578794685904e-4
Nivolumab,0.6,14,Kd (FcRn),0.39,0.39,µmol/l,20262020,0.5505786963312114,0.5505786963312114
Nivolumab,0.6,14,Target Kd,0.00145,0.00145,µmol/l,20262021,0.001225538012192479,0.001225538012192479
Nivolumab,0.6,14,koff,0.114,0.114,1/min,20262022,0.23406617272709887,0.23406617272709887
Nivolumab,0.6,14,kint,4.5e-4,4.5e-4,1/min,20262023,5.715043276785443e-4,5.715043276785443e-4
Nivolumab,0.6,14,kdeg,4.5e-4,4.5e-4,1/min,20262024,9.480668027491714e-4,9.480668027491714e-4
Nivolumab,0.6,15,Kd (FcRn),0.39,0.39,µmol/l,20262020,0.265036634540079,0.265036634540079
Nivolumab,0.6,15,Target Kd,0.00145,0.00145,µmol/l,20262021,0.00134589775685018,0.00134589775685018
Nivolumab,0.6,15,koff,0.114,0.114,1/min,20262022,0.09337605609771028,0.09337605609771028
Nivolumab,0.6,15,kint,4.5e-4,4.5e-4,1/min,20262023,2.747406746633409e-4,2.747406746633409e-4
Nivolumab,0.6,15,kdeg,4.5e-4,4.5e-4,1/min,20262024,3.902935529492305e-4,3.902935529492305e-4
Nivolumab,0.6,16,Kd (FcRn),0.39,0.39,µmol/l,20262020,0.36741144696963257,0.36741144696963257
Nivolumab,0.6,16,Target Kd,0.00145,0.00145,µmol/l,20262021,7.276002551512001e-4,7.276002551512001e-4
Nivolumab,0.6,16,koff,0.114,0.114,1/min,20262022,0.12043237077139861,0.12043237077139861
Nivolumab,0.6,16,kint,4.5e-4,4.5e-4,1/min,20262023,2.769661433350857e-4,2.769661433350857e-4
Nivolumab,0.6,16,kdeg,4.5e-4,4.5e-4,1/min,20262024,3.270601659839743e-4,3.270601659839743e-4
Nivolumab,0.6,17,Kd (FcRn),0.39,0.39,µmol/l,20262020,0.3272450180277866,0.3272450180277866
Nivolumab,0.6,17,Target Kd,0.00145,0.00145,µmol/l,20262021,9.487244844344474e-4,9.487244844344474e-4
Nivolumab,0.6,17,koff,0.114,0.114,1/min,20262022,0.055986468246014096,0.055986468246014096
Nivolumab,0.6,17,kint,4.5e-4,4.5e-4,1/min,20262023,2.529253012583408e-4,2.529253012583408e-4
Nivolumab,0.6,17,kdeg,4.5e-4,4.5e-4,1/min,20262024,0.0011161869779184944,0.0011161869779184944
Nivolumab,0.6,18,Kd (FcRn),0.39,0.39,µmol/l,20262020,0.20018231902911957,0.20018231902911957
Nivolumab,0.6,18,Target Kd,0.00145,0.00145,µmol/l,20262021,0.0011284670058915292,0.0011284670058915292
Nivolumab,0.6,18,koff,0.114,0.114,1/min,20262022,0.2012534098709072,0.2012534098709072
Nivolumab,0.6,18,kint,4.5e-4,4.5e-4,1/min,20262023,3.5121860310921023e-4,3.5121860310921023e-4
Nivolumab,0.6,18,kdeg,4.5e-4,4.5e-4,1/min,20262024,2.0400256191754182e-4,2.0400256191754182e-4
Nivolumab,0.6,19,Kd (FcRn),0.39,0.39,µmol/l,20262020,0.3671526469610866,0.3671526469610866
Nivolumab,0.6,19,Target Kd,0.00145,0.00145,µmol/l,20262021,4.774161456757198e-4,4.7741614567571984e-4
Nivolumab,0.6,19,koff,0.114,0.114,1/min,20262022,0.3324736309594268,0.3324736309594268
Nivolumab,0.6,19,kint,4.5e-4,4.5e-4,1/min,20262023,3.6562489934748596e-4,3.6562489934748596e-4
Nivolumab,0.6,19,kdeg,4.5e-4,4.5e-4,1/min,20262024,1.4710426819724271e-4,1.4710426819724271e-4
Nivolumab,0.6,20,Kd (FcRn),0.39,0.39,µmol/l,20262020,0.37652022016393744,0.37652022016393744
Nivolumab,0.6,20,Target Kd,0.00145,0.00145,µmol/l,20262021,0.002390126051554617,0.002390126051554617
Nivolumab,0.6,20,koff,0.114,0.114,1/min,20262022,0.09698462644537552,0.09698462644537552
Nivolumab,0.6,20,kint,4.5e-4,4.5e-4,1/min,20262023,4.5116914396844287e-4,4.5116914396844287e-4
Nivolumab,0.6,20,kdeg,4.5e-4,4.5e-4,1/min,20262024,3.5876717515897176e-4,3.5876717515897176e-4
Nivolumab,0.6,21,Kd (FcRn),0.39,0.39,µmol/l,20262020,0.7766644574276014,0.7766644574276013
Nivolumab,0.6,21,Target Kd,0.00145,0.00145,µmol/l,20262021,0.0011212167200523484,0.0011212167200523484
Nivolumab,0.6,21,koff,0.114,0.114,1/min,20262022,0.45068869050239185,0.45068869050239185
Nivolumab,0.6,21,kint,4.5e-4,4.5e-4,1/min,20262023,4.469118101263387e-4,4.469118101263387e-4
Nivolumab,0.6,21,kdeg,4.5e-4,4.5e-4,1/min,20262024,2.9450933916481557e-4,2.9450933916481557e-4
Nivolumab,0.6,22,Kd (FcRn),0.39,0.39,µmol/l,20262020,0.3655402009746298,0.3655402009746298
Nivolumab,0.6,22,Target Kd,0.00145,0.00145,µmol/l,20262021,0.002757809638692868,0.0027578096386928685
Nivolumab,0.6,22,koff,0.114,0.114,1/min,20262022,0.09492057420443198,0.09492057420443199
Nivolumab,0.6,22,kint,4.5e-4,4.5e-4,1/min,20262023,9.018950625139814e-4,9.018950625139814e-4
Nivolumab,0.6,22,kdeg,4.5e-4,4.5e-4,1/min,20262024,3.410765368531616e-4,3.410765368531616e-4
Nivolumab,0.6,23,Kd (FcRn),0.39,0.39,µmol/l,20262020,0.17264710885983955,0.17264710885983953
Nivolumab,0.6,23,Target Kd,0.00145,0.00145,µmol/l,20262021,0.0017480014216991488,0.001748001421699149
Nivolumab,0.6,23,koff,0.114,0.114,1/min,20262022,0.1936609938027121,0.1936609938027121
Nivolumab,0.6,23,kint,4.5e-4,4.5e-4,1/min,20262023,5.986984030567359e-4,5.986984030567359e-4
Nivolumab,0.6,23,kdeg,4.5e-4,4.5e-4,1/min,20262024,3.4121227481797255e-4,3.4121227481797255e-4
Nivolumab,0.6,24,Kd (FcRn),0.39,0.39,µmol/l,20262020,0.2881378922891284,0.2881378922891284
Nivolumab,0.6,24,Target Kd,0.00145,0.00145,µmol/l,20262021,0.0015134898603348641,0.0015134898603348641
Nivolumab,0.6,24,koff,0.114,0.114,1/min,20262022,0.24449852605593503,0.24449852605593503
Nivolumab,0.6,24,kint,4.5e-4,4.5e-4,1/min,20262023,1.530524972357284e-4,1.530524972357284e-4
Nivolumab,0.6,24,kdeg,4.5e-4,4.5e-4,1/min,20262024,1.7317051389588054e-4,1.7317051389588054e-4
Nivolumab,0.6,25,Kd (FcRn),0.39,0.39,µmol/l,20262020,0.3239728890440577,0.3239728890440577
Nivolumab,0.6,25,Target Kd,0.00145,0.00145,µmol/l,20262021,8.862423120297384e-4,8.862423120297384e-4
Nivolumab,0.6,25,koff,0.114,0.114,1/min,20262022,0.22019689469265,0.22019689469265
Nivolumab,0.6,25,kint,4.5e-4,4.5e-4,1/min,20262023,4.420778633389228e-4,4.420778633389228e-4
Nivolumab,0.6,25,kdeg,4.5e-4,4.5e-4,1/min,20262024,3.2888053839538896e-4,3.2888053839538896e-4
Nivolumab,0.6,26,Kd (FcRn),0.39,0.39,µmol/l,20262020,0.26041270017993734,0.26041270017993734
Nivolumab,0.6,26,Target Kd,0.00145,0.00145,µmol/l,20262021,0.0013417563890883676,0.0013417563890883676
Nivolumab,0.6,26,koff,0.114,0.114,1/min,20262022,0.12909537778906144,0.12909537778906144
Nivolumab,0.6,26,kint,4.5e-4,4.5e-4,1/min,20262023,1.5501476664475116e-4,1.5501476664475116e-4
Nivolumab,0.6,26,kdeg,4.5e-4,4.5e-4,1/min,20262024,2.793389898162708e-4,2.793389898162708e-4
Nivolumab,0.6,27,Kd (FcRn),0.39,0.39,µmol/l,20262020,0.5336476523361576,0.5336476523361576
Nivolumab,0.6,27,Target Kd,0.00145,0.00145,µmol/l,20262021,3.766796030534443e-4,3.7667960305344425e-4
Nivolumab,0.6,27,koff,0.114,0.114,1/min,20262022,0.25586764029730524,0.25586764029730524
Nivolumab,0.6,27,kint,4.5e-4,4.5e-4,1/min,20262023,3.5396462422829694e-4,3.539646242282969e-4
Nivolumab,0.6,27,kdeg,4.5e-4,4.5e-4,1/min,20262024,2.683640801450102e-4,2.683640801450102e-4
Nivolumab,0.6,28,Kd (FcRn),0.39,0.39,µmol/l,20262020,0.8308689243578345,0.8308689243578345
Nivolumab,0.6,28,Target Kd,0.00145,0.00145,µmol/l,20262021,3.8526906677888075e-4,3.8526906677888075e-4
Nivolumab,0.6,28,koff,0.114,0.114,1/min,20262022,0.1307191368350228,0.1307191368350228
Nivolumab,0.6,28,kint,4.5e-4,4.5e-4,1/min,20262023,2.1070046419933863e-4,2.1070046419933863e-4
Nivolumab,0.6,28,kdeg,4.5e-4,4.5e-4,1/min,20262024,2.6475853339268286e-4,2.6475853339268286e-4
Nivolumab,0.6,29,Kd (FcRn),0.39,0.39,µmol/l,20262020,0.2673672128173642,0.2673672128173642
Nivolumab,0.6,29,Target Kd,0.00145,0.00145,µmol/l,20262021,9.519736745814255e-4,9.519736745814255e-4
Nivolumab,0.6,29,koff,0.114,0.114,1/min,20262022,0.03838689500111302,0.03838689500111302
Nivolumab,0.6,29,kint,4.5e-4,4.5e-4,1/min,20262023,5.942074248700532e-4,5.942074248700532e-4
Nivolumab,0.6,29,kdeg,4.5e-4,4.5e-4,1/min,20262024,2.3724635131549835e-4,2.3724635131549835e-4
Nivolumab,0.6,30,Kd (FcRn),0.39,0.39,µmol/l,20262020,0.9823482348251232,0.9823482348251232
Nivolumab,0.6,30,Target Kd,0.00145,0.00145,µmol/l,20262021,0.0010954857756358659,0.0010954857756358659
Nivolumab,0.6,30,koff,0.114,0.114,1/min,20262022,0.10880454735222286,0.10880454735222286
Nivolumab,0.6,30,kint,4.5e-4,4.5e-4,1/min,20262023,3.094897471312313e-4,3.094897471312313e-4
Nivolumab,0.6,30,kdeg,4.5e-4,4.5e-4,1/min,20262024,5.580677410631786e-4,5.580677410631786e-4
Nivolumab,0.6,31,Kd (FcRn),0.39,0.39,µmol/l,20262020,0.34278546480014105,0.34278546480014105
Nivolumab,0.6,31,Target Kd,0.00145,0.00145,µmol/l,20262021,5.559880138078247e-4,5.559880138078247e-4
Nivolumab,0.6,31,koff,0.114,0.114,1/min,20262022,0.10983702143397239,0.1098370214339724
Nivolumab,0.6,31,kint,4.5e-4,4.5e-4,1/min,20262023,1.6865025381199175e-4,1.6865025381199175e-4
Nivolumab,0.6,31,kdeg,4.5e-4,4.5e-4,1/min,20262024,3.24751827419772e-4,3.24751827419772e-4
Nivolumab,0.6,32,Kd (FcRn),0.39,0.39,µmol/l,20262020,0.6197750348635429,0.6197750348635429
Nivolumab,0.6,32,Target Kd,0.00145,0.00145,µmol/l,20262021,9.749687210364948e-4,9.749687210364948e-4
Nivolumab,0.6,32,koff,0.114,0.114,1/min,20262022,0.07932341844175646,0.07932341844175646
Nivolumab,0.6,32,kint,4.5e-4,4.5e-4,1/min,20262023,5.698819256262655e-4,5.698819256262655e-4
Nivolumab,0.6,32,kdeg,4.5e-4,4.5e-4,1/min,20262024,4.005288750880919e-4,4.005288750880919e-4
Nivolumab,0.6,33,Kd (FcRn),0.39,0.39,µmol/l,20262020,0.31000438212037607,0.31000438212037607
Nivolumab,0.6,33,Target Kd,0.00145,0.00145,µmol/l,20262021,7.754323635501235e-4,7.754323635501234e-4
Nivolumab,0.6,33,koff,0.114,0.114,1/min,20262022,0.32641086761992283,0.32641086761992283
Nivolumab,0.6,33,kint,4.5e-4,4.5e-4,1/min,20262023,2.3083464573537705e-4,2.3083464573537705e-4
Nivolumab,0.6,33,kdeg,4.5e-4,4.5e-4,1/min,20262024,4.0530009859337764e-4,4.0530009859337764e-4
Nivolumab,0.6,34,Kd (FcRn),0.39,0.39,µmol/l,20262020,0.6176578681635745,0.6176578681635745
Nivolumab,0.6,34,Target Kd,0.00145,0.00145,µmol/l,20262021,4.931942114725585e-4,4.931942114725585e-4
Nivolumab,0.6,34,koff,0.114,0.114,1/min,20262022,0.08856507622426275,0.08856507622426275
Nivolumab,0.6,34,kint,4.5e-4,4.5e-4,1/min,20262023,9.00118131711431e-4,9.00118131711431e-4
Nivolumab,0.6,34,kdeg,4.5e-4,4.5e-4,1/min,20262024,2.6983536429707824e-4,2.6983536429707824e-4
Nivolumab,0.6,35,Kd (FcRn),0.39,0.39,µmol/l,20262020,0.2282115884664972,0.2282115884664972
Nivolumab,0.6,35,Target Kd,0.00145,0.00145,µmol/l,20262021,0.0010099385723982852,0.0010099385723982852
Nivolumab,0.6,35,koff,0.114,0.114,1/min,20262022,0.09576154249485422,0.09576154249485422
Nivolumab,0.6,35,kint,4.5e-4,4.5e-4,1/min,20262023,1.5232885036072882e-4,1.5232885036072882e-4
Nivolumab,0.6,35,kdeg,4.5e-4,4.5e-4,1/min,20262024,0.0011201169361361952,0.001120116936136195
Nivolumab,0.6,36,Kd (FcRn),0.39,0.39,µmol/l,20262020,0.5911784122736274,0.5911784122736274
Nivolumab,0.6,36,Target Kd,0.00145,0.00145,µmol/l,20262021,0.0014788612775142667,0.0014788612775142667
Nivolumab,0.6,36,koff,0.114,0.114,1/min,20262022,0.09831688138097668,0.09831688138097668
Nivolumab,0.6,36,kint,4.5e-4,4.5e-4,1/min,20262023,3.6130885213088844e-4,3.6130885213088844e-4
Nivolumab,0.6,36,kdeg,4.5e-4,4.5e-4,1/min,20262024,4.244935912283767e-4,4.244935912283767e-4
Nivolumab,0.6,37,Kd (FcRn),0.39,0.39,µmol/l,20262020,0.2853201711129567,0.2853201711129567
Nivolumab,0.6,37,Target Kd,0.00145,0.00145,µmol/l,20262021,0.0011031713661901513,0.0011031713661901513
Nivolumab,0.6,37,koff,0.114,0.114,1/min,20262022,0.10004520420293374,0.10004520420293374
Nivolumab,0.6,37,kint,4.5e-4,4.5e-4,1/min,20262023,2.1277775266747488e-4,2.1277775266747488e-4
Nivolumab,0.6,37,kdeg,4.5e-4,4.5e-4,1/min,20262024,1.4604919000169e-4,1.4604919000169e-4
Nivolumab,0.6,38,Kd (FcRn),0.39,0.39,µmol/l,20262020,0.4812775750184491,0.48127757501844914
Nivolumab,0.6,38,Target Kd,0.00145,0.00145,µmol/l,20262021,0.00116139108820473,0.00116139108820473
Nivolumab,0.6,38,koff,0.114,0.114,1/min,20262022,0.08216053853992555,0.08216053853992555
Nivolumab,0.6,38,kint,4.5e-4,4.5e-4,1/min,20262023,9.273082563412369e-4,9.27308256341237e-4
Nivolumab,0.6,38,kdeg,4.5e-4,4.5e-4,1/min,20262024,2.483794630069295e-4,2.483794630069295e-4
Nivolumab,0.6,39,Kd (FcRn),0.39,0.39,µmol/l,20262020,0.7194825171987701,0.71948251719877
Nivolumab,0.6,39,Target Kd,0.00145,0.00145,µmol/l,20262021,0.003998429391246898,0.003998429391246898
Nivolumab,0.6,39,koff,0.114,0.114,1/min,20262022,0.15771741329033162,0.15771741329033162
Nivolumab,0.6,39,kint,4.5e-4,4.5e-4,1/min,20262023,3.213800001903811e-4,3.213800001903811e-4
Nivolumab,0.6,39,kdeg,4.5e-4,4.5e-4,1/min,20262024,1.7396903274586562e-4,1.7396903274586562e-4
Nivolumab,0.6,40,Kd (FcRn),0.39,0.39,µmol/l,20262020,0.15521865772804952,0.15521865772804952
Nivolumab,0.6,40,Target Kd,0.00145,0.00145,µmol/l,20262021,4.058317073082613e-4,4.058317073082613e-4
Nivolumab,0.6,40,koff,0.114,0.114,1/min,20262022,0.08843457409597724,0.08843457409597724
Nivolumab,0.6,40,kint,4.5e-4,4.5e-4,1/min,20262023,5.605468670399763e-4,5.605468670399763e-4
Nivolumab,0.6,40,kdeg,4.5e-4,4.5e-4,1/min,20262024,2.1573883288358842e-4,2.1573883288358842e-4
Nivolumab,0.6,41,Kd (FcRn),0.39,0.39,µmol/l,20262020,0.2095046661233108,0.2095046661233108
Nivolumab,0.6,41,Target Kd,0.00145,0.00145,µmol/l,20262021,9.387531407613849e-4,9.387531407613849e-4
Nivolumab,0.6,41,koff,0.114,0.114,1/min,20262022,0.16310547516753993,0.16310547516753993
Nivolumab,0.6,41,kint,4.5e-4,4.5e-4,1/min,20262023,3.6359953491844796e-4,3.6359953491844796e-4
Nivolumab,0.6,41,kdeg,4.5e-4,4.5e-4,1/min,20262024,2.687835801507819e-4,2.687835801507819e-4
Nivolumab,0.6,42,Kd (FcRn),0.39,0.39,µmol/l,20262020,0.585216712812805,0.585216712812805
Nivolumab,0.6,42,Target Kd,0.00145,0.00145,µmol/l,20262021,0.0020839675095527055,0.0020839675095527055
Nivolumab,0.6,42,koff,0.114,0.114,1/min,20262022,0.10265139135550845,0.10265139135550845
Nivolumab,0.6,42,kint,4.5e-4,4.5e-4,1/min,20262023,0.001398461676310353,0.001398461676310353
Nivolumab,0.6,42,kdeg,4.5e-4,4.5e-4,1/min,20262024,3.055142570335166e-4,3.055142570335166e-4
Nivolumab,0.6,43,Kd (FcRn),0.39,0.39,µmol/l,20262020,0.2775631054142794,0.2775631054142794
Nivolumab,0.6,43,Target Kd,0.00145,0.00145,µmol/l,20262021,0.002431003155814046,0.002431003155814046
Nivolumab,0.6,43,koff,0.114,0.114,1/min,20262022,0.06650748577569646,0.06650748577569646
Nivolumab,0.6,43,kint,4.5e-4,4.5e-4,1/min,20262023,8.897974395714206e-4,8.897974395714206e-4
Nivolumab,0.6,43,kdeg,4.5e-4,4.5e-4,1/min,20262024,3.21249826686573e-4,3.21249826686573e-4
Nivolumab,0.6,44,Kd (FcRn),0.39,0.39,µmol/l,20262020,0.47181912845248525,0.47181912845248525
Nivolumab,0.6,44,Target Kd,0.00145,0.00145,µmol/l,20262021,0.0011248227579710116,0.0011248227579710116
Nivolumab,0.6,44,koff,0.114,0.114,1/min,20262022,0.17336086732353065,0.17336086732353065
Nivolumab,0.6,44,kint,4.5e-4,4.5e-4,1/min,20262023,4.2553456780954345e-4,4.255345678095435e-4
Nivolumab,0.6,44,kdeg,4.5e-4,4.5e-4,1/min,20262024,1.9976451386516565e-4,1.9976451386516565e-4
Nivolumab,0.6,45,Kd (FcRn),0.39,0.39,µmol/l,20262020,1.2886161537561927,1.2886161537561927
Nivolumab,0.6,45,Target Kd,0.00145,0.00145,µmol/l,20262021,0.0012303603875071577,0.0012303603875071577
Nivolumab,0.6,45,koff,0.114,0.114,1/min,20262022,0.1350045196820499,0.1350045196820499
Nivolumab,0.6,45,kint,4.5e-4,4.5e-4,1/min,20262023,5.251236075162298e-4,5.251236075162298e-4
Nivolumab,0.6,45,kdeg,4.5e-4,4.5e-4,1/min,20262024,2.402601178121019e-4,2.402601178121019e-4
Nivolumab,0.6,46,Kd (FcRn),0.39,0.39,µmol/l,20262020,1.0195148655958877,1.0195148655958877
Nivolumab,0.6,46,Target Kd,0.00145,0.00145,µmol/l,20262021,7.448959802831478e-4,7.448959802831477e-4
Nivolumab,0.6,46,koff,0.114,0.114,1/min,20262022,0.09680328625653759,0.09680328625653759
Nivolumab,0.6,46,kint,4.5e-4,4.5e-4,1/min,20262023,5.242723281556406e-4,5.242723281556406e-4
Nivolumab,0.6,46,kdeg,4.5e-4,4.5e-4,1/min,20262024,8.011418755176588e-4,8.011418755176588e-4
Nivolumab,0.6,47,Kd (FcRn),0.39,0.39,µmol/l,20262020,0.24691375891466505,0.24691375891466502
Nivolumab,0.6,47,Target Kd,0.00145,0.00145,µmol/l,20262021,0.001163603222039361,0.001163603222039361
Nivolumab,0.6,47,koff,0.114,0.114,1/min,20262022,0.07140137831795566,0.07140137831795566
Nivolumab,0.6,47,kint,4.5e-4,4.5e-4,1/min,20262023,5.135226099563171e-4,5.135226099563171e-4
Nivolumab,0.6,47,kdeg,4.5e-4,4.5e-4,1/min,20262024,1.5747530315429238e-4,1.5747530315429238e-4
Nivolumab,0.6,48,Kd (FcRn),0.39,0.39,µmol/l,20262020,0.13616213412725095,0.13616213412725095
Nivolumab,0.6,48,Target Kd,0.00145,0.00145,µmol/l,20262021,0.0016658250165361304,0.0016658250165361304
Nivolumab,0.6,48,koff,0.114,0.114,1/min,20262022,0.09059232166159303,0.09059232166159303
Nivolumab,0.6,48,kint,4.5e-4,4.5e-4,1/min,20262023,1.7451351633434927e-4,1.7451351633434927e-4
Nivolumab,0.6,48,kdeg,4.5e-4,4.5e-4,1/min,20262024,5.641962744942174e-4,5.641962744942174e-4
Nivolumab,0.6,49,Kd (FcRn),0.39,0.39,µmol/l,20262020,0.11499858729269645,0.11499858729269645
Nivolumab,0.6,49,Target Kd,0.00145,0.00145,µmol/l,20262021,0.003572158612693806,0.0035721586126938065
Nivolumab,0.6,49,koff,0.114,0.114,1/min,20262022,0.34840914520617344,0.34840914520617344
Nivolumab,0.6,49,kint,4.5e-4,4.5e-4,1/min,20262023,3.9865377489834304e-4,3.9865377489834304e-4
Nivolumab,0.6,49,kdeg,4.5e-4,4.5e-4,1/min,20262024,0.0014530939751649736,0.0014530939751649736
Nivolumab,0.6,50,Kd (FcRn),0.39,0.39,µmol/l,20262020,0.674402547097236,0.674402547097236
Nivolumab,0.6,50,Target Kd,0.00145,0.00145,µmol/l,20262021,6.872638779336008e-4,6.872638779336008e-4
Nivolumab,0.6,50,koff,0.114,0.114,1/min,20262022,0.09446495417538713,0.09446495417538713
Nivolumab,0.6,50,kint,4.5e-4,4.5e-4,1/min,20262023,0.0011392627953356015,0.0011392627953356015
Nivolumab,0.6,50,kdeg,4.5e-4,4.5e-4,1/min,20262024,3.386809491073992e-4,3.386809491073992e-4
Nivolumab,0.6,51,Kd (FcRn),0.39,0.39,µmol/l,20262020,0.1745507835119297,0.1745507835119297
Nivolumab,0.6,51,Target Kd,0.00145,0.00145,µmol/l,20262021,0.002296020306366987,0.002296020306366987
Nivolumab,0.6,51,koff,0.114,0.114,1/min,20262022,0.08634026785221408,0.08634026785221408
Nivolumab,0.6,51,kint,4.5e-4,4.5e-4,1/min,20262023,2.4938202583600497e-4,2.4938202583600497e-4
Nivolumab,0.6,51,kdeg,4.5e-4,4.5e-4,1/min,20262024,1.8818581459874146e-4,1.8818581459874146e-4
Nivolumab,0.6,52,Kd (FcRn),0.39,0.39,µmol/l,20262020,0.23328813240949986,0.23328813240949986
Nivolumab,0.6,52,Target Kd,0.00145,0.00145,µmol/l,20262021,0.002206974741125519,0.002206974741125519
Nivolumab,0.6,52,koff,0.114,0.114,1/min,20262022,0.13359610167714026,0.13359610167714026
Nivolumab,0.6,52,kint,4.5e-4,4.5e-4,1/min,20262023,1.9613454303946468e-4,1.9613454303946468e-4
Nivolumab,0.6,52,kdeg,4.5e-4,4.5e-4,1/min,20262024,6.395281947371662e-4,6.395281947371662e-4
Nivolumab,0.6,53,Kd (FcRn),0.39,0.39,µmol/l,20262020,0.2684079366094412,0.2684079366094412
Nivolumab,0.6,53,Target Kd,0.00145,0.00145,µmol/l,20262021,0.0011843998929179976,0.0011843998929179976
Nivolumab,0.6,53,koff,0.114,0.114,1/min,20262022,0.1216945351484042,0.1216945351484042
Nivolumab,0.6,53,kint,4.5e-4,4.5e-4,1/min,20262023,3.414768755381685e-4,3.414768755381685e-4
Nivolumab,0.6,53,kdeg,4.5e-4,4.5e-4,1/min,20262024,7.740099512408642e-4,7.740099512408642e-4
Nivolumab,0.6,54,Kd (FcRn),0.39,0.39,µmol/l,20262020,0.7855462847105547,0.7855462847105547
Nivolumab,0.6,54,Target Kd,0.00145,0.00145,µmol/l,20262021,0.0014722132111257991,0.0014722132111257991
Nivolumab,0.6,54,koff,0.114,0.114,1/min,20262022,0.13564616285750628,0.13564616285750628
Nivolumab,0.6,54,kint,4.5e-4,4.5e-4,1/min,20262023,2.2731094293981636e-4,2.2731094293981636e-4
Nivolumab,0.6,54,kdeg,4.5e-4,4.5e-4,1/min,20262024,2.841635753600808e-4,2.841635753600808e-4
Nivolumab,0.6,55,Kd (FcRn),0.39,0.39,µmol/l,20262020,0.412340007857018,0.412340007857018
Nivolumab,0.6,55,Target Kd,0.00145,0.00145,µmol/l,20262021,4.3628685746603815e-4,4.362868574660381e-4
Nivolumab,0.6,55,koff,0.114,0.114,1/min,20262022,0.1768951715378278,0.1768951715378278
Nivolumab,0.6,55,kint,4.5e-4,4.5e-4,1/min,20262023,2.618311575295215e-4,2.618311575295215e-4
Nivolumab,0.6,55,kdeg,4.5e-4,4.5e-4,1/min,20262024,2.028587104785394e-4,2.028587104785394e-4
Nivolumab,0.6,56,Kd (FcRn),0.39,0.39,µmol/l,20262020,0.6432214870695908,0.6432214870695908
Nivolumab,0.6,56,Target Kd,0.00145,0.00145,µmol/l,20262021,0.0010441712503438858,0.0010441712503438858
Nivolumab,0.6,56,koff,0.114,0.114,1/min,20262022,0.10116992026254314,0.10116992026254314
Nivolumab,0.6,56,kint,4.5e-4,4.5e-4,1/min,20262023,4.981906980096759e-4,4.981906980096759e-4
Nivolumab,0.6,56,kdeg,4.5e-4,4.5e-4,1/min,20262024,3.041372779690814e-4,3.041372779690814e-4
Nivolumab,0.6,57,Kd (FcRn),0.39,0.39,µmol/l,20262020,0.2695956958927038,0.2695956958927038
Nivolumab,0.6,57,Target Kd,0.00145,0.00145,µmol/l,20262021,0.0021529246722730897,0.0021529246722730897
Nivolumab,0.6,57,koff,0.114,0.114,1/min,20262022,0.05665324324788001,0.05665324324788001
Nivolumab,0.6,57,kint,4.5e-4,4.5e-4,1/min,20262023,1.3509220157518898e-4,1.3509220157518898e-4
Nivolumab,0.6,57,kdeg,4.5e-4,4.5e-4,1/min,20262024,0.0010513391396551526,0.0010513391396551526
Nivolumab,0.6,58,Kd (FcRn),0.39,0.39,µmol/l,20262020,0.5037434921567663,0.5037434921567663
Nivolumab,0.6,58,Target Kd,0.00145,0.00145,µmol/l,20262021,8.137770068007863e-4,8.137770068007864e-4
Nivolumab,0.6,58,koff,0.114,0.114,1/min,20262022,0.23163224990585443,0.23163224990585443
Nivolumab,0.6,58,kint,4.5e-4,4.5e-4,1/min,20262023,7.884499986019006e-4,7.884499986019006e-4
Nivolumab,0.6,58,kdeg,4.5e-4,4.5e-4,1/min,20262024,3.016207349254766e-4,3.016207349254766e-4
Nivolumab,0.6,59,Kd (FcRn),0.39,0.39,µmol/l,20262020,0.11051008346028439,0.11051008346028439
Nivolumab,0.6,59,Target Kd,0.00145,0.00145,µmol/l,20262021,0.0016726856338855763,0.0016726856338855761
Nivolumab,0.6,59,koff,0.114,0.114,1/min,20262022,0.13260639591000306,0.13260639591000306
Nivolumab,0.6,59,kint,4.5e-4,4.5e-4,1/min,20262023,3.8126310681529165e-4,3.812631068152916e-4
Nivolumab,0.6,59,kdeg,4.5e-4,4.5e-4,1/min,20262024,4.677138349658609e-4,4.677138349658609e-4
Nivolumab,0.6,60,Kd (FcRn),0.39,0.39,µmol/l,20262020,0.18719919736824708,0.18719919736824708
Nivolumab,0.6,60,Target Kd,0.00145,0.00145,µmol/l,20262021,9.980003473520087e-4,9.980003473520087e-4
Nivolumab,0.6,60,koff,0.114,0.114,1/min,20262022,0.03374328623752285,0.03374328623752285
Nivolumab,0.6,60,kint,4.5e-4,4.5e-4,1/min,20262023,0.00085944355440219005,0.00085944355440219005
Nivolumab,0.6,60,kdeg,4.5e-4,4.5e-4,1/min,20262024,7.721908233363435e-4,7.721908233363435e-4
Nivolumab,0.6,61,Kd (FcRn),0.39,0.39,µmol/l,20262020,0.12555646074587773,0.12555646074587773
Nivolumab,0.6,61,Target Kd,0.00145,0.00145,µmol/l,20262021,0.0020398980717024986,0.0020398980717024986
Nivolumab,0.6,61,koff,0.114,0.114,1/min,20262022,0.05685822905557579,0.05685822905557579
Nivolumab,0.6,61,kint,4.5e-4,4.5e-4,1/min,20262023,8.791139292127881e-5,8.791139292127881e-5
Nivolumab,0.6,61,kdeg,4.5e-4,4.5e-4,1/min,20262024,3.6942685181016733e-4,3.6942685181016733e-4
Nivolumab,0.6,62,Kd (FcRn),0.39,0.39,µmol/l,20262020,0.494856218710546,0.494856218710546
Nivolumab,0.6,62,Target Kd,0.00145,0.00145,µmol/l,20262021,0.0015302491550747291,0.001530249155074729
Nivolumab,0.6,62,koff,0.114,0.114,1/min,20262022,0.08431956749366876,0.08431956749366876
Nivolumab,0.6,62,kint,4.5e-4,4.5e-4,1/min,20262023,5.052237786574714e-4,5.052237786574714e-4
Nivolumab,0.6,62,kdeg,4.5e-4,4.5e-4,1/min,20262024,2.6154553079049464e-4,2.6154553079049464e-4
Nivolumab,0.6,63,Kd (FcRn),0.39,0.39,µmol/l,20262020,0.9512157331450499,0.9512157331450499
Nivolumab,0.6,63,Target Kd,0.00145,0.00145,µmol/l,20262021,0.002269959903387636,0.002269959903387636
Nivolumab,0.6,63,koff,0.114,0.114,1/min,20262022,0.13855183230844714,0.13855183230844711
Nivolumab,0.6,63,kint,4.5e-4,4.5e-4,1/min,20262023,7.326617404564619e-4,7.326617404564619e-4
Nivolumab,0.6,63,kdeg,4.5e-4,4.5e-4,1/min,20262024,1.6557238206938628e-4,1.6557238206938628e-4
Nivolumab,0.6,64,Kd (FcRn),0.39,0.39,µmol/l,20262020,0.22197936072727628,0.22197936072727628
Nivolumab,0.6,64,Target Kd,0.00145,0.00145,µmol/l,20262021,0.0011160161387314138,0.0011160161387314138
Nivolumab,0.6,64,koff,0.114,0.114,1/min,20262022,0.05725706131910075,0.05725706131910075
Nivolumab,0.6,64,kint,4.5e-4,4.5e-4,1/min,20262023,8.854685654012931e-5,8.854685654012931e-5
Nivolumab,0.6,64,kdeg,4.5e-4,4.5e-4,1/min,20262024,4.705647156321241e-4,4.705647156321241e-4
Nivolumab,0.6,65,Kd (FcRn),0.39,0.39,µmol/l,20262020,0.5632937246713763,0.5632937246713763
Nivolumab,0.6,65,Target Kd,0.00145,0.00145,µmol/l,20262021,6.181077270910936e-4,6.181077270910936e-4
Nivolumab,0.6,65,koff,0.114,0.114,1/min,20262022,0.06007339750223394,0.06007339750223394
Nivolumab,0.6,65,kint,4.5e-4,4.5e-4,1/min,20262023,2.6394496363708344e-4,2.6394496363708344e-4
Nivolumab,0.6,65,kdeg,4.5e-4,4.5e-4,1/min,20262024,3.1172712576381064e-4,3.1172712576381064e-4
Nivolumab,0.6,66,Kd (FcRn),0.39,0.39,µmol/l,20262020,0.2254535810059036,0.2254535810059036
Nivolumab,0.6,66,Target Kd,0.00145,0.00145,µmol/l,20262021,0.0010907936747169024,0.0010907936747169024
Nivolumab,0.6,66,koff,0.114,0.114,1/min,20262022,0.08258330292701647,0.08258330292701647
Nivolumab,0.6,66,kint,4.5e-4,4.5e-4,1/min,20262023,4.841739488152701e-4,4.841739488152701e-4
Nivolumab,0.6,66,kdeg,4.5e-4,4.5e-4,1/min,20262024,0.001339525579838311,0.001339525579838311
Nivolumab,0.6,67,Kd (FcRn),0.39,0.39,µmol/l,20262020,0.2403606877053657,0.2403606877053657
Nivolumab,0.6,67,Target Kd,0.00145,0.00145,µmol/l,20262021,0.0023553770738500143,0.0023553770738500143
Nivolumab,0.6,67,koff,0.114,0.114,1/min,20262022,0.19088802485124057,0.19088802485124057
Nivolumab,0.6,67,kint,4.5e-4,4.5e-4,1/min,20262023,8.199637492379133e-4,8.199637492379133e-4
Nivolumab,0.6,67,kdeg,4.5e-4,4.5e-4,1/min,20262024,4.036092893550938e-4,4.036092893550938e-4
Nivolumab,0.6,68,Kd (FcRn),0.39,0.39,µmol/l,20262020,1.0881080342721594,1.0881080342721594
Nivolumab,0.6,68,Target Kd,0.00145,0.00145,µmol/l,20262021,0.001452045894930295,0.001452045894930295
Nivolumab,0.6,68,koff,0.114,0.114,1/min,20262022,0.17102072775326757,0.17102072775326757
Nivolumab,0.6,68,kint,4.5e-4,4.5e-4,1/min,20262023,5.744680031987655e-4,5.744680031987655e-4
Nivolumab,0.6,68,kdeg,4.5e-4,4.5e-4,1/min,20262024,2.746850754817218e-4,2.746850754817218e-4
Nivolumab,0.6,69,Kd (FcRn),0.39,0.39,µmol/l,20262020,0.535754214117093,0.535754214117093
Nivolumab,0.6,69,Target Kd,0.00145,0.00145,µmol/l,20262021,0.0018588302737073733,0.0018588302737073733
Nivolumab,0.6,69,koff,0.114,0.114,1/min,20262022,0.0777333381117456,0.07773333811174558
Nivolumab,0.6,69,kint,4.5e-4,4.5e-4,1/min,20262023,2.16618330238473e-4,2.16618330238473e-4
Nivolumab,0.6,69,kdeg,4.5e-4,4.5e-4,1/min,20262024,0.0013356278199288777,0.0013356278199288777
Nivolumab,0.6,70,Kd (FcRn),0.39,0.39,µmol/l,20262020,0.3249555157969164,0.3249555157969164
Nivolumab,0.6,70,Target Kd,0.00145,0.00145,µmol/l,20262021,6.539401273192942e-4,6.539401273192942e-4
Nivolumab,0.6,70,koff,0.114,0.114,1/min,20262022,0.08213306490778005,0.08213306490778005
Nivolumab,0.6,70,kint,4.5e-4,4.5e-4,1/min,20262023,4.075634657390682e-4,4.075634657390682e-4
Nivolumab,0.6,70,kdeg,4.5e-4,4.5e-4,1/min,20262024,4.565770536566701e-4,4.565770536566701e-4
Nivolumab,0.6,71,Kd (FcRn),0.39,0.39,µmol/l,20262020,0.7408903812125164,0.7408903812125164
Nivolumab,0.6,71,Target Kd,0.00145,0.00145,µmol/l,20262021,0.0013248391656320794,0.0013248391656320792
Nivolumab,0.6,71,koff,0.114,0.114,1/min,20262022,0.09200496454959851,0.09200496454959851
Nivolumab,0.6,71,kint,4.5e-4,4.5e-4,1/min,20262023,3.8998644915443407e-4,3.8998644915443407e-4
Nivolumab,0.6,71,kdeg,4.5e-4,4.5e-4,1/min,20262024,2.3615366047189334e-4,2.3615366047189334e-4
Nivolumab,0.6,72,Kd (FcRn),0.39,0.39,µmol/l,20262020,0.3213900152956072,0.3213900152956072
Nivolumab,0.6,72,Target Kd,0.00145,0.00145,µmol/l,20262021,8.491860092861525e-4,8.491860092861526e-4
Nivolumab,0.6,72,koff,0.114,0.114,1/min,20262022,0.09468794204351257,0.09468794204351257
Nivolumab,0.6,72,kint,4.5e-4,4.5e-4,1/min,20262023,2.461279826442799e-4,2.461279826442799e-4
Nivolumab,0.6,72,kdeg,4.5e-4,4.5e-4,1/min,20262024,2.779536617384272e-4,2.7795366173842724e-4
Nivolumab,0.6,73,Kd (FcRn),0.39,0.39,µmol/l,20262020,0.2597792936609865,0.2597792936609865
Nivolumab,0.6,73,Target Kd,0.00145,0.00145,µmol/l,20262021,0.003264725337635647,0.0032647253376356473
Nivolumab,0.6,73,koff,0.114,0.114,1/min,20262022,0.07805867071469542,0.07805867071469542
Nivolumab,0.6,73,kint,4.5e-4,4.5e-4,1/min,20262023,6.187152776252257e-4,6.187152776252258e-4
Nivolumab,0.6,73,kdeg,4.5e-4,4.5e-4,1/min,20262024,1.8847288249242145e-4,1.8847288249242145e-4
Nivolumab,0.6,74,Kd (FcRn),0.39,0.39,µmol/l,20262020,0.39660523283986365,0.39660523283986365
Nivolumab,0.6,74,Target Kd,0.00145,0.00145,µmol/l,20262021,0.002019600732659384,0.002019600732659384
Nivolumab,0.6,74,koff,0.114,0.114,1/min,20262022,0.13966741050247072,0.13966741050247072
Nivolumab,0.6,74,kint,4.5e-4,4.5e-4,1/min,20262023,5.892762063808511e-4,5.892762063808511e-4
Nivolumab,0.6,74,kdeg,4.5e-4,4.5e-4,1/min,20262024,4.5018420765940574e-4,4.5018420765940574e-4
Nivolumab,0.6,75,Kd (FcRn),0.39,0.39,µmol/l,20262020,0.47701947810030054,0.47701947810030054
Nivolumab,0.6,75,Target Kd,0.00145,0.00145,µmol/l,20262021,0.002694885452385244,0.002694885452385244
Nivolumab,0.6,75,koff,0.114,0.114,1/min,20262022,0.10202835538706645,0.10202835538706645
Nivolumab,0.6,75,kint,4.5e-4,4.5e-4,1/min,20262023,1.78936750243772e-4,1.78936750243772e-4
Nivolumab,0.6,75,kdeg,4.5e-4,4.5e-4,1/min,20262024,5.502811235354035e-4,5.502811235354035e-4
Nivolumab,0.6,76,Kd (FcRn),0.39,0.39,µmol/l,20262020,0.1945496076633558,0.1945496076633558
Nivolumab,0.6,76,Target Kd,0.00145,0.00145,µmol/l,20262021,0.001427960261491645,0.0014279602614916452
Nivolumab,0.6,76,koff,0.114,0.114,1/min,20262022,0.0913190914195218,0.0913190914195218
Nivolumab,0.6,76,kint,4.5e-4,4.5e-4,1/min,20262023,0.0011381228965322877,0.0011381228965322877
Nivolumab,0.6,76,kdeg,4.5e-4,4.5e-4,1/min,20262024,5.255865080924626e-4,5.255865080924626e-4
Nivolumab,0.6,77,Kd (FcRn),0.39,0.39,µmol/l,20262020,0.26299986562177224,0.26299986562177224
Nivolumab,0.6,77,Target Kd,0.00145,0.00145,µmol/l,20262021,8.209697562975817e-4,8.209697562975818e-4
Nivolumab,0.6,77,koff,0.114,0.114,1/min,20262022,0.034315513048756324,0.034315513048756324
Nivolumab,0.6,77,kint,4.5e-4,4.5e-4,1/min,20262023,9.47471013783355e-5,9.474710137833551e-5
Nivolumab,0.6,77,kdeg,4.5e-4,4.5e-4,1/min,20262024,2.9750835433047093e-4,2.9750835433047093e-4
Nivolumab,0.6,78,Kd (FcRn),0.39,0.39,µmol/l,20262020,0.5569601142470973,0.5569601142470973
Nivolumab,0.6,78,Target Kd,0.00145,0.00145,µmol/l,20262021,7.399636006120201e-4,7.399636006120201e-4
Nivolumab,0.6,78,koff,0.114,0.114,1/min,20262022,0.1339621060230072,0.1339621060230072
Nivolumab,0.6,78,kint,4.5e-4,4.5e-4,1/min,20262023,3.036254787565855e-4,3.036254787565855e-4
Nivolumab,0.6,78,kdeg,4.5e-4,4.5e-4,1/min,20262024,5.018849144156702e-4,5.018849144156702e-4
Nivolumab,0.6,79,Kd (FcRn),0.39,0.39,µmol/l,20262020,0.28863430823034386,0.28863430823034386
Nivolumab,0.6,79,Target Kd,0.00145,0.00145,µmol/l,20262021,5.920276718974463e-4,5.920276718974463e-4
Nivolumab,0.6,79,koff,0.114,0.114,1/min,20262022,0.11828975550288022,0.11828975550288022
Nivolumab,0.6,79,kint,4.5e-4,4.5e-4,1/min,20262023,1.403096135609021e-4,1.403096135609021e-4
Nivolumab,0.6,79,kdeg,4.5e-4,4.5e-4,1/min,20262024,2.543445898668333e-4,2.543445898668333e-4
Nivolumab,0.6,80,Kd (FcRn),0.39,0.39,µmol/l,20262020,0.43056883841358284,0.43056883841358284
Nivolumab,0.6,80,Target Kd,0.00145,0.00145,µmol/l,20262021,0.00277136879343315,0.00277136879343315
Nivolumab,0.6,80,koff,0.114,0.114,1/min,20262022,0.1256148297496973,0.1256148297496973
Nivolumab,0.6,80,kint,4.5e-4,4.5e-4,1/min,20262023,3.0338862282441935e-4,3.0338862282441935e-4
Nivolumab,0.6,80,kdeg,4.5e-4,4.5e-4,1/min,20262024,4.247347440667613e-4,4.247347440667613e-4
Nivolumab,0.6,81,Kd (FcRn),0.39,0.39,µmol/l,20262020,0.6501867642881217,0.6501867642881217
Nivolumab,0.6,81,Target Kd,0.00145,0.00145,µmol/l,20262021,0.0016922459237353226,0.0016922459237353226
Nivolumab,0.6,81,koff,0.114,0.114,1/min,20262022,0.8647588147748664,0.8647588147748664
Nivolumab,0.6,81,kint,4.5e-4,4.5e-4,1/min,20262023,4.016590715991473e-4,4.016590715991473e-4
Nivolumab,0.6,81,kdeg,4.5e-4,4.5e-4,1/min,20262024,6.721040814853012e-4,6.721040814853012e-4
Nivolumab,0.6,82,Kd (FcRn),0.39,0.39,µmol/l,20262020,0.14030846559817625,0.14030846559817625
Nivolumab,0.6,82,Target Kd,0.00145,0.00145,µmol/l,20262021,0.001202189348566769,0.001202189348566769
Nivolumab,0.6,82,koff,0.114,0.114,1/min,20262022,0.2074539518361733,0.2074539518361733
Nivolumab,0.6,82,kint,4.5e-4,4.5e-4,1/min,20262023,3.052678758508573e-4,3.052678758508573e-4
Nivolumab,0.6,82,kdeg,4.5e-4,4.5e-4,1/min,20262024,8.982375715382417e-4,8.982375715382417e-4
Nivolumab,0.6,83,Kd (FcRn),0.39,0.39,µmol/l,20262020,0.06729432773201593,0.06729432773201593
Nivolumab,0.6,83,Target Kd,0.00145,0.00145,µmol/l,20262021,4.609091258845468e-4,4.609091258845468e-4
Nivolumab,0.6,83,koff,0.114,0.114,1/min,20262022,0.0873862893937305,0.0873862893937305
Nivolumab,0.6,83,kint,4.5e-4,4.5e-4,1/min,20262023,0.0016021783034187512,0.0016021783034187512
Nivolumab,0.6,83,kdeg,4.5e-4,4.5e-4,1/min,20262024,8.149572402190522e-4,8.149572402190522e-4
Nivolumab,0.6,84,Kd (FcRn),0.39,0.39,µmol/l,20262020,0.7942040066293197,0.7942040066293197
Nivolumab,0.6,84,Target Kd,0.00145,0.00145,µmol/l,20262021,0.0012605583322318503,0.0012605583322318503
Nivolumab,0.6,84,koff,0.114,0.114,1/min,20262022,0.07516603262524453,0.07516603262524453
Nivolumab,0.6,84,kint,4.5e-4,4.5e-4,1/min,20262023,4.1465582265488057e-4,4.1465582265488057e-4
Nivolumab,0.6,84,kdeg,4.5e-4,4.5e-4,1/min,20262024,2.4139661528426484e-4,2.4139661528426484e-4
Nivolumab,0.6,85,Kd (FcRn),0.39,0.39,µmol/l,20262020,0.263832669822257,0.263832669822257
Nivolumab,0.6,85,Target Kd,0.00145,0.00145,µmol/l,20262021,0.0023326351221351297,0.0023326351221351297
Nivolumab,0.6,85,koff,0.114,0.114,1/min,20262022,0.07346467999431662,0.07346467999431662
Nivolumab,0.6,85,kint,4.5e-4,4.5e-4,1/min,20262023,3.4377470314062486e-4,3.4377470314062486e-4
Nivolumab,0.6,85,kdeg,4.5e-4,4.5e-4,1/min,20262024,6.529259266012458e-4,6.529259266012458e-4
Nivolumab,0.6,86,Kd (FcRn),0.39,0.39,µmol/l,20262020,0.27522595668446437,0.27522595668446437
Nivolumab,0.6,86,Target Kd,0.00145,0.00145,µmol/l,20262021,0.00174489166351504,0.00174489166351504
Nivolumab,0.6,86,koff,0.114,0.114,1/min,20262022,0.05536727585527399,0.05536727585527399
Nivolumab,0.6,86,kint,4.5e-4,4.5e-4,1/min,20262023,1.846023688296925e-4,1.846023688296925e-4
Nivolumab,0.6,86,kdeg,4.5e-4,4.5e-4,1/min,20262024,6.492703924710783e-4,6.492703924710783e-4
Nivolumab,0.6,87,Kd (FcRn),0.39,0.39,µmol/l,20262020,0.3856833590825364,0.38568335908253637
Nivolumab,0.6,87,Target Kd,0.00145,0.00145,µmol/l,20262021,7.05920791235052e-4,7.05920791235052e-4
Nivolumab,0.6,87,koff,0.114,0.114,1/min,20262022,0.12313794250168093,0.12313794250168093
Nivolumab,0.6,87,kint,4.5e-4,4.5e-4,1/min,20262023,6.701381465342363e-4,6.701381465342364e-4
Nivolumab,0.6,87,kdeg,4.5e-4,4.5e-4,1/min,20262024,5.632648873237748e-4,5.632648873237748e-4
Nivolumab,0.6,88,Kd (FcRn),0.39,0.39,µmol/l,20262020,0.3362564814325348,0.3362564814325348
Nivolumab,0.6,88,Target Kd,0.00145,0.00145,µmol/l,20262021,6.982901542073842e-4,6.982901542073842e-4
Nivolumab,0.6,88,koff,0.114,0.114,1/min,20262022,0.10491597795194048,0.10491597795194048
Nivolumab,0.6,88,kint,4.5e-4,4.5e-4,1/min,20262023,2.48813265439581e-4,2.48813265439581e-4
Nivolumab,0.6,88,kdeg,4.5e-4,4.5e-4,1/min,20262024,2.46489423348239e-4,2.46489423348239e-4
Nivolumab,0.6,89,Kd (FcRn),0.39,0.39,µmol/l,20262020,0.15114775605641692,0.15114775605641692
Nivolumab,0.6,89,Target Kd,0.00145,0.00145,µmol/l,20262021,0.0012757744964284232,0.0012757744964284232
Nivolumab,0.6,89,koff,0.114,0.114,1/min,20262022,0.08220214648250466,0.08220214648250466
Nivolumab,0.6,89,kint,4.5e-4,4.5e-4,1/min,20262023,0.001105152282461222,0.0011051522824612218
Nivolumab,0.6,89,kdeg,4.5e-4,4.5e-4,1/min,20262024,8.027255317325319e-4,8.027255317325318e-4
Nivolumab,0.6,90,Kd (FcRn),0.39,0.39,µmol/l,20262020,0.05581019775411754,0.05581019775411753
Nivolumab,0.6,90,Target Kd,0.00145,0.00145,µmol/l,20262021,9.545384923573274e-4,9.545384923573274e-4
Nivolumab,0.6,90,koff,0.114,0.114,1/min,20262022,0.14762071440852806,0.14762071440852806
Nivolumab,0.6,90,kint,4.5e-4,4.5e-4,1/min,20262023,3.844997853633678e-4,3.844997853633678e-4
Nivolumab,0.6,90,kdeg,4.5e-4,4.5e-4,1/min,20262024,2.5903807258666314e-4,2.5903807258666314e-4
Nivolumab,0.6,91,Kd (FcRn),0.39,0.39,µmol/l,20262020,0.5990691674517935,0.5990691674517935
Nivolumab,0.6,91,Target Kd,0.00145,0.00145,µmol/l,20262021,0.001954566648542044,0.001954566648542044
Nivolumab,0.6,91,koff,0.114,0.114,1/min,20262022,0.03935989161469829,0.03935989161469829
Nivolumab,0.6,91,kint,4.5e-4,4.5e-4,1/min,20262023,3.513361436714616e-4,3.513361436714616e-4
Nivolumab,0.6,91,kdeg,4.5e-4,4.5e-4,1/min,20262024,4.2459421358612706e-4,4.2459421358612706e-4
Nivolumab,0.6,92,Kd (FcRn),0.39,0.39,µmol/l,20262020,0.7170638141451926,0.7170638141451927
Nivolumab,0.6,92,Target Kd,0.00145,0.00145,µmol/l,20262021,6.009243081297432e-4,6.009243081297432e-4
Nivolumab,0.6,92,koff,0.114,0.114,1/min,20262022,0.050386794440823904,0.050386794440823904
Nivolumab,0.6,92,kint,4.5e-4,4.5e-4,1/min,20262023,1.776432346762103e-4,1.776432346762103e-4
Nivolumab,0.6,92,kdeg,4.5e-4,4.5e-4,1/min,20262024,2.463722308630747e-4,2.463722308630747e-4
Nivolumab,0.6,93,Kd (FcRn),0.39,0.39,µmol/l,20262020,1.0225398972656257,1.0225398972656257
Nivolumab,0.6,93,Target Kd,0.00145,0.00145,µmol/l,20262021,0.0027950698727063606,0.0027950698727063606
Nivolumab,0.6,93,koff,0.114,0.114,1/min,20262022,0.03919026238014166,0.03919026238014166
Nivolumab,0.6,93,kint,4.5e-4,4.5e-4,1/min,20262023,2.986069954332451e-4,2.986069954332451e-4
Nivolumab,0.6,93,kdeg,4.5e-4,4.5e-4,1/min,20262024,5.82426651503949e-4,5.82426651503949e-4
Nivolumab,0.6,94,Kd (FcRn),0.39,0.39,µmol/l,20262020,0.41285632301658,0.41285632301658
Nivolumab,0.6,94,Target Kd,0.00145,0.00145,µmol/l,20262021,0.0020004871686780342,0.0020004871686780342
Nivolumab,0.6,94,koff,0.114,0.114,1/min,20262022,0.10160790718296533,0.10160790718296533
Nivolumab,0.6,94,kint,4.5e-4,4.5e-4,1/min,20262023,3.086977151407342e-4,3.086977151407342e-4
Nivolumab,0.6,94,kdeg,4.5e-4,4.5e-4,1/min,20262024,1.1833326545261148e-4,1.1833326545261148e-4
Nivolumab,0.6,95,Kd (FcRn),0.39,0.39,µmol/l,20262020,0.36417827900769656,0.36417827900769656
Nivolumab,0.6,95,Target Kd,0.00145,0.00145,µmol/l,20262021,0.001227597501986939,0.001227597501986939
Nivolumab,0.6,95,koff,0.114,0.114,1/min,20262022,0.07085732344298576,0.07085732344298576
Nivolumab,0.6,95,kint,4.5e-4,4.5e-4,1/min,20262023,7.102262158021609e-4,7.102262158021609e-4
Nivolumab,0.6,95,kdeg,4.5e-4,4.5e-4,1/min,20262024,2.0122963903397012e-4,2.0122963903397012e-4
Nivolumab,0.6,96,Kd (FcRn),0.39,0.39,µmol/l,20262020,0.5620904516984141,0.5620904516984141
Nivolumab,0.6,96,Target Kd,0.00145,0.00145,µmol/l,20262021,0.0015449930927899363,0.0015449930927899363
Nivolumab,0.6,96,koff,0.114,0.114,1/min,20262022,0.31245871608845377,0.3124587160884538
Nivolumab,0.6,96,kint,4.5e-4,4.5e-4,1/min,20262023,2.0855787588384088e-4,2.0855787588384088e-4
Nivolumab,0.6,96,kdeg,4.5e-4,4.5e-4,1/min,20262024,1.3108833867887695e-4,1.3108833867887695e-4
Nivolumab,0.6,97,Kd (FcRn),0.39,0.39,µmol/l,20262020,0.4499642856970911,0.4499642856970911
Nivolumab,0.6,97,Target Kd,0.00145,0.00145,µmol/l,20262021,0.0015639666755164745,0.0015639666755164745
Nivolumab,0.6,97,koff,0.114,0.114,1/min,20262022,0.0435908800458428,0.0435908800458428
Nivolumab,0.6,97,kint,4.5e-4,4.5e-4,1/min,20262023,4.8751787351759515e-4,4.8751787351759515e-4
Nivolumab,0.6,97,kdeg,4.5e-4,4.5e-4,1/min,20262024,7.117904538509949e-4,7.117904538509949e-4
Nivolumab,0.6,98,Kd (FcRn),0.39,0.39,µmol/l,20262020,0.5298471681502029,0.5298471681502029
Nivolumab,0.6,98,Target Kd,0.00145,0.00145,µmol/l,20262021,9.188288649810607e-4,9.188288649810606e-4
Nivolumab,0.6,98,koff,0.114,0.114,1/min,20262022,0.0722864146408781,0.07228641464087808
Nivolumab,0.6,98,kint,4.5e-4,4.5e-4,1/min,20262023,3.044508992694952e-4,3.044508992694952e-4
Nivolumab,0.6,98,kdeg,4.5e-4,4.5e-4,1/min,20262024,2.3415504423938564e-4,2.3415504423938564e-4
Nivolumab,0.6,99,Kd (FcRn),0.39,0.39,µmol/l,20262020,0.170220472867946,0.170220472867946
Nivolumab,0.6,99,Target Kd,0.00145,0.00145,µmol/l,20262021,0.0014024899113975176,0.0014024899113975176
Nivolumab,0.6,99,koff,0.114,0.114,1/min,20262022,0.1376533202310719,0.1376533202310719
Nivolumab,0.6,99,kint,4.5e-4,4.5e-4,1/min,20262023,3.6462584031134675e-4,3.6462584031134675e-4
Nivolumab,0.6,99,kdeg,4.5e-4,4.5e-4,1/min,20262024,4.7193348674945217e-4,4.7193348674945217e-4
Nivolumab,0.6,100,Kd (FcRn),0.39,0.39,µmol/l,20262020,1.5959651454317734,1.5959651454317734
Nivolumab,0.6,100,Target Kd,0.00145,0.00145,µmol/l,20262021,0.001233737740346029,0.001233737740346029
Nivolumab,0.6,100,koff,0.114,0.114,1/min,20262022,0.03735338806744172,0.03735338806744172
Nivolumab,0.6,100,kint,4.5e-4,4.5e-4,1/min,20262023,2.3740802248402418e-4,2.3740802248402418e-4
Nivolumab,0.6,100,kdeg,4.5e-4,4.5e-4,1/min,20262024,1.660069304844158e-4,1.660069304844158e-4
