Molecule,Dose_mg_kg,Time_h,Conc_ug_mL
Golimumab,0.1,0.25,2.594721782952547
Golimumab,0.1,0.5,2.4988140910863876
Golimumab,0.1,1,2.395306807011366
Golimumab,0.1,2,2.2865939419716597
Golimumab,0.1,3,2.20949943177402
Golimumab,0.1,4,2.1426763851195574
Golimumab,0.1,5,2.0822026301175356
Golimumab,0.1,6,2.026605326682329
Golimumab,0.1,7,1.9750024192035198
Golimumab,0.1,8,1.9267786759883165
Golimumab,0.1,9,1.8814793787896633
Golimumab,0.1,10,1.8387562595307827
Golimumab,0.1,11,1.798334252089262
Golimumab,0.1,12,1.7599910963326693
Golimumab,0.1,13,1.7235422506928444
Golimumab,0.1,14,1.6888320911675692
Golimumab,0.1,15,1.6557267867028713
Golimumab,0.1,16,1.6241096891462803
Golimumab,0.1,17,1.5938779804855585
Golimumab,0.1,18,1.5649398788809776
Golimumab,0.1,19,1.5372125431895256
Golimumab,0.1,20,1.5106212347745895
Golimumab,0.1,21,1.4850976411253214
Golimumab,0.1,22,1.4605788979679346
Golimumab,0.1,23,1.437007449567318
Golimumab,0.1,24,1.4143297914415598
Golimumab,0.1,25,1.3924967497587204
Golimumab,0.1,26,1.3714620843529701
Golimumab,0.1,27,1.3511830475181341
Golimumab,0.1,28,1.3316195458173752
Golimumab,0.1,29,1.3127344194799662
Golimumab,0.1,30,1.2944926042109728
Golimumab,0.1,31,1.2768611311912537
Golimumab,0.1,32,1.2598094064742327
Golimumab,0.1,33,1.2433083727955818
Golimumab,0.1,34,1.227331068366766
Golimumab,0.1,35,1.2118516489863396
Golimumab,0.1,36,1.1968462262302637
Golimumab,0.1,37,1.182292029261589
Golimumab,0.1,38,1.1681676842272282
Golimumab,0.1,39,1.1544531444087625
Golimumab,0.1,40,1.1411292711272836
Golimumab,0.1,41,1.1281781131401658
Golimumab,0.1,42,1.1155826970934868
Golimumab,0.1,43,1.1033269576728344
Golimumab,0.1,44,1.0913957376033068
Golimumab,0.1,45,1.0797747178003192
Golimumab,0.1,46,1.0684502078220248
Golimumab,0.1,47,1.057409425266087
Golimumab,0.1,48,1.046640146523714
Golimumab,0.1,49,1.036130846478045
Golimumab,0.1,50,1.0258704889565706
Golimumab,0.1,51,1.0158488061279058
Golimumab,0.1,52,1.006055879406631
Golimumab,0.1,53,0.9964824188500643
Golimumab,0.1,54,0.9871194139122963
Golimumab,0.1,55,0.9779585525393486
Golimumab,0.1,56,0.9689918020740151
Golimumab,0.1,57,0.9602114791050553
Golimumab,0.1,58,0.9516103891655803
Golimumab,0.1,59,0.9431816171854734
Golimumab,0.1,60,0.9349186671897769
Golimumab,0.1,61,0.926815252751112
Golimumab,0.1,62,0.9188655065372586
Golimumab,0.1,63,0.9110636310651898
Golimumab,0.1,64,0.9034043876454234
Golimumab,0.1,65,0.8958825375884771
Golimumab,0.1,66,0.8884932613000274
Golimumab,0.1,67,0.8812318090349436
Golimumab,0.1,68,0.8740937802940607
Golimumab,0.1,69,0.867074984125793
Golimumab,0.1,70,0.8601712295785546
Golimumab,0.1,71,0.8533788146451116
Golimumab,0.1,72,0.8466938277706504
Golimumab,0.1,73,0.8401129860430956
Golimumab,0.1,74,0.8336327271535993
Golimumab,0.1,75,0.827249838039279
Golimumab,0.1,76,0.8209613850340247
Golimumab,0.1,77,0.8147642249241471
Golimumab,0.1,78,0.8086557034403086
Golimumab,0.1,79,0.8026330266147852
Golimumab,0.1,80,0.7966936100274324
Golimumab,0.1,81,0.790835008956492
Golimumab,0.1,82,0.7850548485293984
Golimumab,0.1,83,0.7793508935719728
Golimumab,0.1,84,0.773720839060843
Golimumab,0.1,85,0.7681627990677953
Golimumab,0.1,86,0.7626746082678437
Golimumab,0.1,87,0.7572543807327747
Golimumab,0.1,88,0.7519003702327609
Golimumab,0.1,89,0.7466106908395886
Golimumab,0.1,90,0.7413836661726236
Golimumab,0.1,91,0.7362177595496178
Golimumab,0.1,92,0.7311113644391298
Golimumab,0.1,93,0.7260628743097186
Golimumab,0.1,94,0.7210710318759084
Golimumab,0.1,95,0.716134300455451
Golimumab,0.1,96,0.7112514227628708
Golimumab,0.1,97,0.7064210716634989
Golimumab,0.1,98,0.7016420597210526
Golimumab,0.1,99,0.6969131296500564
Golimumab,0.1,100,0.6922331638634205
Golimumab,0.1,101,0.6876011146232486
Golimumab,0.1,102,0.6830158643424511
Golimumab,0.1,103,0.6784764351323247
Golimumab,0.1,104,0.673981849104166
Golimumab,0.1,105,0.6695310585200787
Golimumab,0.1,106,0.6651232251897454
Golimumab,0.1,107,0.6607574410736561
Golimumab,0.1,108,0.6564328679814935
Golimumab,0.1,109,0.6521487375721335
Golimumab,0.1,110,0.647904141806066
Golimumab,0.1,111,0.64369838219136
Golimumab,0.1,112,0.6395306903868914
Golimumab,0.1,113,0.6354004377499223
Golimumab,0.1,114,0.6313067860901356
Golimumab,0.1,115,0.6272491067647934
Golimumab,0.1,116,0.6232269108295441
Golimumab,0.1,117,0.6192393600940704
Golimumab,0.1,118,0.6152859656140208
Golimumab,0.1,119,0.6113660987466574
Golimumab,0.1,120,0.6074792006984353
Golimumab,0.1,121,0.6036247126758099
Golimumab,0.1,122,0.5998021457344294
Golimumab,0.1,123,0.596010941080749
Golimumab,0.1,124,0.5922506097704172
Golimumab,0.1,125,0.5885206628590822
Golimumab,0.1,126,0.5848206114023924
Golimumab,0.1,127,0.5811500363051891
Golimumab,0.1,128,0.5775084835477173
Golimumab,0.1,129,0.5738954641856253
Golimumab,0.1,130,0.5703106638975441
Golimumab,0.1,131,0.5667535937391222
Golimumab,0.1,132,0.5632238695397973
Golimumab,0.1,133,0.5597211420536041
Golimumab,0.1,134,0.5562450271099806
Golimumab,0.1,135,0.5527951405383646
Golimumab,0.1,136,0.5493711330927908
Golimumab,0.1,137,0.5459726904518902
Golimumab,0.1,138,0.5425994633696973
Golimumab,0.1,139,0.5392511026002467
Golimumab,0.1,140,0.5359272938221693
Golimumab,0.1,141,0.5326277576386929
Golimumab,0.1,142,0.5293521448038518
Golimumab,0.1,143,0.5261002108454704
Golimumab,0.1,144,0.5228716414421797
Golimumab,0.1,145,0.5196661921218038
Golimumab,0.1,146,0.5164835136383772
Golimumab,0.1,147,0.5133234313689172
Golimumab,0.1,148,0.5101856309920549
Golimumab,0.1,149,0.5070698331110179
Golimumab,0.1,150,0.5039758631028235
Golimumab,0.1,151,0.5009034066461027
Golimumab,0.1,152,0.4978522891178727
Golimumab,0.1,153,0.49482223112136126
Golimumab,0.1,154,0.491813023108989
Golimumab,0.1,155,0.48882445553317666
Golimumab,0.1,156,0.4858562839217484
Golimumab,0.1,157,0.4829083336517215
Golimumab,0.1,158,0.47998036025092006
Golimumab,0.1,159,0.47707215417176485
Golimumab,0.1,160,0.47418357571586967
Golimumab,0.1,161,0.4713143454864621
Golimumab,0.1,162,0.46846435870975256
Golimumab,0.1,163,0.46563337091356516
Golimumab,0.1,164,0.4628211725503206
Golimumab,0.1,165,0.4600276588462293
Golimumab,0.1,166,0.45725262025371194
Golimumab,0.1,167,0.45449588214978576
Golimumab,0.1,168,0.4517572349868715
Golimumab,0.1,169,0.44903657399117947
Golimumab,0.1,170,0.4463336896151304
Golimumab,0.1,171,0.44364844216033816
Golimumab,0.1,172,0.4409806919284165
Golimumab,0.1,173,0.4383302293717861
Golimumab,0.1,174,0.4356969497166574
Golimumab,0.1,175,0.4330806783400476
Golimumab,0.1,176,0.4304812755435705
Golimumab,0.1,177,0.42789860162883997
Golimumab,0.1,178,0.4253324819728732
Golimumab,0.1,179,0.4227828118018806
Golimumab,0.1,180,0.42024945141747594
Golimumab,0.1,181,0.41773226112127304
Golimumab,0.1,182,0.41523106629028916
Golimumab,0.1,183,0.41274576215073466
Golimumab,0.1,184,0.4102762439288199
Golimumab,0.1,185,0.40782237192615867
Golimumab,0.1,186,0.4053840064443648
Golimumab,0.1,187,0.40296100778505206
Golimumab,0.1,188,0.40055327117443085
Golimumab,0.1,189,0.3981606918387115
Golimumab,0.1,190,0.39578313007950783
Golimumab,0.1,191,0.3934204811230302
Golimumab,0.1,192,0.3910726052708924
Golimumab,0.1,193,0.38873939774930477
Golimumab,0.1,194,0.38642078870907426
Golimumab,0.1,195,0.3841166035272181
Golimumab,0.1,196,0.3818267723545432
Golimumab,0.1,197,0.3795511554926634
Golimumab,0.1,198,0.37728968309238553
Golimumab,0.1,199,0.37504221545532346
Golimumab,0.1,200,0.37280868273228407
Golimumab,0.1,201,0.37058894522488117
Golimumab,0.1,202,0.36838293308392167
Golimumab,0.1,203,0.3661905066110194
Golimumab,0.1,204,0.36401163088157773
Golimumab,0.1,205,0.361846131272614
Golimumab,0.1,206,0.35969397285953164
Golimumab,0.1,207,0.35755501594394445
Golimumab,0.1,208,0.35542919067665935
Golimumab,0.1,209,0.3533164272084832
Golimumab,0.1,210,0.35121655091643333
Golimumab,0.1,211,0.3491295618005097
Golimumab,0.1,212,0.3470553201623261
Golimumab,0.1,213,0.34499375615268946
Golimumab,0.1,214,0.3429447300732136
Golimumab,0.1,215,0.34090824192389846
Golimumab,0.1,216,0.3388841520063579
Golimumab,0.1,217,0.3368723555468023
Golimumab,0.1,218,0.33487281762063503
Golimumab,0.1,219,0.3328854334540665
Golimumab,0.1,220,0.3309100982733071
Golimumab,0.1,221,0.3289467771537602
Golimumab,0.1,222,0.32699533039703965
Golimumab,0.1,223,0.3250557230785489
Golimumab,0.1,224,0.3231278504244983
Golimumab,0.1,225,0.3212116425856948
Golimumab,0.1,226,0.3193070297129452
Golimumab,0.1,227,0.31741390703246
Golimumab,0.1,228,0.3155322396196425
Golimumab,0.1,229,0.31366192270070314
Golimumab,0.1,230,0.3118028864264488
Golimumab,0.1,231,0.30995506094768643
Golimumab,0.1,232,0.30811834149062634
Golimumab,0.1,233,0.306292693130672
Golimumab,0.1,234,0.30447804601863027
Golimumab,0.1,235,0.30267429538071156
Golimumab,0.1,236,0.3008814062923193
Golimumab,0.1,237,0.29909927397966385
Golimumab,0.1,238,0.2973278285935521
Golimumab,0.1,239,0.29556703520938754
Golimumab,0.1,240,0.29381682397797704
Golimumab,0.1,241,0.29207709012553096
Golimumab,0.1,242,0.2903477812651545
Golimumab,0.1,243,0.2886288275476545
Golimumab,0.1,244,0.2869201765861362
Golimumab,0.1,245,0.2852217585314065
Golimumab,0.1,246,0.2835335035342723
Golimumab,0.1,247,0.2818553417455405
Golimumab,0.1,248,0.280187203316018
Golimumab,0.1,249,0.2785290533211082
Golimumab,0.1,250,0.27688078698702157
Golimumab,0.1,251,0.27524238685145974
Golimumab,0.1,252,0.2736137481406331
Golimumab,0.1,253,0.2719948533922434
Golimumab,0.1,254,0.27038559783250093
Golimumab,0.1,255,0.2687859465368092
Golimumab,0.1,256,0.2671958296559751
Golimumab,0.1,257,0.2656151948031038
Golimumab,0.1,258,0.2640439721290022
Golimumab,0.1,259,0.2624821092467755
Golimumab,0.1,260,0.2609295363072306
Golimumab,0.1,261,0.2593862183857709
Golimumab,0.1,262,0.2578520856332034
Golimumab,0.1,263,0.2563270856626332
Golimumab,0.1,264,0.2548111486248672
Golimumab,0.1,265,0.2533042221330106
Golimumab,0.1,266,0.25180625380016863
Golimumab,0.1,267,0.2503171912394464
Golimumab,0.1,268,0.2488369820639491
Golimumab,0.1,269,0.24736555642448366
Golimumab,0.1,270,0.24590286193415523
Golimumab,0.1,271,0.24444886366836727
Golimumab,0.1,272,0.24300350924022496
Golimumab,0.1,273,0.24156671133823693
Golimumab,0.1,274,0.2401384525001049
Golimumab,0.1,275,0.2387186628766358
Golimumab,0.1,276,0.23730729008093476
Golimumab,0.1,277,0.235904281726107
Golimumab,0.1,278,0.23450960288755596
Golimumab,0.1,279,0.23312318371608853
Golimumab,0.1,280,0.23174498928710818
Golimumab,0.1,281,0.2303749497514218
Golimumab,0.1,282,0.22901303018443286
Golimumab,0.1,283,0.2276591956615448
Golimumab,0.1,284,0.22631335887126625
Golimumab,0.1,285,0.22497550235129893
Golimumab,0.1,286,0.22364555625244975
Golimumab,0.1,287,0.22232348565012217
Golimumab,0.1,288,0.22100923815742135
Golimumab,0.1,289,0.21970277884975076
Golimumab,0.1,290,0.2184040378779173
Golimumab,0.1,291,0.2171129803173244
Golimumab,0.1,292,0.21582955378107727
Golimumab,0.1,293,0.21455372334457934
Golimumab,0.1,294,0.21328545408323407
Golimumab,0.1,295,0.2120246586855501
Golimumab,0.1,296,0.21077131968922913
Golimumab,0.1,297,0.20952540216967463
Golimumab,0.1,298,0.2082868362776935
Golimumab,0.1,299,0.20705560455098748
Golimumab,0.1,300,0.20583163714036345
Golimumab,0.1,301,0.20461489912122488
Golimumab,0.1,302,0.2034053555689752
Golimumab,0.1,303,0.20220295409671962
Golimumab,0.1,304,0.20100765977986157
Golimumab,0.1,305,0.19981940276920795
Golimumab,0.1,306,0.19863818306475878
Golimumab,0.1,307,0.19746393081732094
Golimumab,0.1,308,0.1962966111022979
Golimumab,0.1,309,0.1951361889950931
Golimumab,0.1,310,0.19398261210881174
Golimumab,0.1,311,0.19283582805655897
Golimumab,0.1,312,0.1916958368383348
Golimumab,0.1,313,0.19056255114264786
Golimumab,0.1,314,0.18943597096949816
Golimumab,0.1,315,0.1883160264696926
Golimumab,0.1,316,0.1872026827186346
Golimumab,0.1,317,0.18609592225402594
Golimumab,0.1,318,0.18499567522667348
Golimumab,0.1,319,0.18390192417427897
Golimumab,0.1,320,0.18281463417224586
Golimumab,0.1,321,0.18173373537138104
Golimumab,0.1,322,0.18065922777168453
Golimumab,0.1,323,0.1795910415239632
Golimumab,0.1,324,0.17852915916591883
Golimumab,0.1,325,0.17747354577295482
Golimumab,0.1,326,0.17642414895817637
Golimumab,0.1,327,0.17538093379698694
Golimumab,0.1,328,0.17434386536478996
Golimumab,0.1,329,0.1733129087369889
Golimumab,0.1,330,0.17228804645128548
Golimumab,0.1,331,0.1712692086584866
Golimumab,0.1,332,0.170256377896294
Golimumab,0.1,333,0.16924950177781284
Golimumab,0.1,334,0.16824858030304313
Golimumab,0.1,335,0.16725354362279177
Golimumab,0.1,336,0.16626437427476048
Golimumab,0.1,337,0.16528101987205446
Golimumab,0.1,338,0.16430348041467369
Golimumab,0.1,339,0.16333168605342507
Golimumab,0.1,340,0.16236561932601035
Golimumab,0.1,341,0.16140522784553468
Golimumab,0.1,342,0.16045051161199808
Golimumab,0.1,343,0.15950141823850572
Golimumab,0.1,344,0.15855791280046105
Golimumab,0.1,345,0.15761994291096926
Golimumab,0.1,346,0.1566875260323286
Golimumab,0.1,347,0.15576057485304773
Golimumab,0.1,348,0.1548391068354249
Golimumab,0.1,349,0.15392305213026702
Golimumab,0.1,350,0.15301237581297755
Golimumab,0.1,351,0.15210707788355649
Golimumab,0.1,352,0.151207105955109
Golimumab,0.1,353,0.15031244256533682
Golimumab,0.1,354,0.14942303532734513
Golimumab,0.1,355,0.14853886677883565
Golimumab,0.1,356,0.14765990199521184
Golimumab,0.1,357,0.14678610605187714
Golimumab,0.1,358,0.14591746148653328
Golimumab,0.1,359,0.14505392464343458
Golimumab,0.1,360,0.14419546932913363
Golimumab,0.1,361,0.143342069350183
Golimumab,0.1,362,0.14249369851313531
Golimumab,0.1,363,0.14165031316224486
Golimumab,0.1,364,0.14081189583521336
Golimumab,0.1,365,0.13997840287629515
Golimumab,0.1,366,0.13914982555434108
Golimumab,0.1,367,0.13832612021360546
Golimumab,0.1,368,0.1375072606606409
Golimumab,0.1,369,0.13669322070199996
Golimumab,0.1,370,0.13588397414423525
Golimumab,0.1,371,0.13507948606275022
Golimumab,0.1,372,0.13427973026409745
Golimumab,0.1,373,0.13348468055482954
Golimumab,0.1,374,0.13269431074149907
Golimumab,0.1,375,0.1319085858995095
Golimumab,0.1,376,0.13112748856656253
Golimumab,0.1,377,0.1303509925492108
Golimumab,0.1,378,0.12957905419170856
Golimumab,0.1,379,0.12881166476290673
Golimumab,0.1,380,0.12804878933820873
Golimumab,0.1,381,0.12729039299301803
Golimumab,0.1,382,0.12653646699618548
Golimumab,0.1,383,0.12578697642311454
Golimumab,0.1,384,0.1250418950803578
Golimumab,0.1,385,0.12430118804331869
Golimumab,0.1,386,0.1235648465808481
Golimumab,0.1,387,0.12283283576834947
Golimumab,0.1,388,0.12210512941237539
Golimumab,0.1,389,0.12138170131947845
Golimumab,0.1,390,0.12066253402736038
Golimumab,0.1,391,0.11994759261142462
Golimumab,0.1,392,0.11923685960937291
Golimumab,0.1,393,0.11853030882775784
Golimumab,0.1,394,0.11782790534198284
Golimumab,0.1,395,0.1171296404208988
Golimumab,0.1,396,0.11643548787105829
Golimumab,0.1,397,0.11574540403671563
Golimumab,0.1,398,0.11505938891787082
Golimumab,0.1,399,0.11437740758992732
Golimumab,0.1,400,0.1136994338594377
Golimumab,0.1,401,0.11302545026410371
Golimumab,0.1,402,0.11235543061047792
Golimumab,0.1,403,0.11168934870511293
Golimumab,0.1,404,0.11102718708571047
Golimumab,0.1,405,0.11036891955882311
Golimumab,0.1,406,0.10971452866215259
Golimumab,0.1,407,0.10906397947110236
Golimumab,0.1,408,0.10841725452337414
Golimumab,0.1,409,0.10777433635666966
Golimumab,0.1,410,0.10713520750869066
Golimumab,0.1,411,0.10649982432369143
Golimumab,0.1,412,0.10586818680167198
Golimumab,0.1,413,0.10524026001803577
Golimumab,0.1,414,0.10461602651048452
Golimumab,0.1,415,0.10399546008557081
Golimumab,0.1,416,0.10337855201214552
Golimumab,0.1,417,0.10276526736561209
Golimumab,0.1,418,0.10215558868367225
Golimumab,0.1,419,0.10154949850402772
Golimumab,0.1,420,0.1009469706332311
Golimumab,0.1,421,0.10034797887783498
Golimumab,0.1,422,0.09975252323783934
Golimumab,0.1,423,0.09916056005749851
Golimumab,0.1,424,0.09857208060566336
Golimumab,0.1,425,0.09798705868888646
Golimumab,0.1,426,0.09740548557601869
Golimumab,0.1,427,0.0968273263424635
Golimumab,0.1,428,0.09625257225707173
Golimumab,0.1,429,0.09568118839524686
Golimumab,0.1,430,0.09511317475698888
Golimumab,0.1,431,0.09454849641770124
Golimumab,0.1,432,0.09398714464623481
Golimumab,0.1,433,0.09342908451799303
Golimumab,0.1,434,0.09287431603297591
Golimumab,0.1,435,0.0923228042665869
Golimumab,0.1,436,0.09177454048767686
Golimumab,0.1,437,0.09122949850279838
Golimumab,0.1,438,0.09068766084965318
Golimumab,0.1,439,0.090149010065943
Golimumab,0.1,440,0.08961351995822042
Golimumab,0.1,441,0.08908119052648544
Golimumab,0.1,442,0.08855198684614152
Golimumab,0.1,443,0.08802590018603951
Golimumab,0.1,444,0.08750289562158287
Golimumab,0.1,445,0.08698298188392073
Golimumab,0.1,446,0.08646611531730741
Golimumab,0.1,447,0.08595228719059378
Golimumab,0.1,448,0.08544148877263069
Golimumab,0.1,449,0.08493369386997074
Golimumab,0.1,450,0.08442887628916651
Golimumab,0.1,451,0.083927036030218
Golimumab,0.1,452,0.08342814689967781
Golimumab,0.1,453,0.08293219143524766
Golimumab,0.1,454,0.08243915217462927
Golimumab,0.1,455,0.08194901165552437
Golimumab,0.1,456,0.08146175241563469
Golimumab,0.1,457,0.08097735699266195
Golimumab,0.1,458,0.08049581665545702
Golimumab,0.1,459,0.08001710521057248
Golimumab,0.1,460,0.0795412139268592
Golimumab,0.1,461,0.07906811661086977
Golimumab,0.1,462,0.07859780453145504
Golimumab,0.1,463,0.07813025149516761
Golimumab,0.1,464,0.07766545750200748
Golimumab,0.1,465,0.07720339635852724
Golimumab,0.1,466,0.07674405060242862
Golimumab,0.1,467,0.07628740277141333
Golimumab,0.1,468,0.07583344413433224
Golimumab,0.1,469,0.07538215722888708
Golimumab,0.1,470,0.07493352459277958
Golimumab,0.1,471,0.07448752876371145
Golimumab,0.1,472,0.07404416101053357
Golimumab,0.1,473,0.07360339513979852
Golimumab,0.1,474,0.07316522242035717
Golimumab,0.1,475,0.0727296297554858
Golimumab,0.1,476,0.07229659968288615
Golimumab,0.1,477,0.07186611474025995
Golimumab,0.1,478,0.07143816183088347
Golimumab,0.1,479,0.07101272785803303
Golimumab,0.1,480,0.07058979972498491
Golimumab,0.1,481,0.07016935560386628
Golimumab,0.1,482,0.06975138239795342
Golimumab,0.1,483,0.0693358713760972
Golimumab,0.1,484,0.06892280507599935
Golimumab,0.1,485,0.06851217040093616
Golimumab,0.1,486,0.06810394988860935
Golimumab,0.1,487,0.06769812607672065
Golimumab,0.1,488,0.0672946945996955
Golimumab,0.1,489,0.06689363799523562
Golimumab,0.1,490,0.06649493880104274
Golimumab,0.1,491,0.06609858392039314
Golimumab,0.1,492,0.0657045646221377
Golimumab,0.1,493,0.06531285907840356
Golimumab,0.1,494,0.06492346292361617
Golimumab,0.1,495,0.06453635432990268
Golimumab,0.1,496,0.06415152456611395
Golimumab,0.1,497,0.06376895616995171
Golimumab,0.1,498,0.06338864477584139
Golimumab,0.1,499,0.06301056419033557
Golimumab,0.1,500,0.06263471441343427
Golimumab,0.1,501,0.06226107361726463
Golimumab,0.1,502,0.06188962870510295
Golimumab,0.1,503,0.061520375311374664
Golimumab,0.1,504,0.06115329160820693
Golimumab,0.1,505,0.060788364498876035
Golimumab,0.1,506,0.06042558961780742
Golimumab,0.1,507,0.0600649495027028
Golimumab,0.1,508,0.05970643105683848
Golimumab,0.1,509,0.05935002118349075
Golimumab,0.1,510,0.05899570678593591
Golimumab,0.1,511,0.05864348349859938
Golimumab,0.1,512,0.058293329493608326
Golimumab,0.1,513,0.05794523603981361
Golimumab,0.1,514,0.05759919004049152
Golimumab,0.1,515,0.05725518276449293
Golimumab,0.1,516,0.056913201115094125
Golimumab,0.1,517,0.056573231995571405
Golimumab,0.1,518,0.05623526230920106
Golimumab,0.1,519,0.05589928332483396
Golimumab,0.1,520,0.055565277580171824
Golimumab,0.1,521,0.055233240709640086
Golimumab,0.1,522,0.05490315961651504
Golimumab,0.1,523,0.05457502120407298
Golimumab,0.1,524,0.054248812375590205
Golimumab,0.1,525,0.05392452876549214
Golimumab,0.1,526,0.05360214854590595
Golimumab,0.1,527,0.053281667351257056
Golimumab,0.1,528,0.05296307645039633
Golimumab,0.1,529,0.05264635838102549
Golimumab,0.1,530,0.05233150441199541
Golimumab,0.1,531,0.052018505812156945
Golimumab,0.1,532,0.05170734511921182
Golimumab,0.1,533,0.05139802233316004
Golimumab,0.1,534,0.05109051562612876
Golimumab,0.1,535,0.05078482499811798
Golimumab,0.1,536,0.05048093298682943
Golimumab,0.1,537,0.0501788264955394
Golimumab,0.1,538,0.049878501158673316
Golimumab,0.1,539,0.04957994387950748
Golimumab,0.1,540,0.04928314592689276
Golimumab,0.1,541,0.04898809420410544
Golimumab,0.1,542,0.04869477997999638
Golimumab,0.1,543,0.04840319452341646
Golimumab,0.1,544,0.04811332473764196
Golimumab,0.1,545,0.04782516625709832
Golimumab,0.1,546,0.047538701619487256
Golimumab,0.1,547,0.04725392209365964
Golimumab,0.1,548,0.0469708233140409
Golimumab,0.1,549,0.04668938781833276
Golimumab,0.1,550,0.04640961124096066
Golimumab,0.1,551,0.04613148485077545
Golimumab,0.1,552,0.045854995551053435
Golimumab,0.1,553,0.04558013461064547
Golimumab,0.1,554,0.04530689329840243
Golimumab,0.1,555,0.045035262883175164
Golimumab,0.1,556,0.044765230268239975
Golimumab,0.1,557,0.04449679108802229
Golimumab,0.1,558,0.04422992788022384
Golimumab,0.1,559,0.04396464064484462
Golimumab,0.1,560,0.04370091628516093
Golimumab,0.1,561,0.043438746070023626
Golimumab,0.1,562,0.043178121268283576
Golimumab,0.1,563,0.04291902878321707
Golimumab,0.1,564,0.042661468614824116
Golimumab,0.1,565,0.042405418935231864
Golimumab,0.1,566,0.042150884110014886
Golimumab,0.1,567,0.041897846676874906
Golimumab,0.1,568,0.04164629790466279
Golimumab,0.1,569,0.04139623779337853
Golimumab,0.1,570,0.041147644515149295
Golimumab,0.1,571,0.04090052243554965
Golimumab,0.1,572,0.04065485409228131
Golimumab,0.1,573,0.040410630754195154
Golimumab,0.1,574,0.04016785242129117
Golimumab,0.1,575,0.039926501631271094
Golimumab,0.1,576,0.03968657401856035
Golimumab,0.1,577,0.0394480608520098
Golimumab,0.1,578,0.039210953400470316
Golimumab,0.1,579,0.03897524293279275
Golimumab,0.1,580,0.038740920717827976
Golimumab,0.1,581,0.038507982390001416
Golimumab,0.1,582,0.03827641921816394
Golimumab,0.1,583,0.038046218105591834
Golimumab,0.1,584,0.037817374686710536
Golimumab,0.1,585,0.03758988459594548
Golimumab,0.1,586,0.03736373037099838
Golimumab,0.1,587,0.03713891201186925
Golimumab,0.1,588,0.03691542078740895
Golimumab,0.1,589,0.036693243600893766
Golimumab,0.1,590,0.036472380452323705
Golimumab,0.1,591,0.03625281824497506
Golimumab,0.1,592,0.03603455261327326
Golimumab,0.1,593,0.03581757264328189
Golimumab,0.1,594,0.035601871786639094
Golimumab,0.1,595,0.0353874456777703
Golimumab,0.1,596,0.03517428340273909
Golimumab,0.1,597,0.03496237623039633
Golimumab,0.1,598,0.03475172197795473
Golimumab,0.1,599,0.03454230973147787
Golimumab,0.1,600,0.0343341329426039
Golimumab,0.1,601,0.03412718288018368
Golimumab,0.1,602,0.033921455178642645
Golimumab,0.1,603,0.033716941106831655
Golimumab,0.1,604,0.03351363411638886
Golimumab,0.1,605,0.0333115276589524
Golimumab,0.1,606,0.033110613003373146
Golimumab,0.1,607,0.03291088360128924
Golimumab,0.1,608,0.03271233290433884
Golimumab,0.1,609,0.032514954364160076
Golimumab,0.1,610,0.03231874143239111
Golimumab,0.1,611,0.032123685377882794
Golimumab,0.1,612,0.03192978183506057
Golimumab,0.1,613,0.03173702207277529
Golimumab,0.1,614,0.03154539954266511
Golimumab,0.1,615,0.03135490987915546
Golimumab,0.1,616,0.031165544351097196
Golimumab,0.1,617,0.030977296410128474
Golimumab,0.1,618,0.030790159507887438
Golimumab,0.1,619,0.03060412927879952
Golimumab,0.1,620,0.03041919699171558
Golimumab,0.1,621,0.03023535609827377
Golimumab,0.1,622,0.030052600050112233
Golimumab,0.1,623,0.029870924481656402
Golimumab,0.1,624,0.02969032066175714
Golimumab,0.1,625,0.029510786407627165
Golimumab,0.1,626,0.029332310805330053
Golimumab,0.1,627,0.02915488730650395
Golimumab,0.1,628,0.02897851591114886
Golimumab,0.1,629,0.028803183522541076
Golimumab,0.1,630,0.028628887957893312
Golimumab,0.1,631,0.028455622668843716
Golimumab,0.1,632,0.028283378924243152
Golimumab,0.1,633,0.028112154541304335
Golimumab,0.1,634,0.027941942971665412
Golimumab,0.1,635,0.027772735484177247
Golimumab,0.1,636,0.027604529896052554
Golimumab,0.1,637,0.027437317476142198
Golimumab,0.1,638,0.027271091676084325
Golimumab,0.1,639,0.02710585031309165
Golimumab,0.1,640,0.02694158465601504
Golimumab,0.1,641,0.02677829033927992
Golimumab,0.1,642,0.026615962997311726
Golimumab,0.1,643,0.02645459389896132
Golimumab,0.1,644,0.026294178678654134
Golimumab,0.1,645,0.0261347129708156
Golimumab,0.1,646,0.025976188044296578
Golimumab,0.1,647,0.025818601716309786
Golimumab,0.1,648,0.02566194743849337
Golimumab,0.1,649,0.025506220845272765
Golimumab,0.1,650,0.02535141320549883
Golimumab,0.1,651,0.02519752233638428
Golimumab,0.1,652,0.025044541689567268
Golimumab,0.1,653,0.02489246689947322
Golimumab,0.1,654,0.024741291417740285
Golimumab,0.1,655,0.02459100869600661
Golimumab,0.1,656,0.024441616551484913
Golimumab,0.1,657,0.024293108435813338
Golimumab,0.1,658,0.024145477800630033
Golimumab,0.1,659,0.023998722463147715
Golimumab,0.1,660,0.02385283587500453
Golimumab,0.1,661,0.023707811487838626
Golimumab,0.1,662,0.023563644936075434
Golimumab,0.1,663,0.02342033403692767
Golimumab,0.1,664,0.023277870059246197
Golimumab,0.1,665,0.023136248637456447
Golimumab,0.1,666,0.022995467588771135
Golimumab,0.1,667,0.022855518182041124
Golimumab,0.1,668,0.022716400417266414
Golimumab,0.1,669,0.022578103380510584
Golimumab,0.1,670,0.022440627071773633
Golimumab,0.1,671,0.02230396494269371
Golimumab,0.1,672,0.022168112627696246
Golimumab,1,0.25,25.94703733921051
Golimumab,1,0.5,24.987128376960754
Golimumab,1,1,23.949911445379257
Golimumab,1,2,22.858987748622894
Golimumab,1,3,22.084886580705643
Golimumab,1,4,21.413952112197876
Golimumab,1,5,20.80688327550888
Golimumab,1,6,20.248889923095703
Golimumab,1,7,19.731107354164124
Golimumab,1,8,19.247348606586456
Golimumab,1,9,18.79303604364395
Golimumab,1,10,18.364662677049637
Golimumab,1,11,17.959459125995636
Golimumab,1,12,17.575182393193245
Golimumab,1,13,17.20997281372547
Golimumab,1,14,16.862261295318604
Golimumab,1,15,16.53069779276848
Golimumab,1,16,16.214105486869812
Golimumab,1,17,15.911447256803513
Golimumab,1,18,15.621794387698174
Golimumab,1,19,15.344315394759178
Golimumab,1,20,15.078253671526909
Golimumab,1,21,14.82291966676712
Golimumab,1,22,14.577681943774223
Golimumab,1,23,14.341959357261658
Golimumab,1,24,14.115213230252266
Golimumab,1,25,13.896945118904114
Golimumab,1,26,13.686691224575043
Golimumab,1,27,13.48402127623558
Golimumab,1,28,13.288530707359314
Golimumab,1,29,13.099845126271248
Golimumab,1,30,12.917610257863998
Golimumab,1,31,12.741496413946152
Golimumab,1,32,12.571195140480995
Golimumab,1,33,12.40641362965107
Golimumab,1,34,12.246880307793617
Golimumab,1,35,12.092337012290955
Golimumab,1,36,11.942542344331741
Golimumab,1,37,11.797267198562622
Golimumab,1,38,11.656296998262405
Golimumab,1,39,11.519430577754974
Golimumab,1,40,11.386474594473839
Golimumab,1,41,11.257249116897583
Golimumab,1,42,11.131585389375687
Golimumab,1,43,11.009320244193077
Golimumab,1,44,10.890301689505577
Golimumab,1,45,10.774385556578636
Golimumab,1,46,10.66143661737442
Golimumab,1,47,10.551324114203453
Golimumab,1,48,10.443927347660065
Golimumab,1,49,10.339130088686943
Golimumab,1,50,10.236820578575134
Golimumab,1,51,10.13689711689949
Golimumab,1,52,10.039260238409042
Golimumab,1,53,9.943816065788269
Golimumab,1,54,9.850474074482918
Golimumab,1,55,9.759152680635452
Golimumab,1,56,9.669769182801247
Golimumab,1,57,9.582248702645302
Golimumab,1,58,9.496517479419708
Golimumab,1,59,9.412507340312004
Golimumab,1,60,9.330152347683907
Golimumab,1,61,9.249390475451946
Golimumab,1,62,9.170161932706833
Golimumab,1,63,9.092409722507
Golimumab,1,64,9.016080759465694
Golimumab,1,65,8.941123075783253
Golimumab,1,66,8.86748805642128
Golimumab,1,67,8.795128762722015
Golimumab,1,68,8.724001049995422
Golimumab,1,69,8.654061891138554
Golimumab,1,70,8.585270494222641
Golimumab,1,71,8.517589420080185
Golimumab,1,72,8.450980111956596
Golimumab,1,73,8.385408483445644
Golimumab,1,74,8.320840448141098
Golimumab,1,75,8.25724359601736
Golimumab,1,76,8.19458719342947
Golimumab,1,77,8.132842183113098
Golimumab,1,78,8.071979507803917
Golimumab,1,79,8.011972904205322
Golimumab,1,80,7.952796667814255
Golimumab,1,81,7.894425094127655
Golimumab,1,82,7.836835831403732
Golimumab,1,83,7.780005410313606
Golimumab,1,84,7.723912037909031
Golimumab,1,85,7.66853503882885
Golimumab,1,86,7.613854855298996
Golimumab,1,87,7.5598519295454025
Golimumab,1,88,7.506507821381092
Golimumab,1,89,7.453805208206177
Golimumab,1,90,7.401726767420769
Golimumab,1,91,7.3502568528056145
Golimumab,1,92,7.299379259347916
Golimumab,1,93,7.249079458415508
Golimumab,1,94,7.199342921376228
Golimumab,1,95,7.150155678391457
Golimumab,1,96,7.101504877209663
Golimumab,1,97,7.053377106785774
Golimumab,1,98,7.005760073661804
Golimumab,1,99,6.958642043173313
Golimumab,1,100,6.912011839449406
Golimumab,1,101,6.865858845412731
Golimumab,1,102,6.8201713263988495
Golimumab,1,103,6.774940341711044
Golimumab,1,104,6.730155274271965
Golimumab,1,105,6.685807183384895
Golimumab,1,106,6.641886010766029
Golimumab,1,107,6.598384492099285
Golimumab,1,108,6.555292569100857
Golimumab,1,109,6.512602977454662
Golimumab,1,110,6.47030733525753
Golimumab,1,111,6.4283983781933784
Golimumab,1,112,6.38686828315258
Golimumab,1,113,6.345710903406143
Golimumab,1,114,6.304917857050896
Golimumab,1,115,6.26448355615139
Golimumab,1,116,6.224401295185089
Golimumab,1,117,6.184664927423
Golimumab,1,118,6.145268306136131
Golimumab,1,119,6.1062052845954895
Golimumab,1,120,6.067470833659172
Golimumab,1,121,6.0290588065981865
Golimumab,1,122,5.99096417427063
Golimumab,1,123,5.953182466328144
Golimumab,1,124,5.915707536041737
Golimumab,1,125,5.878534913063049
Golimumab,1,126,5.841660685837269
Golimumab,1,127,5.8050792664289474
Golimumab,1,128,5.768786743283272
Golimumab,1,129,5.7327792048454285
Golimumab,1,130,5.697051621973515
Golimumab,1,131,5.661600083112717
Golimumab,1,132,5.626421794295311
Golimumab,1,133,5.59151116758585
Golimumab,1,134,5.556865967810154
Golimumab,1,135,5.522481724619865
Golimumab,1,136,5.48835564404726
Golimumab,1,137,5.45448325574398
Golimumab,1,138,5.420862324535847
Golimumab,1,139,5.387488938868046
Golimumab,1,140,5.354359745979309
Golimumab,1,141,5.3214725106954575
Golimumab,1,142,5.288823880255222
Golimumab,1,143,5.256410501897335
Golimumab,1,144,5.224229581654072
Golimumab,1,145,5.1922788843512535
Golimumab,1,146,5.1605550572276115
Golimumab,1,147,5.129056423902512
Golimumab,1,148,5.09777907282114
Golimumab,1,149,5.066721886396408
Golimumab,1,150,5.035880953073502
Golimumab,1,151,5.0052545964717865
Golimumab,1,152,4.9748411402106285
Golimumab,1,153,4.944636672735214
Golimumab,1,154,4.914640635251999
Golimumab,1,155,4.884849116206169
Golimumab,1,156,4.85526155680418
Golimumab,1,157,4.825875163078308
Golimumab,1,158,4.796687141060829
Golimumab,1,159,4.7676969319581985
Golimumab,1,160,4.738901183009148
Golimumab,1,161,4.710298776626587
Golimumab,1,162,4.68188775703311
Golimumab,1,163,4.653665889054537
Golimumab,1,164,4.6256317757070065
Golimumab,1,165,4.5977831818163395
Golimumab,1,166,4.570118431001902
Golimumab,1,167,4.542636126279831
Golimumab,1,168,4.515334032475948
Golimumab,1,169,4.488211032003164
Golimumab,1,170,4.4612654484808445
Golimumab,1,171,4.43449504673481
Golimumab,1,172,4.407898988574743
Golimumab,1,173,4.381475318223238
Golimumab,1,174,4.355222638696432
Golimumab,1,175,4.329139553010464
Golimumab,1,176,4.3032243847846985
Golimumab,1,177,4.2774757370352745
Golimumab,1,178,4.25189221277833
Golimumab,1,179,4.226472415030003
Golimumab,1,180,4.201214946806431
Golimumab,1,181,4.176118411123753
Golimumab,1,182,4.151181410998106
Golimumab,1,183,4.126403108239174
Golimumab,1,184,4.10178154706955
Golimumab,1,185,4.077315889298916
Golimumab,1,186,4.053004737943411
Golimumab,1,187,4.028846975415945
Golimumab,1,188,4.004840925335884
Golimumab,1,189,3.9809860289096832
Golimumab,1,190,3.957280609756708
Golimumab,1,191,3.9337238296866417
Golimumab,1,192,3.910314291715622
Golimumab,1,193,3.8870508782565594
Golimumab,1,194,3.863932751119137
Golimumab,1,195,3.8409585133194923
Golimumab,1,196,3.8181270472705364
Golimumab,1,197,3.795437514781952
Golimumab,1,198,3.772888518869877
Golimumab,1,199,3.7504795007407665
Golimumab,1,200,3.7282087840139866
Golimumab,1,201,3.7060760892927647
Golimumab,1,202,3.6840797401964664
Golimumab,1,203,3.662218898534775
Golimumab,1,204,3.640493005514145
Golimumab,1,205,3.618900664150715
Golimumab,1,206,3.597440756857395
Golimumab,1,207,3.576112724840641
Golimumab,1,208,3.554915450513363
Golimumab,1,209,3.5338480956852436
Golimumab,1,210,3.512909822165966
Golimumab,1,211,3.4920995123684406
Golimumab,1,212,3.471416048705578
Golimumab,1,213,3.4508591517806053
Golimumab,1,214,3.430427424609661
Golimumab,1,215,3.410120029002428
Golimumab,1,216,3.3899364061653614
Golimumab,1,217,3.369875717908144
Golimumab,1,218,3.3499368466436863
Golimumab,1,219,3.330118954181671
Golimumab,1,220,3.3104214817285538
Golimumab,1,221,3.2908433116972446
Golimumab,1,222,3.2713836058974266
Golimumab,1,223,3.2520420849323273
Golimumab,1,224,3.2328173518180847
Golimumab,1,225,3.213708847761154
Golimumab,1,226,3.194716013967991
Golimumab,1,227,3.1758377328515053
Golimumab,1,228,3.1570734456181526
Golimumab,1,229,3.1384223140776157
Golimumab,1,230,3.1198835000395775
Golimumab,1,231,3.101456444710493
Golimumab,1,232,3.0831403099000454
Golimumab,1,233,3.0649342574179173
Golimumab,1,234,3.0468380078673363
Golimumab,1,235,3.0288501642644405
Golimumab,1,236,3.01097072660923
Golimumab,1,237,2.9931985773146152
Golimumab,1,238,2.975532878190279
Golimumab,1,239,2.957973349839449
Golimumab,1,240,2.9405188746750355
Golimumab,1,241,2.9231691733002663
Golimumab,1,242,2.905923407524824
Golimumab,1,243,2.8887810185551643
Golimumab,1,244,2.8717411682009697
Golimumab,1,245,2.854803018271923
Golimumab,1,246,2.837966289371252
Golimumab,1,247,2.821230422705412
Golimumab,1,248,2.804594300687313
Golimumab,1,249,2.788057643920183
Golimumab,1,250,2.771619614213705
Golimumab,1,251,2.7552799321711063
Golimumab,1,252,2.7390374802052975
Golimumab,1,253,2.7228922583162785
Golimumab,1,254,2.7068428695201874
Golimumab,1,255,2.6908895932137966
Golimumab,1,256,2.6750310324132442
Golimumab,1,257,2.659266907721758
Golimumab,1,258,2.643596939742565
Golimumab,1,259,2.6280200108885765
Golimumab,1,260,2.6125358417630196
Golimumab,1,261,2.5971438735723495
Golimumab,1,262,2.5818435475230217
Golimumab,1,263,2.566634025424719
Golimumab,1,264,2.5515147484838963
Golimumab,1,265,2.536485716700554
Golimumab,1,266,2.5215458124876022
Golimumab,1,267,2.5066944770514965
Golimumab,1,268,2.4919314309954643
Golimumab,1,269,2.477256115525961
Golimumab,1,270,2.4626679718494415
Golimumab,1,271,2.448166161775589
Golimumab,1,272,2.4337506853044033
Golimumab,1,273,2.419420424848795
Golimumab,1,274,2.405175380408764
Golimumab,1,275,2.391014713793993
Golimumab,1,276,2.3769378662109375
Golimumab,1,277,2.362944558262825
Golimumab,1,278,2.3490342311561108
Golimumab,1,279,2.33520632609725
Golimumab,1,280,2.321460284292698
Golimumab,1,281,2.3077955469489098
Golimumab,1,282,2.294211834669113
Golimumab,1,283,2.280708448961377
Golimumab,1,284,2.2672851104289293
Golimumab,1,285,2.2539411205798388
Golimumab,1,286,2.240676060318947
Golimumab,1,287,2.227489650249481
Golimumab,1,288,2.2143810521811247
Golimumab,1,289,2.201349986717105
Golimumab,1,290,2.1883961744606495
Golimumab,1,291,2.1755187772214413
Golimumab,1,292,2.162717515602708
Golimumab,1,293,2.1499919705092907
Golimumab,1,294,2.137341583147645
Golimumab,1,295,2.1247660741209984
Golimumab,1,296,2.11226474493742
Golimumab,1,297,2.099837316200137
Golimumab,1,298,2.0874832291156054
Golimumab,1,299,2.075202204287052
Golimumab,1,300,2.0629936829209328
Golimumab,1,301,2.0508572459220886
Golimumab,1,302,2.038792474195361
Golimumab,1,303,2.0267989486455917
Golimumab,1,304,2.0148761104792356
Golimumab,1,305,2.0030238199979067
Golimumab,1,306,1.9912413787096739
Golimumab,1,307,1.9795283675193787
Golimumab,1,308,1.9678846467286348
Golimumab,1,309,1.9563095178455114
Golimumab,1,310,1.944802701473236
Golimumab,1,311,1.9333637785166502
Golimumab,1,312,1.9219923298805952
Golimumab,1,313,1.9106877967715263
Golimumab,1,314,1.8994501791894436
Golimumab,1,315,1.8882786389440298
Golimumab,1,316,1.8771730363368988
Golimumab,1,317,1.866132952272892
Golimumab,1,318,1.8551578279584646
Golimumab,1,319,1.8442475236952305
Golimumab,1,320,1.8334014806896448
Golimumab,1,321,1.822619279846549
Golimumab,1,322,1.811900781467557
Golimumab,1,323,1.8012452870607376
Golimumab,1,324,1.7906526569277048
Golimumab,1,325,1.7801224719733
Golimumab,1,326,1.7696543131023645
Golimumab,1,327,1.75924776121974
Golimumab,1,328,1.74890267662704
Golimumab,1,329,1.7386183608323336
Golimumab,1,330,1.7283946741372347
Golimumab,1,331,1.7182311974465847
Golimumab,1,332,1.7081276513636112
Golimumab,1,333,1.6980834770947695
Golimumab,1,334,1.6880985349416733
Golimumab,1,335,1.678172405809164
Golimumab,1,336,1.6683046706020832
Golimumab,1,337,1.6584950499236584
Golimumab,1,338,1.648743124678731
Golimumab,1,339,1.6390487551689148
Golimumab,1,340,1.629411382600665
Golimumab,1,341,1.6198307275772095
Golimumab,1,342,1.6103065107017756
Golimumab,1,343,1.6008383128792048
Golimumab,1,344,1.5914258547127247
Golimumab,1,345,1.5820687171071768
Golimumab,1,346,1.5727667603641748
Golimumab,1,347,1.5635195653885603
Golimumab,1,348,1.5543267130851746
Golimumab,1,349,1.5451879240572453
Golimumab,1,350,1.536102918908
Golimumab,1,351,1.5270714182406664
Golimumab,1,352,1.518093142658472
Golimumab,1,353,1.5091675333678722
Golimumab,1,354,1.500294590368867
Golimumab,1,355,1.4914737548679113
Golimumab,1,356,1.482704747468233
Golimumab,1,357,1.473987428471446
Golimumab,1,358,1.4653213787823915
Golimumab,1,359,1.456706179305911
Golimumab,1,360,1.4481418300420046
Golimumab,1,361,1.4396277721971273
Golimumab,1,362,1.4311638660728931
Golimumab,1,363,1.4227496925741434
Golimumab,1,364,1.4143849723041058
Golimumab,1,365,1.4060694258660078
Golimumab,1,366,1.3978029135614634
Golimumab,1,367,1.3895848765969276
Golimumab,1,368,1.3814151752740145
Golimumab,1,369,1.3732936698943377
Golimumab,1,370,1.3652198016643524
Golimumab,1,371,1.3571934308856726
Golimumab,1,372,1.3492141384631395
Golimumab,1,373,1.3412819243967533
Golimumab,1,374,1.3333963695913553
Golimumab,1,375,1.325557054951787
Golimumab,1,376,1.3177638407796621
Golimumab,1,377,1.3100165873765945
Golimumab,1,378,1.3023147359490395
Golimumab,1,379,1.2946582864969969
Golimumab,1,380,1.287046680226922
Golimumab,1,381,1.279479917138815
Golimumab,1,382,1.2719577178359032
Golimumab,1,383,1.2644796632230282
Golimumab,1,384,1.2570456136018038
Golimumab,1,385,1.2496551498770714
Golimumab,1,386,1.242308272048831
Golimumab,1,387,1.2350044213235378
Golimumab,1,388,1.227743597701192
Golimumab,1,389,1.2205255217850208
Golimumab,1,390,1.213349774479866
Golimumab,1,391,1.2062162160873413
Golimumab,1,392,1.1991245672106743
Golimumab,1,393,1.1920746881514788
Golimumab,1,394,1.1850661598145962
Golimumab,1,395,1.1780988425016403
Golimumab,1,396,1.1711724568158388
Golimumab,1,397,1.1642867932096124
Golimumab,1,398,1.1574416421353817
Golimumab,1,399,1.1506366543471813
Golimumab,1,400,1.143871690146625
Golimumab,1,401,1.1371464701369405
Golimumab,1,402,1.1304607847705483
Golimumab,1,403,1.1238144244998693
Golimumab,1,404,1.117207040078938
Golimumab,1,405,1.1106385616585612
Golimumab,1,406,1.1041086399927735
Golimumab,1,407,1.0976171353831887
Golimumab,1,408,1.0911636985838413
Golimumab,1,409,1.0847482597455382
Golimumab,1,410,1.078370469622314
Golimumab,1,411,1.0720301885157824
Golimumab,1,412,1.065727137029171
Golimumab,1,413,1.0594611056149006
Golimumab,1,414,1.053231954574585
Golimumab,1,415,1.0470393346622586
Golimumab,1,416,1.0408831760287285
Golimumab,1,417,1.034763129428029
Golimumab,1,418,1.0286790551617742
Golimumab,1,419,1.0226307436823845
Golimumab,1,420,1.0166179854422808
Golimumab,1,421,1.0106405010446906
Golimumab,1,422,1.004698220640421
Golimumab,1,423,0.9987907949835062
Golimumab,1,424,0.9929180843755603
Golimumab,1,425,0.9870798792690039
Golimumab,1,426,0.9812759701162577
Golimumab,1,427,0.9755061473697424
Golimumab,1,428,0.9697702014818788
Golimumab,1,429,0.9640679927542806
Golimumab,1,430,0.9583993116393685
Golimumab,1,431,0.9527638787403703
Golimumab,1,432,0.9471616242080927
Golimumab,1,433,0.9415921987965703
Golimumab,1,434,0.93605553265661
Golimumab,1,435,0.9305514162406325
Golimumab,1,436,0.9250796400010586
Golimumab,1,437,0.9196399245411158
Golimumab,1,438,0.9142322698608041
Golimumab,1,439,0.9088563267141581
Golimumab,1,440,0.9035119554027915
Golimumab,1,441,0.8981990162283182
Golimumab,1,442,0.8929172297939658
Golimumab,1,443,0.8876665262505412
Golimumab,1,444,0.8824466960504651
Golimumab,1,445,0.8772574597969651
Golimumab,1,446,0.8720987476408482
Golimumab,1,447,0.8669702801853418
Golimumab,1,448,0.861871987581253
Golimumab,1,449,0.8568036602810025
Golimumab,1,450,0.851765088737011
Golimumab,1,451,0.8467561332508922
Golimumab,1,452,0.8417765842750669
Golimumab,1,453,0.8368263021111488
Golimumab,1,454,0.8319050772115588
Golimumab,1,455,0.8270127698779106
Golimumab,1,456,0.8221491705626249
Golimumab,1,457,0.8173141395673156
Golimumab,1,458,0.8125075371935964
Golimumab,1,459,0.807729153893888
Golimumab,1,460,0.8029788499698043
Golimumab,1,461,0.798256485722959
Golimumab,1,462,0.793561851605773
Golimumab,1,463,0.7888947380706668
Golimumab,1,464,0.7842550752684474
Golimumab,1,465,0.7796426536515355
Golimumab,1,466,0.7750573335215449
Golimumab,1,467,0.7704989053308964
Golimumab,1,468,0.7659672992303967
Golimumab,1,469,0.7614623056724668
Golimumab,1,470,0.7569837849587202
Golimumab,1,471,0.7525315275415778
Golimumab,1,472,0.7481054635718465
Golimumab,1,473,0.7437053835019469
Golimumab,1,474,0.739331147633493
Golimumab,1,475,0.7349826162680984
Golimumab,1,476,0.7306595798581839
Golimumab,1,477,0.7263619685545564
Golimumab,1,478,0.7220896426588297
Golimumab,1,479,0.7178423227742314
Golimumab,1,480,0.7136200089007616
Golimumab,1,481,0.7094224914908409
Golimumab,1,482,0.7052496308460832
Golimumab,1,483,0.7011012872681022
Golimumab,1,484,0.6969772512093186
Golimumab,1,485,0.6928775226697326
Golimumab,1,486,0.6888018222525716
Golimumab,1,487,0.6847500801086426
Golimumab,1,488,0.6807220866903663
Golimumab,1,489,0.6767177721485496
Golimumab,1,490,0.6727369967848063
Golimumab,1,491,0.6687796209007502
Golimumab,1,492,0.664845434948802
Golimumab,1,493,0.6609344389289618
Golimumab,1,494,0.657046353444457
Golimumab,1,495,0.6531811086460948
Golimumab,1,496,0.6493385648354888
Golimumab,1,497,0.6455185823142529
Golimumab,1,498,0.6417210213840008
Golimumab,1,499,0.6379458121955395
Golimumab,1,500,0.6341927452012897
Golimumab,1,501,0.6304617505520582
Golimumab,1,502,0.6267526187002659
Golimumab,1,503,0.6230653496459126
Golimumab,1,504,0.6193996639922261
Golimumab,1,505,0.6157555617392063
Golimumab,1,506,0.6121328333392739
Golimumab,1,507,0.6085314089432359
Golimumab,1,508,0.6049510790035129
Golimumab,1,509,0.6013918435201049
Golimumab,1,510,0.5978534230962396
Golimumab,1,511,0.59433588758111
Golimumab,1,512,0.5908389575779438
Golimumab,1,513,0.5873625632375479
Golimumab,1,514,0.5839065997861326
Golimumab,1,515,0.5804709275253117
Golimumab,1,516,0.5770554416812956
Golimumab,1,517,0.5736600025556982
Golimumab,1,518,0.5702845402993262
Golimumab,1,519,0.566928880289197
Golimumab,1,520,0.5635929177515209
Golimumab,1,521,0.5602765479125082
Golimumab,1,522,0.5569796659983695
Golimumab,1,523,0.5537021323107183
Golimumab,1,524,0.5504438770003617
Golimumab,1,525,0.5472047603689134
Golimumab,1,526,0.5439846427179873
Golimumab,1,527,0.5407834541983902
Golimumab,1,528,0.5376010551117361
Golimumab,1,529,0.5344373406842351
Golimumab,1,530,0.5312922061420977
Golimumab,1,531,0.5281655467115343
Golimumab,1,532,0.5250572576187551
Golimumab,1,533,0.5219672340899706
Golimumab,1,534,0.5188953364267945
Golimumab,1,535,0.5158414947800338
Golimumab,1,536,0.5128056043758988
Golimumab,1,537,0.5097875255160034
Golimumab,1,538,0.5067871534265578
Golimumab,1,539,0.5038044531829655
Golimumab,1,540,0.5008392152376473
Golimumab,1,541,0.4978914395906031
Golimumab,1,542,0.49496095161885023
Golimumab,1,543,0.49204768147319555
Golimumab,1,544,0.4891514894552529
Golimumab,1,545,0.4862723406404257
Golimumab,1,546,0.48341009533032775
Golimumab,1,547,0.480564683675766
Golimumab,1,548,0.47773593105375767
Golimumab,1,549,0.4749238374643028
Golimumab,1,550,0.47212826320901513
Golimumab,1,551,0.46934906858950853
Golimumab,1,552,0.46658621868118644
Golimumab,1,553,0.4638396087102592
Golimumab,1,554,0.4611090989783406
Golimumab,1,555,0.45839465456083417
Golimumab,1,556,0.45569613575935364
Golimumab,1,557,0.45301347272470593
Golimumab,1,558,0.4503465606831014
Golimumab,1,559,0.44769529486075044
Golimumab,1,560,0.44505964033305645
Golimumab,1,561,0.4424394224770367
Golimumab,1,562,0.4398346063680947
Golimumab,1,563,0.43724512215703726
Golimumab,1,564,0.43467083014547825
Golimumab,1,565,0.432111625559628
Golimumab,1,566,0.42956747347489
Golimumab,1,567,0.42703826911747456
Golimumab,1,568,0.42452390771359205
Golimumab,1,569,0.4220243194140494
Golimumab,1,570,0.41953943436965346
Golimumab,1,571,0.4170691128820181
Golimumab,1,572,0.4146133200265467
Golimumab,1,573,0.41217191610485315
Golimumab,1,574,0.40974486619234085
Golimumab,1,575,0.4073321004398167
Golimumab,1,576,0.40493347914889455
Golimumab,1,577,0.40254893247038126
Golimumab,1,578,0.4001784254796803
Golimumab,1,579,0.3978218184784055
Golimumab,1,580,0.3954790416173637
Golimumab,1,581,0.3931500599719584
Golimumab,1,582,0.3908347338438034
Golimumab,1,583,0.3885329933837056
Golimumab,1,584,0.3862448036670685
Golimumab,1,585,0.3839700249955058
Golimumab,1,586,0.38170862244442105
Golimumab,1,587,0.37946049124002457
Golimumab,1,588,0.37722556153312325
Golimumab,1,589,0.375003763474524
Golimumab,1,590,0.37279502721503377
Golimumab,1,591,0.37059924798086286
Golimumab,1,592,0.3684163559228182
Golimumab,1,593,0.3662463161163032
Golimumab,1,594,0.36408898886293173
Golimumab,1,595,0.3619443392381072
Golimumab,1,596,0.35981229739263654
Golimumab,1,597,0.35769279347732663
Golimumab,1,598,0.3555856877937913
Golimumab,1,599,0.3534910152666271
Golimumab,1,600,0.35140860127285123
Golimumab,1,601,0.34933844581246376
Golimumab,1,602,0.3472804091870785
Golimumab,1,603,0.3452344913966954
Golimumab,1,604,0.3432005876675248
Golimumab,1,605,0.3411786281503737
Golimumab,1,606,0.3391685429960489
Golimumab,1,607,0.3371702623553574
Golimumab,1,608,0.33518371637910604
Golimumab,1,609,0.33320883521810174
Golimumab,1,610,0.33124558394774795
Golimumab,1,611,0.32929382286965847
Golimumab,1,612,0.3273535519838333
Golimumab,1,613,0.32542466651648283
Golimumab,1,614,0.3235070966184139
Golimumab,1,615,0.32160080736503005
Golimumab,1,616,0.31970569398254156
Golimumab,1,617,0.3178217215463519
Golimumab,1,618,0.315948820207268
Golimumab,1,619,0.31408692011609674
Golimumab,1,620,0.312235951423645
Golimumab,1,621,0.3103958792053163
Golimumab,1,622,0.3085665637627244
Golimumab,1,623,0.30674804002046585
Golimumab,1,624,0.30494016828015447
Golimumab,1,625,0.3031429136171937
Golimumab,1,626,0.301356241106987
Golimumab,1,627,0.2995800459757447
Golimumab,1,628,0.2978142583742738
Golimumab,1,629,0.29605887830257416
Golimumab,1,630,0.2943138009868562
Golimumab,1,631,0.2925789565779269
Golimumab,1,632,0.29085431015118957
Golimumab,1,633,0.2891398093197495
Golimumab,1,634,0.28743536677211523
Golimumab,1,635,0.285740930121392
Golimumab,1,636,0.284056446980685
Golimumab,1,637,0.28238186496309936
Golimumab,1,638,0.280717114219442
Golimumab,1,639,0.2790621423628181
Golimumab,1,640,0.2774168795440346
Golimumab,1,641,0.2757812908384949
Golimumab,1,642,0.2741553063970059
Golimumab,1,643,0.27253887383267283
Golimumab,1,644,0.27093194075860083
Golimumab,1,645,0.2693344373255968
Golimumab,1,646,0.2677463286090642
Golimumab,1,647,0.2661675272975117
Golimumab,1,648,0.26459801592864096
Golimumab,1,649,0.2630377246532589
Golimumab,1,650,0.2614865836221725
Golimumab,1,651,0.2599445579107851
Golimumab,1,652,0.2584115951322019
Golimumab,1,653,0.25688762543722987
Golimumab,1,654,0.2553726313635707
Golimumab,1,655,0.2538665081374347
Golimumab,1,656,0.2523692382965237
Golimumab,1,657,0.2508807694539428
Golimumab,1,658,0.24940104922279716
Golimumab,1,659,0.24793000775389373
Golimumab,1,660,0.24646761012263596
Golimumab,1,661,0.24501380394212902
Golimumab,1,662,0.24356853682547808
Golimumab,1,663,0.24213175638578832
Golimumab,1,664,0.2407034276984632
Golimumab,1,665,0.23928348091430962
Golimumab,1,666,0.23787186364643276
Golimumab,1,667,0.23646854097023606
Golimumab,1,668,0.235073477961123
Golimumab,1,669,0.23368658730760217
Golimumab,1,670,0.23230785154737532
Golimumab,1,671,0.23093721829354763
Golimumab,1,672,0.22957463515922427
Golimumab,3,0.25,77.83918082714081
Golimumab,3,0.5,74.9533474445343
Golimumab,3,1,71.82661145925522
Golimumab,3,2,68.52748990058899
Golimumab,3,3,66.18334650993347
Golimumab,3,4,64.15189504623413
Golimumab,3,5,62.31461763381958
Golimumab,3,6,60.62673032283783
Golimumab,3,7,59.06132161617279
Golimumab,3,8,57.599566876888275
Golimumab,3,9,56.227536499500275
Golimumab,3,10,54.93452847003937
Golimumab,3,11,53.712098300457
Golimumab,3,12,52.55339294672012
Golimumab,3,13,51.45273059606552
Golimumab,3,14,50.40530115365982
Golimumab,3,15,49.40698742866516
Golimumab,3,16,48.45418184995651
Golimumab,3,17,47.54370599985123
Golimumab,3,18,46.67273014783859
Golimumab,3,19,45.8387017250061
Golimumab,3,20,45.039305090904236
Golimumab,3,21,44.27243918180466
Golimumab,3,22,43.536168336868286
Golimumab,3,23,42.828722298145294
Golimumab,3,24,42.148447036743164
Golimumab,3,25,41.49382710456848
Golimumab,3,26,40.86344987154007
Golimumab,3,27,40.25600105524063
Golimumab,3,28,39.670246839523315
Golimumab,3,29,39.105042815208435
Golimumab,3,30,38.55932056903839
Golimumab,3,31,38.03206980228424
Golimumab,3,32,37.52235174179077
Golimumab,3,33,37.02928125858307
Golimumab,3,34,36.552026867866516
Golimumab,3,35,36.089806258678436
Golimumab,3,36,35.64188852906227
Golimumab,3,37,35.20757853984833
Golimumab,3,38,34.786225855350494
Golimumab,3,39,34.377218037843704
Golimumab,3,40,33.97997170686722
Golimumab,3,41,33.59394147992134
Golimumab,3,42,33.218611031770706
Golimumab,3,43,32.853493094444275
Golimumab,3,44,32.49812722206116
Golimumab,3,45,32.15207755565643
Golimumab,3,46,31.814930588006973
Golimumab,3,47,31.48629739880562
Golimumab,3,48,31.16580694913864
Golimumab,3,49,30.853110551834106
Golimumab,3,50,30.54787740111351
Golimumab,3,51,30.249792337417603
Golimumab,3,52,29.958558082580566
Golimumab,3,53,29.67388853430748
Golimumab,3,54,29.395519942045212
Golimumab,3,55,29.123197495937347
Golimumab,3,56,28.85667532682419
Golimumab,3,57,28.595727682113647
Golimumab,3,58,28.340133279561996
Golimumab,3,59,28.08968648314476
Golimumab,3,60,27.84418836236
Golimumab,3,61,27.603451162576675
Golimumab,3,62,27.367298305034637
Golimumab,3,63,27.135557681322098
Golimumab,3,64,26.908068358898163
Golimumab,3,65,26.684673875570297
Golimumab,3,66,26.46522894501686
Golimumab,3,67,26.24959498643875
Golimumab,3,68,26.037635654211044
Golimumab,3,69,25.829223543405533
Golimumab,3,70,25.624237954616547
Golimumab,3,71,25.422562658786774
Golimumab,3,72,25.22408589720726
Golimumab,3,73,25.02870485186577
Golimumab,3,74,24.836314469575882
Golimumab,3,75,24.64682087302208
Golimumab,3,76,24.46013242006302
Golimumab,3,77,24.276157468557358
Golimumab,3,78,24.09481331706047
Golimumab,3,79,23.91601949930191
Golimumab,3,80,23.73970001935959
Golimumab,3,81,23.565778881311417
Golimumab,3,82,23.394186794757843
Golimumab,3,83,23.224854469299316
Golimumab,3,84,23.057717084884644
Golimumab,3,85,22.89271429181099
Golimumab,3,86,22.72978574037552
Golimumab,3,87,22.568873316049576
Golimumab,3,88,22.409921139478683
Golimumab,3,89,22.252880036830902
Golimumab,3,90,22.097696363925934
Golimumab,3,91,21.94432094693184
Golimumab,3,92,21.792711317539215
Golimumab,3,93,21.6428205370903
Golimumab,3,94,21.494603902101517
Golimumab,3,95,21.348023414611816
Golimumab,3,96,21.203036606311798
Golimumab,3,97,21.059607714414597
Golimumab,3,98,20.91769650578499
Golimumab,3,99,20.777271687984467
Golimumab,3,100,20.638297498226166
Golimumab,3,101,20.5007404088974
Golimumab,3,102,20.36457136273384
Golimumab,3,103,20.229756832122803
Golimumab,3,104,20.096269994974136
Golimumab,3,105,19.964081794023514
Golimumab,3,106,19.833165407180786
Golimumab,3,107,19.703494012355804
Golimumab,3,108,19.5750430226326
Golimumab,3,109,19.44778561592102
Golimumab,3,110,19.321701675653458
Golimumab,3,111,19.19676661491394
Golimumab,3,112,19.072960317134857
Golimumab,3,113,18.950260430574417
Golimumab,3,114,18.82864460349083
Golimumab,3,115,18.70809495449066
Golimumab,3,116,18.58859248459339
Golimumab,3,117,18.470117077231407
Golimumab,3,118,18.352653086185455
Golimumab,3,119,18.236181512475014
Golimumab,3,120,18.12068559229374
Golimumab,3,121,18.00614967942238
Golimumab,3,122,17.892558127641678
Golimumab,3,123,17.779895290732384
Golimumab,3,124,17.668145522475243
Golimumab,3,125,17.55729652941227
Golimumab,3,126,17.44733154773712
Golimumab,3,127,17.338240519165993
Golimumab,3,128,17.23000667989254
Golimumab,3,129,17.122619971632957
Golimumab,3,130,17.01606698334217
Golimumab,3,131,16.910336539149284
Golimumab,3,132,16.805415228009224
Golimumab,3,133,16.701292991638184
Golimumab,3,134,16.597958654165268
Golimumab,3,135,16.49540103971958
Golimumab,3,136,16.39361009001732
Golimumab,3,137,16.292576864361763
Golimumab,3,138,16.19228906929493
Golimumab,3,139,16.092737764120102
Golimumab,3,140,15.993915125727654
Golimumab,3,141,15.895809978246689
Golimumab,3,142,15.798414498567581
Golimumab,3,143,15.701720863580704
Golimumab,3,144,15.605717897415161
Golimumab,3,145,15.510400012135506
Golimumab,3,146,15.415758267045021
Golimumab,3,147,15.32178483903408
Golimumab,3,148,15.228470787405968
Golimumab,3,149,15.135810524225235
Golimumab,3,150,15.043796226382256
Golimumab,3,151,14.952420070767403
Golimumab,3,152,14.861675351858139
Golimumab,3,153,14.771555364131927
Golimumab,3,154,14.682052284479141
Golimumab,3,155,14.593161642551422
Golimumab,3,156,14.504876732826233
Golimumab,3,157,14.417188614606857
Golimumab,3,158,14.330095052719116
Golimumab,3,159,14.243587106466293
Golimumab,3,160,14.157659187912941
Golimumab,3,161,14.07230794429779
Golimumab,3,162,13.987524434924126
Golimumab,3,163,13.903305307030678
Golimumab,3,164,13.81964385509491
Golimumab,3,165,13.736536726355553
Golimumab,3,166,13.65397609770298
Golimumab,3,167,13.571958616375923
Golimumab,3,168,13.490478694438934
Golimumab,3,169,13.409530743956566
Golimumab,3,170,13.32911141216755
Golimumab,3,171,13.249215111136436
Golimumab,3,172,13.16983625292778
Golimumab,3,173,13.090971484780312
Golimumab,3,174,13.012616336345673
Golimumab,3,175,12.934766337275505
Golimumab,3,176,12.857415899634361
Golimumab,3,177,12.780561670660973
Golimumab,3,178,12.70420029759407
Golimumab,3,179,12.628325074911118
Golimumab,3,180,12.552934885025024
Golimumab,3,181,12.478023022413254
Golimumab,3,182,12.403588369488716
Golimumab,3,183,12.329624220728874
Golimumab,3,184,12.256128340959549
Golimumab,3,185,12.183096259832382
Golimumab,3,186,12.110524624586105
Golimumab,3,187,12.03841008245945
Golimumab,3,188,11.966748163104057
Golimumab,3,189,11.895536631345749
Golimumab,3,190,11.824769899249077
Golimumab,3,191,11.754445731639862
Golimumab,3,192,11.684561893343925
Golimumab,3,193,11.61511279642582
Golimumab,3,194,11.546096205711365
Golimumab,3,195,11.477508768439293
Golimumab,3,196,11.409346014261246
Golimumab,3,197,11.341607943177223
Golimumab,3,198,11.274287849664688
Golimumab,3,199,11.207384616136551
Golimumab,3,200,11.140894889831543
Golimumab,3,201,11.074815317988396
Golimumab,3,202,11.00914254784584
Golimumab,3,203,10.943874344229698
Golimumab,3,204,10.8790073543787
Golimumab,3,205,10.814538225531578
Golimumab,3,206,10.750465840101242
Golimumab,3,207,10.686784610152245
Golimumab,3,208,10.623494535684586
Golimumab,3,209,10.560591146349907
Golimumab,3,210,10.49807220697403
Golimumab,3,211,10.435935482382774
Golimumab,3,212,10.374177619814873
Golimumab,3,213,10.312795266509056
Golimumab,3,214,10.251787304878235
Golimumab,3,215,10.19115038216114
Golimumab,3,216,10.130882263183594
Golimumab,3,217,10.070979595184326
Golimumab,3,218,10.011441260576248
Golimumab,3,219,9.952263906598091
Golimumab,3,220,9.893445298075676
Golimumab,3,221,9.834982082247734
Golimumab,3,222,9.776873141527176
Golimumab,3,223,9.719115123152733
Golimumab,3,224,9.661706909537315
Golimumab,3,225,9.604645147919655
Golimumab,3,226,9.547927603125572
Golimumab,3,227,9.491552039980888
Golimumab,3,228,9.435516223311424
Golimumab,3,229,9.379817917943
Golimumab,3,230,9.324455447494984
Golimumab,3,231,9.269425459206104
Golimumab,3,232,9.214726835489273
Golimumab,3,233,9.160356782376766
Golimumab,3,234,9.106313064694405
Golimumab,3,235,9.052594006061554
Golimumab,3,236,8.999197371304035
Golimumab,3,237,8.94612092524767
Golimumab,3,238,8.893362432718277
Golimumab,3,239,8.840920217335224
Golimumab,3,240,8.788792043924332
Golimumab,3,241,8.736976236104965
Golimumab,3,242,8.685470558702946
Golimumab,3,243,8.63427221775055
Golimumab,3,244,8.583380654454231
Golimumab,3,245,8.532793074846268
Golimumab,3,246,8.48250724375248
Golimumab,3,247,8.432522043585777
Golimumab,3,248,8.382835239171982
Golimumab,3,249,8.333445154130459
Golimumab,3,250,8.284348994493484
Golimumab,3,251,8.235546201467514
Golimumab,3,252,8.187033981084824
Golimumab,3,253,8.138810656964779
Golimumab,3,254,8.09087511152029
Golimumab,3,255,8.043224550783634
Golimumab,3,256,7.995857857167721
Golimumab,3,257,7.948772795498371
Golimumab,3,258,7.901968248188496
Golimumab,3,259,7.8554414212703705
Golimumab,3,260,7.809191755950451
Golimumab,3,261,7.763217017054558
Golimumab,3,262,7.717514969408512
Golimumab,3,263,7.672084495425224
Golimumab,3,264,7.626924477517605
Golimumab,3,265,7.58203212171793
Golimumab,3,266,7.53740631043911
Golimumab,3,267,7.49304536730051
Golimumab,3,268,7.448947615921497
Golimumab,3,269,7.405111379921436
Golimumab,3,270,7.361534982919693
Golimumab,3,271,7.318216748535633
Golimumab,3,272,7.275156117975712
Golimumab,3,273,7.232349738478661
Golimumab,3,274,7.189797610044479
Golimumab,3,275,7.147497497498989
Golimumab,3,276,7.1054477244615555
Golimumab,3,277,7.063647173345089
Golimumab,3,278,7.022094167768955
Golimumab,3,279,6.98078703135252
Golimumab,3,280,6.939724087715149
Golimumab,3,281,6.8989042192697525
Golimumab,3,282,6.858325749635696
Golimumab,3,283,6.817987561225891
Golimumab,3,284,6.777887977659702
Golimumab,3,285,6.73802588135004
Golimumab,3,286,6.698399037122726
Golimumab,3,287,6.659006327390671
Golimumab,3,288,6.619846634566784
Golimumab,3,289,6.5809182822704315
Golimumab,3,290,6.542219594120979
Golimumab,3,291,6.5037500113248825
Golimumab,3,292,6.465507857501507
Golimumab,3,293,6.427491456270218
Golimumab,3,294,6.3896991312503815
Golimumab,3,295,6.352130323648453
Golimumab,3,296,6.3147833570837975
Golimumab,3,297,6.277656555175781
Golimumab,3,298,6.240749359130859
Golimumab,3,299,6.204059533774853
Golimumab,3,300,6.167586520314217
Golimumab,3,301,6.131328642368317
Golimumab,3,302,6.095284782350063
Golimumab,3,303,6.059453263878822
Golimumab,3,304,6.023833528161049
Golimumab,3,305,5.988423340022564
Golimumab,3,306,5.9532226994633675
Golimumab,3,307,5.918228812515736
Golimumab,3,308,5.883441679179668
Golimumab,3,309,5.8488596230745316
Golimumab,3,310,5.8144815266132355
Golimumab,3,311,5.780306272208691
Golimumab,3,312,5.746332183480263
Golimumab,3,313,5.712558142840862
Golimumab,3,314,5.678983591496944
Golimumab,3,315,5.645606853067875
Golimumab,3,316,5.612426251173019
Golimumab,3,317,5.579441785812378
Golimumab,3,318,5.546651221811771
Golimumab,3,319,5.514054000377655
Golimumab,3,320,5.4816484451293945
Golimumab,3,321,5.44943455606699
Golimumab,3,322,5.417409539222717
Golimumab,3,323,5.385573394596577
Golimumab,3,324,5.353925004601479
Golimumab,3,325,5.322462692856789
Golimumab,3,326,5.291185900568962
Golimumab,3,327,5.260092951357365
Golimumab,3,328,5.2291832864284515
Golimumab,3,329,5.198455788195133
Golimumab,3,330,5.167908780276775
Golimumab,3,331,5.137541703879833
Golimumab,3,332,5.107353441417217
Golimumab,3,333,5.077342875301838
Golimumab,3,334,5.047508887946606
Golimumab,3,335,5.017850361764431
Golimumab,3,336,4.988366179168224
Golimumab,3,337,4.959055781364441
Golimumab,3,338,4.929918050765991
Golimumab,3,339,4.900951310992241
Golimumab,3,340,4.87215556204319
Golimumab,3,341,4.843528568744659
Golimumab,3,342,4.815070331096649
Golimumab,3,343,4.78677973151207
Golimumab,3,344,4.758655093610287
Golimumab,3,345,4.7306964173913
Golimumab,3,346,4.702902026474476
Golimumab,3,347,4.675270803272724
Golimumab,3,348,4.6478021889925
Golimumab,3,349,4.620495345443487
Golimumab,3,350,4.593348875641823
Golimumab,3,351,4.5663622207939625
Golimumab,3,352,4.539534263312817
Golimumab,3,353,4.512864165008068
Golimumab,3,354,4.486350528895855
Golimumab,3,355,4.459993075579405
Golimumab,3,356,4.433790687471628
Golimumab,3,357,4.4077422469854355
Golimumab,3,358,4.38184691593051
Golimumab,3,359,4.356103856116533
Golimumab,3,360,4.3305122293531895
Golimumab,3,361,4.305070918053389
Golimumab,3,362,4.279779363423586
Golimumab,3,363,4.254636168479919
Golimumab,3,364,4.229641053825617
Golimumab,3,365,4.204792901873589
Golimumab,3,366,4.180090595036745
Golimumab,3,367,4.155533574521542
Golimumab,3,368,4.131121002137661
Golimumab,3,369,4.106851760298014
Golimumab,3,370,4.082725290209055
Golimumab,3,371,4.058740753680468
Golimumab,3,372,4.034897033125162
Golimumab,3,373,4.011193290352821
Golimumab,3,374,3.9876289665699005
Golimumab,3,375,3.9642032235860825
Golimumab,3,376,3.94091522321105
Golimumab,3,377,3.9177638478577137
Golimumab,3,378,3.894748818129301
Golimumab,3,379,3.8718687370419502
Golimumab,3,380,3.849123325198889
Golimumab,3,381,3.826511465013027
Golimumab,3,382,3.8040323182940483
Golimumab,3,383,3.7816856056451797
Golimumab,3,384,3.7594699300825596
Golimumab,3,385,3.7373850122094154
Golimumab,3,386,3.7154297344386578
Golimumab,3,387,3.693603537976742
Golimumab,3,388,3.671905305236578
Golimumab,3,389,3.650334756821394
Golimumab,3,390,3.6288910545408726
Golimumab,3,391,3.6075733602046967
Golimumab,3,392,3.586380835622549
Golimumab,3,393,3.5653126426041126
Golimumab,3,394,3.544368501752615
Golimumab,3,395,3.5235472954809666
Golimumab,3,396,3.5028481855988503
Golimumab,3,397,3.4822708927094936
Golimumab,3,398,3.4618145786225796
Golimumab,3,399,3.441478405147791
Golimumab,3,400,3.4212615340948105
Golimumab,3,401,3.4011634066700935
Golimumab,3,402,3.3811834640800953
Golimumab,3,403,3.361321147531271
Golimumab,3,404,3.3415750600397587
Golimumab,3,405,3.3219452016055584
Golimumab,3,406,3.302430734038353
Golimumab,3,407,3.2830308191478252
Golimumab,3,408,3.263744618743658
Golimumab,3,409,3.2445721328258514
Golimumab,3,410,3.2255119644105434
Golimumab,3,411,3.2065638341009617
Golimumab,3,412,3.187726903706789
Golimumab,3,413,3.169000893831253
Golimumab,3,414,3.1503846868872643
Golimumab,3,415,3.131877724081278
Golimumab,3,416,3.1134797260165215
Golimumab,3,417,3.0951895751059055
Golimumab,3,418,3.0770069919526577
Golimumab,3,419,3.058931138366461
Golimumab,3,420,3.04096145555377
Golimumab,3,421,3.0230971053242683
Golimumab,3,422,3.0053380876779556
Golimumab,3,423,2.98768300563097
Golimumab,3,424,2.9701318591833115
Golimumab,3,425,2.952683810144663
Golimumab,3,426,2.935338020324707
Golimumab,3,427,2.9180942103266716
Golimumab,3,428,2.900951821357012
Golimumab,3,429,2.8839100152254105
Golimumab,3,430,2.866968233138323
Golimumab,3,431,2.850125916302204
Golimumab,3,432,2.833382785320282
Golimumab,3,433,2.816737722605467
Golimumab,3,434,2.8001904487609863
Golimumab,3,435,2.7837404049932957
Golimumab,3,436,2.76738703250885
Golimumab,3,437,2.7511294931173325
Golimumab,3,438,2.7349677868187428
Golimumab,3,439,2.7189007960259914
Golimumab,3,440,2.7029279619455338
Golimumab,3,441,2.6870492845773697
Golimumab,3,442,2.6712636463344097
Golimumab,3,443,2.6555707678198814
Golimumab,3,444,2.63997009024024
Golimumab,3,445,2.6244607754051685
Golimumab,3,446,2.6090428233146667
Golimumab,3,447,2.5937153957784176
Golimumab,3,448,2.5784779340028763
Golimumab,3,449,2.563329879194498
Golimumab,3,450,2.5482709519565105
Golimumab,3,451,2.5333003140985966
Golimumab,3,452,2.5184176862239838
Golimumab,3,453,2.503622230142355
Golimumab,3,454,2.48891394585371
Golimumab,3,455,2.47429171577096
Golimumab,3,456,2.459755539894104
Golimumab,3,457,2.445304859429598
Golimumab,3,458,2.4309388361871243
Golimumab,3,459,2.416657470166683
Golimumab,3,460,2.402459643781185
Golimumab,3,461,2.38834535703063
Golimumab,3,462,2.374313771724701
Golimumab,3,463,2.3603648878633976
Golimumab,3,464,2.3464975878596306
Golimumab,3,465,2.332712011411786
Golimumab,3,466,2.3190071806311607
Golimumab,3,467,2.3053829558193684
Golimumab,3,468,2.291838638484478
Golimumab,3,469,2.2783739492297173
Golimumab,3,470,2.264988189563155
Golimumab,3,471,2.2516812197864056
Golimumab,3,472,2.2384522017091513
Golimumab,3,473,2.225300995633006
Golimumab,3,474,2.2122270427644253
Golimumab,3,475,2.199229784309864
Golimumab,3,476,2.186308801174164
Golimumab,3,477,2.173463813960552
Golimumab,3,478,2.1606941241770983
Golimumab,3,479,2.147999592125416
Golimumab,3,480,2.1353793796151876
Golimumab,3,481,2.122833486646414
Golimumab,3,482,2.110361075028777
Golimumab,3,483,2.0979620050638914
Golimumab,3,484,2.085635857656598
Golimumab,3,485,2.073381934314966
Golimumab,3,486,2.0611999556422234
Golimumab,3,487,2.049089642241597
Golimumab,3,488,2.0370502956211567
Golimumab,3,489,2.0250817760825157
Golimumab,3,490,2.0131833851337433
Golimumab,3,491,2.001354983076453
Golimumab,3,492,1.9895960111171007
Golimumab,3,493,1.9779060501605272
Golimumab,3,494,1.9662848208099604
Golimumab,3,495,1.9547317642718554
Golimumab,3,496,1.9432464614510536
Golimumab,3,497,1.931828772649169
Golimumab,3,498,1.9204779993742704
Golimumab,3,499,1.9091940019279718
Golimumab,3,500,1.8979760818183422
Golimumab,3,501,1.8868242390453815
Golimumab,3,502,1.875737775117159
Golimumab,3,503,1.8647164106369019
Golimumab,3,504,1.8537597265094519
Golimumab,3,505,1.8428674433380365
Golimumab,3,506,1.8320391420274973
Golimumab,3,507,1.8212742637842894
Golimumab,3,508,1.8105728086084127
Golimumab,3,509,1.7999340780079365
Golimumab,3,510,1.7893577925860882
Golimumab,3,511,1.7788436729460955
Golimumab,3,512,1.7683912999927998
Golimumab,3,513,1.7580002546310425
Golimumab,3,514,1.7476702574640512
Golimumab,3,515,1.7374008893966675
Golimumab,3,516,1.7271918710321188
Golimumab,3,517,1.7170427832752466
Golimumab,3,518,1.7069532070308924
Golimumab,3,519,1.6969230026006699
Golimumab,3,520,1.6869516111910343
Golimumab,3,521,1.6770387534052134
Golimumab,3,522,1.6671841498464346
Golimumab,3,523,1.6573875211179256
Golimumab,3,524,1.6476483084261417
Golimumab,3,525,1.6379662323743105
Golimumab,3,526,1.6283410135656595
Golimumab,3,527,1.6187723726034164
Golimumab,3,528,1.6092598903924227
Golimumab,3,529,1.5998032875359058
Golimumab,3,530,1.5904022846370935
Golimumab,3,531,1.581056322902441
Golimumab,3,532,1.5717654023319483
Golimumab,3,533,1.5625289641320705
Golimumab,3,534,1.5533467289060354
Golimumab,3,535,1.5442184172570705
Golimumab,3,536,1.5351437497884035
Golimumab,3,537,1.5261223074048758
Golimumab,3,538,1.517153950408101
Golimumab,3,539,1.5082381200045347
Golimumab,3,540,1.4993746764957905
Golimumab,3,541,1.490563340485096
Golimumab,3,542,1.4818036928772926
Golimumab,3,543,1.4730955939739943
Golimumab,3,544,1.464438484981656
Golimumab,3,545,1.455832226201892
Golimumab,3,546,1.4472765382379293
Golimumab,3,547,1.438771141692996
Golimumab,3,548,1.4303156174719334
Golimumab,3,549,1.4219098258763552
Golimumab,3,550,1.4135532081127167
Golimumab,3,551,1.4052457641810179
Golimumab,3,552,1.3969872146844864
Golimumab,3,553,1.3887770008295774
Golimumab,3,554,1.380615122616291
Golimumab,3,555,1.3725010212510824
Golimumab,3,556,1.3644346967339516
Golimumab,3,557,1.35641572996974
Golimumab,3,558,1.348443841561675
Golimumab,3,559,1.3405187521129847
Golimumab,3,560,1.3326401822268963
Golimumab,3,561,1.3248078525066376
Golimumab,3,562,1.3170214835554361
Golimumab,3,563,1.3092809356749058
Golimumab,3,564,1.301585789769888
Golimumab,3,565,1.2939357664436102
Golimumab,3,566,1.2863307259976864
Golimumab,3,567,1.2787703890353441
Golimumab,3,568,1.271254476159811
Golimumab,3,569,1.2637825682759285
Golimumab,3,570,1.2563546653836966
Golimumab,3,571,1.2489702086895704
Golimumab,3,572,1.24162919819355
Golimumab,3,573,1.2343313544988632
Golimumab,3,574,1.2270763982087374
Golimumab,3,575,1.219863910228014
Golimumab,3,576,1.212693890556693
Golimumab,3,577,1.205565920099616
Golimumab,3,578,1.1984797194600105
Golimumab,3,579,1.1914352886378765
Golimumab,3,580,1.1844320688396692
Golimumab,3,581,1.1774700600653887
Golimumab,3,582,1.1705489130690694
Golimumab,3,583,1.163668418303132
Golimumab,3,584,1.1568282963708043
Golimumab,3,585,1.1500284075737
Golimumab,3,586,1.1432684026658535
Golimumab,3,587,1.1365480720996857
Golimumab,3,588,1.1298672761768103
Golimumab,3,589,1.1232255958020687
Golimumab,3,590,1.116623030975461
Golimumab,3,591,1.1100591626018286
Golimumab,3,592,1.1035338509827852
Golimumab,3,593,1.0970468865707517
Golimumab,3,594,1.0905979899689555
Golimumab,3,595,1.0841870214790106
Golimumab,3,596,1.0778136318549514
Golimumab,3,597,1.0714776813983917
Golimumab,3,598,1.0651789605617523
Golimumab,3,599,1.0589171899482608
Golimumab,3,600,1.0526921600103378
Golimumab,3,601,1.0465037310495973
Golimumab,3,602,1.0403516935184598
Golimumab,3,603,1.03423569817096
Golimumab,3,604,1.0281556751579046
Golimumab,3,605,1.0221112752333283
Golimumab,3,606,1.016102428548038
Golimumab,3,607,1.0101288557052612
Golimumab,3,608,1.0041904170066118
Golimumab,3,609,0.9982867632061243
Golimumab,3,610,0.9924178244546056
Golimumab,3,611,0.9865833213552833
Golimumab,3,612,0.9807831142097712
Golimumab,3,613,0.9750169236212969
Golimumab,3,614,0.9692846098914742
Golimumab,3,615,0.963585963472724
Golimumab,3,616,0.9579207748174667
Golimumab,3,617,0.9522889042273164
Golimumab,3,618,0.9466900024563074
Golimumab,3,619,0.9411240695044398
Golimumab,3,620,0.9355907561257482
Golimumab,3,621,0.9300899924710393
Golimumab,3,622,0.9246214991435409
Golimumab,3,623,0.9191851364448667
Golimumab,3,624,0.9137806948274374
Golimumab,3,625,0.9084079647436738
Golimumab,3,626,0.9030668064951897
Golimumab,3,627,0.8977570105344057
Golimumab,3,628,0.8924783673137426
Golimumab,3,629,0.8872307371348143
Golimumab,3,630,0.8820139104500413
Golimumab,3,631,0.8768277475610375
Golimumab,3,632,0.8716720389202237
Golimumab,3,633,0.8665465749800205
Golimumab,3,634,0.8614512858912349
Golimumab,3,635,0.8563858224079013
Golimumab,3,636,0.8513501845300198
Golimumab,3,637,0.8463440230116248
Golimumab,3,638,0.8413673378527164
Golimumab,3,639,0.8364198496565223
Golimumab,3,640,0.8315014187246561
Golimumab,3,641,0.8266119053587317
Golimumab,3,642,0.8217510301619768
Golimumab,3,643,0.8169187232851982
Golimumab,3,644,0.8121148450300097
Golimumab,3,645,0.807339115999639
Golimumab,3,646,0.802591466344893
Golimumab,3,647,0.7978716865181923
Golimumab,3,648,0.7931796368211508
Golimumab,3,649,0.7885151077061892
Golimumab,3,650,0.7838779594749212
Golimumab,3,651,0.7792681222781539
Golimumab,3,652,0.7746853167191148
Golimumab,3,653,0.7701294030994177
Golimumab,3,654,0.7656002417206764
Golimumab,3,655,0.7610976928845048
Golimumab,3,656,0.7566215470433235
Golimumab,3,657,0.7521717343479395
Golimumab,3,658,0.7477480452507734
Golimumab,3,659,0.7433503400534391
Golimumab,3,660,0.7389784092083573
Golimumab,3,661,0.7346321828663349
Golimumab,3,662,0.7303115213289857
Golimumab,3,663,0.7260161451995373
Golimumab,3,664,0.7217460544779897
Golimumab,3,665,0.7175010396167636
Golimumab,3,666,0.7132809609174728
Golimumab,3,667,0.7090856088325381
Golimumab,3,668,0.7049149833619595
Golimumab,3,669,0.7007687352597713
Golimumab,3,670,0.6966469343751669
Golimumab,3,671,0.6925493013113737
Golimumab,3,672,0.6884756963700056
Golimumab,10,0.25,259.43899154663086
Golimumab,10,0.5,249.74066019058228
Golimumab,10,1,239.12630081176758
Golimumab,10,2,227.800190448761
Golimumab,10,3,219.7182297706604
Golimumab,10,4,212.7209722995758
Golimumab,10,5,206.404709815979
Golimumab,10,6,200.61433911323547
Golimumab,10,7,195.25567889213562
Golimumab,10,8,190.26249647140503
Golimumab,10,9,185.5855643749237
Golimumab,10,10,181.18693828582764
Golimumab,10,11,177.03652381896973
Golimumab,10,12,173.10991287231445
Golimumab,10,13,169.3867564201355
Golimumab,10,14,165.84990620613098
Golimumab,10,15,162.4845564365387
Golimumab,10,16,159.27783250808716
Golimumab,10,17,156.21836185455322
Golimumab,10,18,153.29598784446716
Golimumab,10,19,150.50164461135864
Golimumab,10,20,147.82706201076508
Golimumab,10,21,145.26473879814148
Golimumab,10,22,142.80781745910645
Golimumab,10,23,140.44999480247498
Golimumab,10,24,138.18545043468475
Golimumab,10,25,136.00880205631256
Golimumab,10,26,133.91506969928741
Golimumab,10,27,131.89963102340698
Golimumab,10,28,129.95815873146057
Golimumab,10,29,128.08663845062256
Golimumab,10,30,126.28132402896881
Golimumab,10,31,124.5386928319931
Golimumab,10,32,122.85546362400055
Golimumab,10,33,121.22856974601746
Golimumab,10,34,119.65511441230774
Golimumab,10,35,118.13239753246307
Golimumab,10,36,116.65787100791931
Golimumab,10,37,115.2291476726532
Golimumab,10,38,113.84396553039551
Golimumab,10,39,112.50022351741791
Golimumab,10,40,111.19592785835266
Golimumab,10,41,109.92919206619263
Golimumab,10,42,108.69825482368469
Golimumab,10,43,107.50144422054291
Golimumab,10,44,106.33717775344849
Golimumab,10,45,105.20397126674652
Golimumab,10,46,104.10041213035583
Golimumab,10,47,103.02518606185913
Golimumab,10,48,101.97703242301941
Golimumab,10,49,100.95475316047668
Golimumab,10,50,99.95723962783813
Golimumab,10,51,98.98341000080109
Golimumab,10,52,98.03226292133331
Golimumab,10,53,97.10285067558289
Golimumab,10,54,96.19425237178802
Golimumab,10,55,95.3056275844574
Golimumab,10,56,94.43613588809967
Golimumab,10,57,93.58503520488739
Golimumab,10,58,92.75156557559967
Golimumab,10,59,91.93503856658936
Golimumab,10,60,91.13480150699615
Golimumab,10,61,90.3502106666565
Golimumab,10,62,89.5806759595871
Golimumab,10,63,88.82562518119812
Golimumab,10,64,88.08451294898987
Golimumab,10,65,87.35683858394623
Golimumab,10,66,86.64209246635437
Golimumab,10,67,85.93981862068176
Golimumab,10,68,85.2495789527893
Golimumab,10,69,84.5709353685379
Golimumab,10,70,83.90348553657532
Golimumab,10,71,83.24685394763947
Golimumab,10,72,82.60066509246826
Golimumab,10,73,81.96457028388977
Golimumab,10,74,81.33822977542877
Golimumab,10,75,80.7213306427002
Golimumab,10,76,80.11356890201569
Golimumab,10,77,79.5146495103836
Golimumab,10,78,78.92428636550903
Golimumab,10,79,78.34222912788391
Golimumab,10,80,77.76820957660675
Golimumab,10,81,77.20199525356293
Golimumab,10,82,76.6433447599411
Golimumab,10,83,76.09203457832336
Golimumab,10,84,75.54785907268524
Golimumab,10,85,75.01060366630554
Golimumab,10,86,74.48008507490158
Golimumab,10,87,73.9561066031456
Golimumab,10,88,73.43848496675491
Golimumab,10,89,72.92705923318863
Golimumab,10,90,72.42165505886078
Golimumab,10,91,71.92211598157883
Golimumab,10,92,71.4282900094986
Golimumab,10,93,70.94003409147263
Golimumab,10,94,70.45720517635345
Golimumab,10,95,69.97966915369034
Golimumab,10,96,69.50729191303253
Golimumab,10,97,69.03995722532272
Golimumab,10,98,68.57753992080688
Golimumab,10,99,68.11992824077606
Golimumab,10,100,67.6670104265213
Golimumab,10,101,67.218679189682
Golimumab,10,102,66.77483171224594
Golimumab,10,103,66.33536964654922
Golimumab,10,104,65.90019911527634
Golimumab,10,105,65.46922624111176
Golimumab,10,106,65.04236608743668
Golimumab,10,107,64.6195337176323
Golimumab,10,108,64.20064866542816
Golimumab,10,109,63.785625994205475
Golimumab,10,110,63.374389708042145
Golimumab,10,111,62.9668727517128
Golimumab,10,112,62.56299912929535
Golimumab,10,113,62.16270178556442
Golimumab,10,114,61.76591366529465
Golimumab,10,115,61.37257218360901
Golimumab,10,116,60.98261475563049
Golimumab,10,117,60.595978796482086
Golimumab,10,118,60.21261066198349
Golimumab,10,119,59.83245223760605
Golimumab,10,120,59.455449879169464
Golimumab,10,121,59.08154994249344
Golimumab,10,122,58.71070325374603
Golimumab,10,123,58.342860639095306
Golimumab,10,124,57.97797292470932
Golimumab,10,125,57.61599540710449
Golimumab,10,126,57.25687891244888
Golimumab,10,127,56.90058767795563
Golimumab,10,128,56.547072529792786
Golimumab,10,129,56.196293234825134
Golimumab,10,130,55.84821403026581
Golimumab,10,131,55.502794682979584
Golimumab,10,132,55.15999495983124
Golimumab,10,133,54.81978356838226
Golimumab,10,134,54.48212027549744
Golimumab,10,135,54.14697378873825
Golimumab,10,136,53.81430387496948
Golimumab,10,137,53.48408818244934
Golimumab,10,138,53.15629094839096
Golimumab,10,139,52.83087641000748
Golimumab,10,140,52.50781774520874
Golimumab,10,141,52.1870881319046
Golimumab,10,142,51.86866074800491
Golimumab,10,143,51.55249983072281
Golimumab,10,144,51.2385830283165
Golimumab,10,145,50.92687904834747
Golimumab,10,146,50.6173700094223
Golimumab,10,147,50.310029089450836
Golimumab,10,148,50.00482499599457
Golimumab,10,149,49.701739847660065
Golimumab,10,150,49.40074682235718
Golimumab,10,151,49.101828038692474
Golimumab,10,152,48.804956674575806
Golimumab,10,153,48.51010590791702
Golimumab,10,154,48.21726679801941
Golimumab,10,155,47.92640805244446
Golimumab,10,156,47.63751178979874
Golimumab,10,157,47.35056012868881
Golimumab,10,158,47.06553518772125
Golimumab,10,159,46.78241014480591
Golimumab,10,160,46.501171588897705
Golimumab,10,161,46.22179716825485
Golimumab,10,162,45.944273471832275
Golimumab,10,163,45.66858261823654
Golimumab,10,164,45.39470225572586
Golimumab,10,165,45.12261897325516
Golimumab,10,166,44.85231935977936
Golimumab,10,167,44.58377659320831
Golimumab,10,168,44.316986203193665
Golimumab,10,169,44.051921367645264
Golimumab,10,170,43.78857761621475
Golimumab,10,171,43.52693259716034
Golimumab,10,172,43.26696842908859
Golimumab,10,173,43.008680641651154
Golimumab,10,174,42.75204688310623
Golimumab,10,175,42.49705374240875
Golimumab,10,176,42.24368780851364
Golimumab,10,177,41.991935670375824
Golimumab,10,178,41.741783916950226
Golimumab,10,179,41.49322360754013
Golimumab,10,180,41.24623239040375
Golimumab,10,181,41.00080132484436
Golimumab,10,182,40.75692147016525
Golimumab,10,183,40.51457494497299
Golimumab,10,184,40.27375280857086
Golimumab,10,185,40.03444164991379
Golimumab,10,186,39.796628057956696
Golimumab,10,187,39.56030309200287
Golimumab,10,188,39.32545334100723
Golimumab,10,189,39.09206986427307
Golimumab,10,190,38.86013478040695
Golimumab,10,191,38.629643619060516
Golimumab,10,192,38.40058296918869
Golimumab,10,193,38.17294389009476
Golimumab,10,194,37.94671297073364
Golimumab,10,195,37.72187680006027
Golimumab,10,196,37.49843090772629
Golimumab,10,197,37.276361882686615
Golimumab,10,198,37.05566078424454
Golimumab,10,199,36.83631867170334
Golimumab,10,200,36.618322134017944
Golimumab,10,201,36.40166223049164
Golimumab,10,202,36.18633225560188
Golimumab,10,203,35.97232103347778
Golimumab,10,204,35.759617388248444
Golimumab,10,205,35.54821237921715
Golimumab,10,206,35.33809930086136
Golimumab,10,207,35.12926697731018
Golimumab,10,208,34.9217064678669
Golimumab,10,209,34.71540883183479
Golimumab,10,210,34.51036512851715
Golimumab,10,211,34.306568652391434
Golimumab,10,212,34.104008227586746
Golimumab,10,213,33.90267714858055
Golimumab,10,214,33.70256423950195
Golimumab,10,215,33.503665030002594
Golimumab,10,216,33.30596834421158
Golimumab,10,217,33.10946524143219
Golimumab,10,218,32.91415125131607
Golimumab,10,219,32.720015197992325
Golimumab,10,220,32.527050375938416
Golimumab,10,221,32.335247844457626
Golimumab,10,222,32.1446031332016
Golimumab,10,223,31.95510283112526
Golimumab,10,224,31.766744703054428
Golimumab,10,225,31.57951980829239
Golimumab,10,226,31.393416970968246
Golimumab,10,227,31.20843395590782
Golimumab,10,228,31.024561822414398
Golimumab,10,229,30.84178939461708
Golimumab,10,230,30.66011443734169
Golimumab,10,231,30.47952800989151
Golimumab,10,232,30.300023406744003
Golimumab,10,233,30.121593922376633
Golimumab,10,234,29.944230616092682
Golimumab,10,235,29.767929017543793
Golimumab,10,236,29.59267795085907
Golimumab,10,237,29.418477416038513
Golimumab,10,238,29.245316237211227
Golimumab,10,239,29.073187708854675
Golimumab,10,240,28.90208512544632
Golimumab,10,241,28.732004016637802
Golimumab,10,242,28.562937676906586
Golimumab,10,243,28.394877165555954
Golimumab,10,244,28.22781801223755
Golimumab,10,245,28.061753511428833
Golimumab,10,246,27.89667919278145
Golimumab,10,247,27.7325838804245
Golimumab,10,248,27.569467574357986
Golimumab,10,249,27.407319098711014
Golimumab,10,250,27.246133983135223
Golimumab,10,251,27.085907757282257
Golimumab,10,252,26.9266314804554
Golimumab,10,253,26.76830291748047
Golimumab,10,254,26.61091312766075
Golimumab,10,255,26.454457640647888
Golimumab,10,256,26.298929750919342
Golimumab,10,257,26.144324988126755
Golimumab,10,258,25.99063664674759
Golimumab,10,259,25.837860256433487
Golimumab,10,260,25.68598911166191
Golimumab,10,261,25.535016506910324
Golimumab,10,262,25.384937971830368
Golimumab,10,263,25.235749036073685
Golimumab,10,264,25.087440758943558
Golimumab,10,265,24.940013140439987
Golimumab,10,266,24.793457239866257
Golimumab,10,267,24.647768586874008
Golimumab,10,268,24.502940475940704
Golimumab,10,269,24.358970671892166
Golimumab,10,270,24.215850234031677
Golimumab,10,271,24.07357692718506
Golimumab,10,272,23.932141810655594
Golimumab,10,273,23.791544884443283
Golimumab,10,274,23.65177944302559
Golimumab,10,275,23.512836545705795
Golimumab,10,276,23.374716192483902
Golimumab,10,277,23.237411677837372
Golimumab,10,278,23.100916296243668
Golimumab,10,279,22.96522781252861
Golimumab,10,280,22.830339521169662
Golimumab,10,281,22.696246951818466
Golimumab,10,282,22.562945634126663
Golimumab,10,283,22.430431097745895
Golimumab,10,284,22.298698872327805
Golimumab,10,285,22.167742252349854
Golimumab,10,286,22.037556767463684
Golimumab,10,287,21.908140182495117
Golimumab,10,288,21.779485791921616
Golimumab,10,289,21.651591360569
Golimumab,10,290,21.524450182914734
Golimumab,10,291,21.39805555343628
Golimumab,10,292,21.272407472133636
Golimumab,10,293,21.147501468658447
Golimumab,10,294,21.023328602313995
Golimumab,10,295,20.8998866379261
Golimumab,10,296,20.777173340320587
Golimumab,10,297,20.655182003974915
Golimumab,10,298,20.533910393714905
Golimumab,10,299,20.41334956884384
Golimumab,10,300,20.293501764535904
Golimumab,10,301,20.174358040094376
Golimumab,10,302,20.0559139251709
Golimumab,10,303,19.938169419765472
Golimumab,10,304,19.82111558318138
Golimumab,10,305,19.704752415418625
Golimumab,10,306,19.589073210954666
Golimumab,10,307,19.474075734615326
Golimumab,10,308,19.359753280878067
Golimumab,10,309,19.24610361456871
Golimumab,10,310,19.133122265338898
Golimumab,10,311,19.02080476284027
Golimumab,10,312,18.90914887189865
Golimumab,10,313,18.7981478869915
Golimumab,10,314,18.68780069053173
Golimumab,10,315,18.578102812170982
Golimumab,10,316,18.469049781560898
Golimumab,10,317,18.36063712835312
Golimumab,10,318,18.252862617373466
Golimumab,10,319,18.145720660686493
Golimumab,10,320,18.03920902311802
Golimumab,10,321,17.933323234319687
Golimumab,10,322,17.828059941530228
Golimumab,10,323,17.723414674401283
Golimumab,10,324,17.619385197758675
Golimumab,10,325,17.515967041254044
Golimumab,10,326,17.413155734539032
Golimumab,10,327,17.31094904243946
Golimumab,10,328,17.20934249460697
Golimumab,10,329,17.108333855867386
Golimumab,10,330,17.007917538285255
Golimumab,10,331,16.9080913066864
Golimumab,10,332,16.808851808309555
Golimumab,10,333,16.71019457280636
Golimumab,10,334,16.612117365002632
Golimumab,10,335,16.514616832137108
Golimumab,10,336,16.417688503861427
Golimumab,10,337,16.321329027414322
Golimumab,10,338,16.225535050034523
Golimumab,10,339,16.13030433654785
Golimumab,10,340,16.03563353419304
Golimumab,10,341,15.941517055034637
Golimumab,10,342,15.847954899072647
Golimumab,10,343,15.75494147837162
Golimumab,10,344,15.662473440170288
Golimumab,10,345,15.570549666881561
Golimumab,10,346,15.479164570569992
Golimumab,10,347,15.388315916061401
Golimumab,10,348,15.29800146818161
Golimumab,10,349,15.20821675658226
Golimumab,10,350,15.118958428502083
Golimumab,10,351,15.030225366353989
Golimumab,10,352,14.94201309978962
Golimumab,10,353,14.854318276047707
Golimumab,10,354,14.767137542366982
Golimumab,10,355,14.680469781160355
Golimumab,10,356,14.594309404492378
Golimumab,10,357,14.508656412363052
Golimumab,10,358,14.42350521683693
Golimumab,10,359,14.33885358273983
Golimumab,10,360,14.254699274897575
Golimumab,10,361,14.171038940548897
Golimumab,10,362,14.087869226932526
Golimumab,10,363,14.005187898874283
Golimumab,10,364,13.9229916036129
Golimumab,10,365,13.841278105974197
Golimumab,10,366,13.760044053196907
Golimumab,10,367,13.67928609251976
Golimumab,10,368,13.599003106355667
Golimumab,10,369,13.51919062435627
Golimumab,10,370,13.43984641134739
Golimumab,10,371,13.360968232154846
Golimumab,10,372,13.282552734017372
Golimumab,10,373,13.204596564173698
Golimumab,10,374,13.127098605036736
Golimumab,10,375,13.050055503845215
Golimumab,10,376,12.973465025424957
Golimumab,10,377,12.897323817014694
Golimumab,10,378,12.821628525853157
Golimumab,10,379,12.746378034353256
Golimumab,10,380,12.671568989753723
Golimumab,10,381,12.59719803929329
Golimumab,10,382,12.523264065384865
Golimumab,10,383,12.449764832854271
Golimumab,10,384,12.37669587135315
Golimumab,10,385,12.30405606329441
Golimumab,10,386,12.231842055916786
Golimumab,10,387,12.160051614046097
Golimumab,10,388,12.088682502508163
Golimumab,10,389,12.017732486128807
Golimumab,10,390,11.947199329733849
Golimumab,10,391,11.87707856297493
Golimumab,10,392,11.80737018585205
Golimumab,10,393,11.738070845603943
Golimumab,10,394,11.669177189469337
Golimumab,10,395,11.600688099861145
Golimumab,10,396,11.532601341605186
Golimumab,10,397,11.464913561940193
Golimumab,10,398,11.397623643279076
Golimumab,10,399,11.330728232860565
Golimumab,10,400,11.264223977923393
Golimumab,10,401,11.19811199605465
Golimumab,10,402,11.132386699318886
Golimumab,10,403,11.067046970129013
Golimumab,10,404,11.002090573310852
Golimumab,10,405,10.937515273690224
Golimumab,10,406,10.873318836092949
Golimumab,10,407,10.809499025344849
Golimumab,10,408,10.746053606271744
Golimumab,10,409,10.682981461286545
Golimumab,10,410,10.620278120040894
Golimumab,10,411,10.5579424649477
Golimumab,10,412,10.495973378419876
Golimumab,10,413,10.434367507696152
Golimumab,10,414,10.373122617602348
Golimumab,10,415,10.312237590551376
Golimumab,10,416,10.251710191369057
Golimumab,10,417,10.19153706729412
Golimumab,10,418,10.131717100739479
Golimumab,10,419,10.072248056530952
Golimumab,10,420,10.013127699494362
Golimumab,10,421,9.954354912042618
Golimumab,10,422,9.895926341414452
Golimumab,10,423,9.837840870022774
Golimumab,10,424,9.780096262693405
Golimumab,10,425,9.722689166665077
Golimumab,10,426,9.66562069952488
Golimumab,10,427,9.608885273337364
Golimumab,10,428,9.552484005689621
Golimumab,10,429,9.496413543820381
Golimumab,10,430,9.440671652555466
Golimumab,10,431,9.385256096720695
Golimumab,10,432,9.33016687631607
Golimumab,10,433,9.275400079786777
Golimumab,10,434,9.220955148339272
Golimumab,10,435,9.166829288005829
Golimumab,10,436,9.113020822405815
Golimumab,10,437,9.059528075158596
Golimumab,10,438,9.006349369883537
Golimumab,10,439,8.95348247140646
Golimumab,10,440,8.900926262140274
Golimumab,10,441,8.848677389323711
Golimumab,10,442,8.796735852956772
Golimumab,10,443,8.745098859071732
Golimumab,10,444,8.693764731287956
Golimumab,10,445,8.642731793224812
Golimumab,10,446,8.591997809708118
Golimumab,10,447,8.541562221944332
Golimumab,10,448,8.491422235965729
Golimumab,10,449,8.441576175391674
Golimumab,10,450,8.392022922635078
Golimumab,10,451,8.342760242521763
Golimumab,10,452,8.293786458671093
Golimumab,10,453,8.245099894702435
Golimumab,10,454,8.196699433028698
Golimumab,10,455,8.14858227968216
Golimumab,10,456,8.100747875869274
Golimumab,10,457,8.053193986415863
Golimumab,10,458,8.005919493734837
Golimumab,10,459,7.958921603858471
Golimumab,10,460,7.912199757993221
Golimumab,10,461,7.865752279758453
Golimumab,10,462,7.819577492773533
Golimumab,10,463,7.773673161864281
Golimumab,10,464,7.728038169443607
Golimumab,10,465,7.6826708391308784
Golimumab,10,466,7.6375700533390045
Golimumab,10,467,7.5927335768938065
Golimumab,10,468,7.548160292208195
Golimumab,10,469,7.503848522901535
Golimumab,10,470,7.459796592593193
Golimumab,10,471,7.416003383696079
Golimumab,10,472,7.372466661036015
Golimumab,10,473,7.329185865819454
Golimumab,10,474,7.286158762872219
Golimumab,10,475,7.24338423460722
Golimumab,10,476,7.200860604643822
Golimumab,10,477,7.158586196601391
Golimumab,10,478,7.116560451686382
Golimumab,10,479,7.074780575931072
Golimumab,10,480,7.033246010541916
Golimumab,10,481,6.991955637931824
Golimumab,10,482,6.950907222926617
Golimumab,10,483,6.910099647939205
Golimumab,10,484,6.869531236588955
Golimumab,10,485,6.829201430082321
Golimumab,10,486,6.789107993245125
Golimumab,10,487,6.749249808490276
Golimumab,10,488,6.709625199437141
Golimumab,10,489,6.6702330484986305
Golimumab,10,490,6.631072796881199
Golimumab,10,491,6.592141650617123
Golimumab,10,492,6.553439050912857
Golimumab,10,493,6.514963880181313
Golimumab,10,494,6.47671390324831
Golimumab,10,495,6.438688561320305
Golimumab,10,496,6.400886736810207
Golimumab,10,497,6.3633061945438385
Golimumab,10,498,6.3259463757276535
Golimumab,10,499,6.288805603981018
Golimumab,10,500,6.251883320510387
Golimumab,10,501,6.2151772901415825
Golimumab,10,502,6.178686395287514
Golimumab,10,503,6.142410077154636
Golimumab,10,504,6.106346100568771
Golimumab,10,505,6.070494465529919
Golimumab,10,506,6.0348523780703545
Golimumab,10,507,5.999419838190079
Golimumab,10,508,5.964195728302002
Golimumab,10,509,5.929177813231945
Golimumab,10,510,5.8943649753928185
Golimumab,10,511,5.859757214784622
Golimumab,10,512,5.825351737439632
Golimumab,10,513,5.791148543357849
Golimumab,10,514,5.757145956158638
Golimumab,10,515,5.723343417048454
Golimumab,10,516,5.689738690853119
Golimumab,10,517,5.656331218779087
Golimumab,10,518,5.623119883239269
Golimumab,10,519,5.590103566646576
Golimumab,10,520,5.557280592620373
Golimumab,10,521,5.524650402367115
Golimumab,10,522,5.492211878299713
Golimumab,10,523,5.459963902831078
Golimumab,10,524,5.427904799580574
Golimumab,10,525,5.396034009754658
Golimumab,10,526,5.364349856972694
Golimumab,10,527,5.332851782441139
Golimumab,10,528,5.301538668572903
Golimumab,10,529,5.270409397780895
Golimumab,10,530,5.239462852478027
Golimumab,10,531,5.2086979150772095
Golimumab,10,532,5.178112909197807
Golimumab,10,533,5.147708393633366
Golimumab,10,534,5.117481574416161
Golimumab,10,535,5.087432451546192
Golimumab,10,536,5.057559348642826
Golimumab,10,537,5.0278617069125175
Golimumab,10,538,4.998338408768177
Golimumab,10,539,4.968988336622715
Golimumab,10,540,4.939810931682587
Golimumab,10,541,4.910803958773613
Golimumab,10,542,4.881967976689339
Golimumab,10,543,4.853300750255585
Golimumab,10,544,4.824801720678806
Golimumab,10,545,4.796470329165459
Golimumab,10,546,4.7683048993349075
Golimumab,10,547,4.740304872393608
Golimumab,10,548,4.712469130754471
Golimumab,10,549,4.684796836227179
Golimumab,10,550,4.657286871224642
Golimumab,10,551,4.629938397556543
Golimumab,10,552,4.602750297635794
Golimumab,10,553,4.575721733272076
Golimumab,10,554,4.5488521456718445
Golimumab,10,555,4.522139858454466
Golimumab,10,556,4.495584592223167
Golimumab,10,557,4.46918522939086
Golimumab,10,558,4.442940652370453
Golimumab,10,559,4.41685002297163
Golimumab,10,560,4.390912503004074
Golimumab,10,561,4.36512753367424
Golimumab,10,562,4.339493438601494
Golimumab,10,563,4.314010217785835
Golimumab,10,564,4.2886764742434025
Golimumab,10,565,4.263491090387106
Golimumab,10,566,4.238453786820173
Golimumab,10,567,4.213563445955515
Golimumab,10,568,4.188819229602814
Golimumab,10,569,4.16422002017498
Golimumab,10,570,4.1397652588784695
Golimumab,10,571,4.1154541075229645
Golimumab,10,572,4.091285727918148
Golimumab,10,573,4.067259002476931
Golimumab,10,574,4.043373372405767
Golimumab,10,575,4.019627999514341
Golimumab,10,576,3.996022045612335
Golimumab,10,577,3.972554672509432
Golimumab,10,578,3.9492247626185417
Golimumab,10,579,3.9260320365428925
Golimumab,10,580,3.9029753766953945
Golimumab,10,581,3.8800539448857307
Golimumab,10,582,3.857266902923584
Golimumab,10,583,3.834613971412182
Golimumab,10,584,3.8120937533676624
Golimumab,10,585,3.7897059693932533
Golimumab,10,586,3.7674492225050926
Golimumab,10,587,3.7453235127031803
Golimumab,10,588,3.7233274430036545
Golimumab,10,589,3.7014604546129704
Golimumab,10,590,3.6797217093408108
Golimumab,10,591,3.6581109277904034
Golimumab,10,592,3.636626712977886
Golimumab,10,593,3.615268785506487
Golimumab,10,594,3.594036027789116
Golimumab,10,595,3.5729278810322285
Golimumab,10,596,3.55194378644228
Golimumab,10,597,3.531082905828953
Golimumab,10,598,3.5103444010019302
Golimumab,10,599,3.489727433770895
Golimumab,10,600,3.4692317247390747
Golimumab,10,601,3.44885615631938
Golimumab,10,602,3.428600449115038
Golimumab,10,603,3.4084634855389595
Golimumab,10,604,3.3884444274008274
Golimumab,10,605,3.3685432747006416
Golimumab,10,606,3.3487589098513126
Golimumab,10,607,3.3290904946625233
Golimumab,10,608,3.309537749737501
Golimumab,10,609,3.2900995574891567
Golimumab,10,610,3.2707756385207176
Golimumab,10,611,3.2515648752450943
Golimumab,10,612,3.2324669882655144
Golimumab,10,613,3.213481418788433
Golimumab,10,614,3.194607049226761
Golimumab,10,615,3.1758436001837254
Golimumab,10,616,3.1571902334690094
Golimumab,10,617,3.1386463902890682
Golimumab,10,618,3.120211511850357
Golimumab,10,619,3.1018847599625587
Golimumab,10,620,3.0836655758321285
Golimumab,10,621,3.0655534006655216
Golimumab,10,622,3.047547396272421
Golimumab,10,623,3.029647283256054
Golimumab,10,624,3.011851944029331
Golimumab,10,625,2.9941613785922527
Golimumab,10,626,2.976574469357729
Golimumab,10,627,2.9590909369289875
Golimumab,10,628,2.941709943115711
Golimumab,10,629,2.9244309291243553
Golimumab,10,630,2.9072536155581474
Golimumab,10,631,2.890176884829998
Golimumab,10,632,2.8732004575431347
Golimumab,10,633,2.8563237749040127
Golimumab,10,634,2.839545998722315
Golimumab,10,635,2.8228668496012688
Golimumab,10,636,2.8062854893505573
Golimumab,10,637,2.7898013591766357
Golimumab,10,638,2.7734141796827316
Golimumab,10,639,2.7571233920753
Golimumab,10,640,2.740927878767252
Golimumab,10,641,2.724827639758587
Golimumab,10,642,2.708821836858988
Golimumab,10,643,2.69290991127491
Golimumab,10,644,2.677091583609581
Golimumab,10,645,2.6613660156726837
Golimumab,10,646,2.6457329280674458
Golimumab,10,647,2.63019148260355
Golimumab,10,648,2.6147411204874516
Golimumab,10,649,2.599381562322378
Golimumab,10,650,2.584112249314785
Golimumab,10,651,2.5689326226711273
Golimumab,10,652,2.5538421235978603
Golimumab,10,653,2.538839913904667
Golimumab,10,654,2.523925993591547
Golimumab,10,655,2.509099803864956
Golimumab,10,656,2.494360227137804
Golimumab,10,657,2.479707542806864
Golimumab,10,658,2.4651406332850456
Golimumab,10,659,2.4506594985723495
Golimumab,10,660,2.4362633004784584
Golimumab,10,661,2.4219514802098274
Golimumab,10,662,2.407723758369684
Golimumab,10,663,2.393579576164484
Golimumab,10,664,2.379518374800682
Golimumab,10,665,2.3655395954847336
Golimumab,10,666,2.3516432382166386
Golimumab,10,667,2.3378281854093075
Golimumab,10,668,2.324094297364354
Golimumab,10,669,2.31044115498662
Golimumab,10,670,2.296868059784174
Golimumab,10,671,2.2833745926618576
Golimumab,10,672,2.2699604742228985
Golimumab,30,0.25,778.0452489852905
Golimumab,30,0.5,748.1007814407349
Golimumab,30,1,714.32204246521
Golimumab,30,2,677.1717309951782
Golimumab,30,3,650.4331111907959
Golimumab,30,4,627.4129629135132
Golimumab,30,5,606.7947149276733
Golimumab,30,6,588.041353225708
Golimumab,30,7,570.8176374435425
Golimumab,30,8,554.8844218254089
Golimumab,30,9,540.0622844696045
Golimumab,30,10,526.2122511863708
Golimumab,30,11,513.2236003875732
Golimumab,30,12,501.00624561309814
Golimumab,30,13,489.4852638244629
Golimumab,30,14,478.597354888916
Golimumab,30,15,468.28826665878296
Golimumab,30,16,458.5107922554016
Golimumab,30,17,449.22351837158203
Golimumab,30,18,440.3897523880005
Golimumab,30,19,431.9766640663147
Golimumab,30,20,423.95482063293457
Golimumab,30,21,416.29754304885864
Golimumab,30,22,408.9805841445923
Golimumab,30,23,401.9818425178528
Golimumab,30,24,395.28104066848755
Golimumab,30,25,388.8596177101135
Golimumab,30,26,382.70037174224854
Golimumab,30,27,376.7875671386719
Golimumab,30,28,371.1065411567688
Golimumab,30,29,365.6437039375305
Golimumab,30,30,360.38650274276733
Golimumab,30,31,355.3232431411743
Golimumab,30,32,350.44301748275757
Golimumab,30,33,345.73570489883423
Golimumab,30,34,341.191828250885
Golimumab,30,35,336.8025541305542
Golimumab,30,36,332.5596213340759
Golimumab,30,37,328.4553050994873
Golimumab,30,38,324.4823455810547
Golimumab,30,39,320.6340193748474
Golimumab,30,40,316.9039249420166
Golimumab,30,41,313.2861256599426
Golimumab,30,42,309.7750425338745
Golimumab,30,43,306.36534690856934
Golimumab,30,44,303.0521035194397
Golimumab,30,45,299.8307168483734
Golimumab,30,46,296.6967701911926
Golimumab,30,47,293.6461329460144
Golimumab,30,48,290.67492485046387
Golimumab,30,49,287.77948021888733
Golimumab,30,50,284.95633006095886
Golimumab,30,51,282.20221996307373
Golimumab,30,52,279.5140743255615
Golimumab,30,53,276.8889784812927
Golimumab,30,54,274.3241786956787
Golimumab,30,55,271.8170464038849
Golimumab,30,56,269.36516761779785
Golimumab,30,57,266.9661819934845
Golimumab,30,58,264.6178722381592
Golimumab,30,59,262.31818199157715
Golimumab,30,60,260.0650906562805
Golimumab,30,61,257.8567564487457
Golimumab,30,62,255.69139122962952
Golimumab,30,63,253.56727838516235
Golimumab,30,64,251.48284435272217
Golimumab,30,65,249.43655133247375
Golimumab,30,66,247.4269688129425
Golimumab,30,67,245.45268416404724
Golimumab,30,68,243.51242780685425
Golimumab,30,69,241.60494804382324
Golimumab,30,70,239.72904682159424
Golimumab,30,71,237.8836154937744
Golimumab,30,72,236.0675811767578
Golimumab,30,73,234.27990674972534
Golimumab,30,74,232.51964449882507
Golimumab,30,75,230.78584671020508
Golimumab,30,76,229.0776550769806
Golimumab,30,77,227.39421129226685
Golimumab,30,78,225.73471069335938
Golimumab,30,79,224.09838438034058
Golimumab,30,80,222.48451709747314
Golimumab,30,81,220.89239358901978
Golimumab,30,82,219.32135224342346
Golimumab,30,83,217.77076721191406
Golimumab,30,84,216.24001264572144
Golimumab,30,85,214.72851634025574
Golimumab,30,86,213.23572397232056
Golimumab,30,87,211.76108121871948
Golimumab,30,88,210.30410528182983
Golimumab,30,89,208.8642954826355
Golimumab,30,90,207.44118690490723
Golimumab,30,91,206.03431463241577
Golimumab,30,92,204.64326739311218
Golimumab,30,93,203.2676339149475
Golimumab,30,94,201.90702080726624
Golimumab,30,95,200.56105256080627
Golimumab,30,96,199.22935366630554
Golimumab,30,97,197.91156649589539
Golimumab,30,98,196.60738706588745
Golimumab,30,99,195.3164577484131
Golimumab,30,100,194.0385103225708
Golimumab,30,101,192.7732229232788
Golimumab,30,102,191.5203094482422
Golimumab,30,103,190.27950167655945
Golimumab,30,104,189.05054926872253
Golimumab,30,105,187.83316612243652
Golimumab,30,106,186.62713766098022
Golimumab,30,107,185.43221354484558
Golimumab,30,108,184.2481791973114
Golimumab,30,109,183.07480216026306
Golimumab,30,110,181.9118857383728
Golimumab,30,111,180.759197473526
Golimumab,30,112,179.61657643318176
Golimumab,30,113,178.48382592201233
Golimumab,30,114,177.36076712608337
Golimumab,30,115,176.24720335006714
Golimumab,30,116,175.14297366142273
Golimumab,30,117,174.04791712760925
Golimumab,30,118,172.96189069747925
Golimumab,30,119,171.8847155570984
Golimumab,30,120,170.8162486553192
Golimumab,30,121,169.7563648223877
Golimumab,30,122,168.70490312576294
Golimumab,30,123,167.66173839569092
Golimumab,30,124,166.6267454624176
Golimumab,30,125,165.59978127479553
Golimumab,30,126,164.5807385444641
Golimumab,30,127,163.56950998306274
Golimumab,30,128,162.56595253944397
Golimumab,30,129,161.5699589252472
Golimumab,30,130,160.58145761489868
Golimumab,30,131,159.60028767585754
Golimumab,30,132,158.62639546394348
Golimumab,30,133,157.65965580940247
Golimumab,30,134,156.69997930526733
Golimumab,30,135,155.74727654457092
Golimumab,30,136,154.80145812034607
Golimumab,30,137,153.86241674423218
Golimumab,30,138,152.93009877204895
Golimumab,30,139,152.00437903404236
Golimumab,30,140,151.0852038860321
Golimumab,30,141,150.17250180244446
Golimumab,30,142,149.26617443561554
Golimumab,30,143,148.36615025997162
Golimumab,30,144,147.47236669063568
Golimumab,30,145,146.58474326133728
Golimumab,30,146,145.70320844650269
Golimumab,30,147,144.82769966125488
Golimumab,30,148,143.95815432071686
Golimumab,30,149,143.09449195861816
Golimumab,30,150,142.23666787147522
Golimumab,30,151,141.38460159301758
Golimumab,30,152,140.53824841976166
Golimumab,30,153,139.69753682613373
Golimumab,30,154,138.8624221086502
Golimumab,30,155,138.03283274173737
Golimumab,30,156,137.20872402191162
Golimumab,30,157,136.39003336429596
Golimumab,30,158,135.5767160654068
Golimumab,30,159,134.76870954036713
Golimumab,30,160,133.96597802639008
Golimumab,30,161,133.16845893859863
Golimumab,30,162,132.37610757350922
Golimumab,30,163,131.58887028694153
Golimumab,30,164,130.8067113161087
Golimumab,30,165,130.02957701683044
Golimumab,30,166,129.25742268562317
Golimumab,30,167,128.4902036190033
Golimumab,30,168,127.72787511348724
Golimumab,30,169,126.97040140628815
Golimumab,30,170,126.21772885322571
Golimumab,30,171,125.46983063220978
Golimumab,30,172,124.72665309906006
Golimumab,30,173,123.98816049098969
Golimumab,30,174,123.25430810451508
Golimumab,30,175,122.52506911754608
Golimumab,30,176,121.80039882659912
Golimumab,30,177,121.08026146888733
Golimumab,30,178,120.36461234092712
Golimumab,30,179,119.65343356132507
Golimumab,30,180,118.94667148590088
Golimumab,30,181,118.24429035186768
Golimumab,30,182,117.54627227783203
Golimumab,30,183,116.85257256031036
Golimumab,30,184,116.16314649581909
Golimumab,30,185,115.4779851436615
Golimumab,30,186,114.797043800354
Golimumab,30,187,114.12028670310974
Golimumab,30,188,113.44767808914185
Golimumab,30,189,112.77920007705688
Golimumab,30,190,112.114816904068
Golimumab,30,191,111.45450174808502
Golimumab,30,192,110.79820990562439
Golimumab,30,193,110.14592349529266
Golimumab,30,194,109.4976156949997
Golimumab,30,195,108.85325074195862
Golimumab,30,196,108.21280181407928
Golimumab,30,197,107.57624208927155
Golimumab,30,198,106.94354474544525
Golimumab,30,199,106.31467401981354
Golimumab,30,200,105.68962097167969
Golimumab,30,201,105.06834089756012
Golimumab,30,202,104.45080697536469
Golimumab,30,203,103.83701026439667
Golimumab,30,204,103.22690606117249
Golimumab,30,205,102.62048542499542
Golimumab,30,206,102.0177036523819
Golimumab,30,207,101.41855180263519
Golimumab,30,208,100.82300305366516
Golimumab,30,209,100.23102164268494
Golimumab,30,210,99.6425986289978
Golimumab,30,211,99.0576982498169
Golimumab,30,212,98.47630262374878
Golimumab,30,213,97.89838492870331
Golimumab,30,214,97.32391834259033
Golimumab,30,215,96.75289392471313
Golimumab,30,216,96.18527591228485
Golimumab,30,217,95.62104642391205
Golimumab,30,218,95.06017863750458
Golimumab,30,219,94.50266361236572
Golimumab,30,220,93.94846558570862
Golimumab,30,221,93.39755773544312
Golimumab,30,222,92.84994006156921
Golimumab,30,223,92.30557680130005
Golimumab,30,224,91.76445007324219
Golimumab,30,225,91.22653305530548
Golimumab,30,226,90.69181680679321
Golimumab,30,227,90.16026556491852
Golimumab,30,228,89.63187038898468
Golimumab,30,229,89.10661339759827
Golimumab,30,230,88.58446776866913
Golimumab,30,231,88.06541562080383
Golimumab,30,232,87.54943013191223
Golimumab,30,233,87.03651130199432
Golimumab,30,234,86.52661442756653
Golimumab,30,235,86.01973950862885
Golimumab,30,236,85.51585972309113
Golimumab,30,237,85.01495718955994
Golimumab,30,238,84.51701402664185
Golimumab,30,239,84.02201235294342
Golimumab,30,240,83.52993428707123
Golimumab,30,241,83.04076194763184
Golimumab,30,242,82.5544685125351
Golimumab,30,243,82.071053981781
Golimumab,30,244,81.59047365188599
Golimumab,30,245,81.11273646354675
Golimumab,30,246,80.63781559467316
Golimumab,30,247,80.16568422317505
Golimumab,30,248,79.69634234905243
Golimumab,30,249,79.22975420951843
Golimumab,30,250,78.76591980457306
Golimumab,30,251,78.30481231212616
Golimumab,30,252,77.84642279148102
Golimumab,30,253,77.39072442054749
Golimumab,30,254,76.93769931793213
Golimumab,30,255,76.48734748363495
Golimumab,30,256,76.03963315486908
Golimumab,30,257,75.59455633163452
Golimumab,30,258,75.15209913253784
Golimumab,30,259,74.71223026514053
Golimumab,30,260,74.2749497294426
Golimumab,30,261,73.84023517370224
Golimumab,30,262,73.40807318687439
Golimumab,30,263,72.97845035791397
Golimumab,30,264,72.5513443350792
Golimumab,30,265,72.12674617767334
Golimumab,30,266,71.70464247465134
Golimumab,30,267,71.28501087427139
Golimumab,30,268,70.86783796548843
Golimumab,30,269,70.45311480760574
Golimumab,30,270,70.04082351922989
Golimumab,30,271,69.63094621896744
Golimumab,30,272,69.22347396612167
Golimumab,30,273,68.81838887929916
Golimumab,30,274,68.41567754745483
Golimumab,30,275,68.01532655954361
Golimumab,30,276,67.61731803417206
Golimumab,30,277,67.22164303064346
Golimumab,30,278,66.82828813791275
Golimumab,30,279,66.43723100423813
Golimumab,30,280,66.04846715927124
Golimumab,30,281,65.66197872161865
Golimumab,30,282,65.27775675058365
Golimumab,30,283,64.89577889442444
Golimumab,30,284,64.51604068279266
Golimumab,30,285,64.13852423429489
Golimumab,30,286,63.76321613788605
Golimumab,30,287,63.39010298252106
Golimumab,30,288,63.019175827503204
Golimumab,30,289,62.650416791439056
Golimumab,30,290,62.2838169336319
Golimumab,30,291,61.91935837268829
Golimumab,30,292,61.55703663825989
Golimumab,30,293,61.19682937860489
Golimumab,30,294,60.83873212337494
Golimumab,30,295,60.48273146152496
Golimumab,30,296,60.12880951166153
Golimumab,30,297,59.77695733308792
Golimumab,30,298,59.427161514759064
Golimumab,30,299,59.07941311597824
Golimumab,30,300,58.73369872570038
Golimumab,30,301,58.3900049328804
Golimumab,30,302,58.048318326473236
Golimumab,30,303,57.708629965782166
Golimumab,30,304,57.370930910110474
Golimumab,30,305,57.03520327806473
Golimumab,30,306,56.70143812894821
Golimumab,30,307,56.36962205171585
Golimumab,30,308,56.03974610567093
Golimumab,30,309,55.71180135011673
Golimumab,30,310,55.38576990365982
Golimumab,30,311,55.061642825603485
Golimumab,30,312,54.739415645599365
Golimumab,30,313,54.41906601190567
Golimumab,30,314,54.10058945417404
Golimumab,30,315,53.783977031707764
Golimumab,30,316,53.4692108631134
Golimumab,30,317,53.1562864780426
Golimumab,30,318,52.84519046545029
Golimumab,30,319,52.53591388463974
Golimumab,30,320,52.22843885421753
Golimumab,30,321,51.922765374183655
Golimumab,30,322,51.618875563144684
Golimumab,30,323,51.31676495075226
Golimumab,30,324,51.016415655612946
Golimumab,30,325,50.71781873703003
Golimumab,30,326,50.42096972465515
Golimumab,30,327,50.12585520744324
Golimumab,30,328,49.83246624469757
Golimumab,30,329,49.54078942537308
Golimumab,30,330,49.25081580877304
Golimumab,30,331,48.962536454200745
Golimumab,30,332,48.67594242095947
Golimumab,30,333,48.39102029800415
Golimumab,30,334,48.10776561498642
Golimumab,30,335,47.826164960861206
Golimumab,30,336,47.54620939493179
Golimumab,30,337,47.267889976501465
Golimumab,30,338,46.99119329452515
Golimumab,30,339,46.71611487865448
Golimumab,30,340,46.44264578819275
Golimumab,30,341,46.17077261209488
Golimumab,30,342,45.900486409664154
Golimumab,30,343,45.63177824020386
Golimumab,30,344,45.36464363336563
Golimumab,30,345,45.09906470775604
Golimumab,30,346,44.83504146337509
Golimumab,30,347,44.572560489177704
Golimumab,30,348,44.311608374118805
Golimumab,30,349,44.052185118198395
Golimumab,30,350,43.7942773103714
Golimumab,30,351,43.5378760099411
Golimumab,30,352,43.282972276210785
Golimumab,30,353,43.029557168483734
Golimumab,30,354,42.77762174606323
Golimumab,30,355,42.52715706825256
Golimumab,30,356,42.27815866470337
Golimumab,30,357,42.030613124370575
Golimumab,30,358,41.78451597690582
Golimumab,30,359,41.53985381126404
Golimumab,30,360,41.29662215709686
Golimumab,30,361,41.05481207370758
Golimumab,30,362,40.814414620399475
Golimumab,30,363,40.57542085647583
Golimumab,30,364,40.33782631158829
Golimumab,30,365,40.10161757469177
Golimumab,30,366,39.86678570508957
Golimumab,30,367,39.63333070278168
Golimumab,30,368,39.40123915672302
Golimumab,30,369,39.17050212621689
Golimumab,30,370,38.94111514091492
Golimumab,30,371,38.713064789772034
Golimumab,30,372,38.48635107278824
Golimumab,30,373,38.26096057891846
Golimumab,30,374,38.03688883781433
Golimumab,30,375,37.814122438430786
Golimumab,30,376,37.59266138076782
Golimumab,30,377,37.372492253780365
Golimumab,30,378,37.153610587120056
Golimumab,30,379,36.93600744009018
Golimumab,30,380,36.7196761071682
Golimumab,30,381,36.50460988283157
Golimumab,30,382,36.29079982638359
Golimumab,30,383,36.07823923230171
Golimumab,30,384,35.8669213950634
Golimumab,30,385,35.65683737397194
Golimumab,30,386,35.44798269867897
Golimumab,30,387,35.24034842848778
Golimumab,30,388,35.033927857875824
Golimumab,30,389,34.82871204614639
Golimumab,30,390,34.624696522951126
Golimumab,30,391,34.42187458276749
Golimumab,30,392,34.22023728489876
Golimumab,30,393,34.0197779238224
Golimumab,30,394,33.82049202919006
Golimumab,30,395,33.622368425130844
Golimumab,30,396,33.425404876470566
Golimumab,30,397,33.22959244251251
Golimumab,30,398,33.034924417734146
Golimumab,30,399,32.84139409661293
Golimumab,30,400,32.64899477362633
Golimumab,30,401,32.4577197432518
Golimumab,30,402,32.26756453514099
Golimumab,30,403,32.07852020859718
Golimumab,30,404,31.89058005809784
Golimumab,30,405,31.70374184846878
Golimumab,30,406,31.517992168664932
Golimumab,30,407,31.333331018686295
Golimumab,30,408,31.149747222661972
Golimumab,30,409,30.967238545417786
Golimumab,30,410,30.785798281431198
Golimumab,30,411,30.605415254831314
Golimumab,30,412,30.426089465618134
Golimumab,30,413,30.24781197309494
Golimumab,30,414,30.070576071739197
Golimumab,30,415,29.894377291202545
Golimumab,30,416,29.719208925962448
Golimumab,30,417,29.54506427049637
Golimumab,30,418,29.371938854455948
Golimumab,30,419,29.19982373714447
Golimumab,30,420,29.028716683387756
Golimumab,30,421,28.85861098766327
Golimumab,30,422,28.689497709274292
Golimumab,30,423,28.521376848220825
Golimumab,30,424,28.354237228631973
Golimumab,30,425,28.188074380159378
Golimumab,30,426,28.02288383245468
Golimumab,30,427,27.858658879995346
Golimumab,30,428,27.695397287607193
Golimumab,30,429,27.533087879419327
Golimumab,30,430,27.37172842025757
Golimumab,30,431,27.21131220459938
Golimumab,30,432,27.051834762096405
Golimumab,30,433,26.893291622400284
Golimumab,30,434,26.7356738448143
Golimumab,30,435,26.578979194164276
Golimumab,30,436,26.423200964927673
Golimumab,30,437,26.268332451581955
Golimumab,30,438,26.114371418952942
Golimumab,30,439,25.961311161518097
Golimumab,30,440,25.809147208929062
Golimumab,30,441,25.65787062048912
Golimumab,30,442,25.507481396198273
Golimumab,30,443,25.357970595359802
Golimumab,30,444,25.20933598279953
Golimumab,30,445,25.06157085299492
Golimumab,30,446,24.91466850042343
Golimumab,30,447,24.76862668991089
Golimumab,30,448,24.623438715934753
Golimumab,30,449,24.479102343320847
Golimumab,30,450,24.335608631372452
Golimumab,30,451,24.19295534491539
Golimumab,30,452,24.051135778427124
Golimumab,30,453,23.910147696733475
Golimumab,30,454,23.769982159137726
Golimumab,30,455,23.630639165639877
Golimumab,30,456,23.492109775543213
Golimumab,30,457,23.354391753673553
Golimumab,30,458,23.21748062968254
Golimumab,30,459,23.081369698047638
Golimumab,30,460,22.946056723594666
Golimumab,30,461,22.811532765626907
Golimumab,30,462,22.677797824144363
Golimumab,30,463,22.544847428798676
Golimumab,30,464,22.412672638893127
Golimumab,30,465,22.28127121925354
Golimumab,30,466,22.150640934705734
Golimumab,30,467,22.020772844552994
Golimumab,30,468,21.89166694879532
Golimumab,30,469,21.763314306735992
Golimumab,30,470,21.635714918375015
Golimumab,30,471,21.50886207818985
Golimumab,30,472,21.382751315832138
Golimumab,30,473,21.25737816095352
Golimumab,30,474,21.132740378379822
Golimumab,30,475,21.0088312625885
Golimumab,30,476,20.88564857840538
Golimumab,30,477,20.763185620307922
Golimumab,30,478,20.64144015312195
Golimumab,30,479,20.5204077064991
Golimumab,30,480,20.40008381009102
Golimumab,30,481,20.280463993549347
Golimumab,30,482,20.161543786525726
Golimumab,30,483,20.043320953845978
Golimumab,30,484,19.925788789987564
Golimumab,30,485,19.808947294950485
Golimumab,30,486,19.692787528038025
Golimumab,30,487,19.577309489250183
Golimumab,30,488,19.462506473064423
Golimumab,30,489,19.348374009132385
Golimumab,30,490,19.23491209745407
Golimumab,30,491,19.122114032506943
Golimumab,30,492,19.00997757911682
Golimumab,30,493,18.89849603176117
Golimumab,30,494,18.787667155265808
Golimumab,30,495,18.67748871445656
Golimumab,30,496,18.567955121397972
Golimumab,30,497,18.45906302332878
Golimumab,30,498,18.350807949900627
Golimumab,30,499,18.24318654835224
Golimumab,30,500,18.136195465922356
Golimumab,30,501,18.0298313498497
Golimumab,30,502,17.92409084737301
Golimumab,30,503,17.81896837055683
Golimumab,30,504,17.71446168422699
Golimumab,30,505,17.610567435622215
Golimumab,30,506,17.50728227198124
Golimumab,30,507,17.404600605368614
Golimumab,30,508,17.30252131819725
Golimumab,30,509,17.20103994011879
Golimumab,30,510,17.100152000784874
Golimumab,30,511,16.999855265021324
Golimumab,30,512,16.90014638006687
Golimumab,30,513,16.801021993160248
Golimumab,30,514,16.702477633953094
Golimumab,30,515,16.604509949684143
Golimumab,30,516,16.507116705179214
Golimumab,30,517,16.41029454767704
Golimumab,30,518,16.314039006829262
Golimumab,30,519,16.21834672987461
Golimumab,30,520,16.12321548163891
Golimumab,30,521,16.028641909360886
Golimumab,30,522,15.934621542692184
Golimumab,30,523,15.841152146458626
Golimumab,30,524,15.748230367898941
Golimumab,30,525,15.655852854251862
Golimumab,30,526,15.564017370343208
Golimumab,30,527,15.472718328237534
Golimumab,30,528,15.381955727934837
Golimumab,30,529,15.291723981499672
Golimumab,30,530,15.202020853757858
Golimumab,30,531,15.112844109535217
Golimumab,30,532,15.02418927848339
Golimumab,30,533,14.93605300784111
Golimumab,30,534,14.848434180021286
Golimumab,30,535,14.76132832467556
Golimumab,30,536,14.674733206629753
Golimumab,30,537,14.588645473122597
Golimumab,30,538,14.503061771392822
Golimumab,30,539,14.41797986626625
Golimumab,30,540,14.333395287394524
Golimumab,30,541,14.249308034777641
Golimumab,30,542,14.165712520480156
Golimumab,30,543,14.082607626914978
Golimumab,30,544,13.99998888373375
Golimumab,30,545,13.917854055762291
Golimumab,30,546,13.836200907826424
Golimumab,30,547,13.755027204751968
Golimumab,30,548,13.674327358603477
Golimumab,30,549,13.594101369380951
Golimumab,30,550,13.51434588432312
Golimumab,30,551,13.435057550668716
Golimumab,30,552,13.35623413324356
Golimumab,30,553,13.277872279286385
Golimumab,30,554,13.19996863603592
Golimumab,30,555,13.122523203492165
Golimumab,30,556,13.045530393719673
Golimumab,30,557,12.968990206718445
Golimumab,30,558,12.892897054553032
Golimumab,30,559,12.817250937223434
Golimumab,30,560,12.742047384381294
Golimumab,30,561,12.667285278439522
Golimumab,30,562,12.592961266636848
Golimumab,30,563,12.519073113799095
Golimumab,30,564,12.445617467164993
Golimumab,30,565,12.372592091560364
Golimumab,30,566,12.299994751811028
Golimumab,30,567,12.227824330329895
Golimumab,30,568,12.156075239181519
Golimumab,30,569,12.084747478365898
Golimumab,30,570,12.013837695121765
Golimumab,30,571,11.94334365427494
Golimumab,30,572,11.873263120651245
Golimumab,30,573,11.80359274148941
Golimumab,30,574,11.734330281615257
Golimumab,30,575,11.665474623441696
Golimumab,30,576,11.597022414207458
Golimumab,30,577,11.528972536325455
Golimumab,30,578,11.461320519447327
Golimumab,30,579,11.394064128398895
Golimumab,30,580,11.32720336318016
Golimumab,30,581,11.260734871029854
Golimumab,30,582,11.194655299186707
Golimumab,30,583,11.12896241247654
Golimumab,30,584,11.063656210899353
Golimumab,30,585,10.998731106519699
Golimumab,30,586,10.934188216924667
Golimumab,30,587,10.8700230717659
Golimumab,30,588,10.806233435869217
Golimumab,30,589,10.74281930923462
Golimumab,30,590,10.679775103926659
Golimumab,30,591,10.617101937532425
Golimumab,30,592,10.55479533970356
Golimumab,30,593,10.492855310440063
Golimumab,30,594,10.431277379393578
Golimumab,30,595,10.370060428977013
Golimumab,30,596,10.30920222401619
Golimumab,30,597,10.248701646924019
Golimumab,30,598,10.188555344939232
Golimumab,30,599,10.128762200474739
Golimumab,30,600,10.069318860769272
Golimumab,30,601,10.01022420823574
Golimumab,30,602,9.951476007699966
Golimumab,30,603,9.89307314157486
Golimumab,30,604,9.835012257099152
Golimumab,30,605,9.777291119098663
Golimumab,30,606,9.719908609986305
Golimumab,30,607,9.662863612174988
Golimumab,30,608,9.606152772903442
Golimumab,30,609,9.54977385699749
Golimumab,30,610,9.493725746870041
Golimumab,30,611,9.438006207346916
Golimumab,30,612,9.382613003253937
Golimumab,30,613,9.327545575797558
Golimumab,30,614,9.27280057221651
Golimumab,30,615,9.218376874923706
Golimumab,30,616,9.164272248744965
Golimumab,30,617,9.110484458506107
Golimumab,30,618,9.057012386620045
Golimumab,30,619,9.003854356706142
Golimumab,30,620,8.951007574796677
Golimumab,30,621,8.898470364511013
Golimumab,30,622,8.846241608262062
Golimumab,30,623,8.79431962966919
Golimumab,30,624,8.742701634764671
Golimumab,30,625,8.691386505961418
Golimumab,30,626,8.64037200808525
Golimumab,30,627,8.58965702354908
Golimumab,30,628,8.539239317178726
Golimumab,30,629,8.489117212593555
Golimumab,30,630,8.439289033412933
Golimumab,30,631,8.38975366204977
Golimumab,30,632,8.340508304536343
Golimumab,30,633,8.29155184328556
Golimumab,30,634,8.24288260191679
Golimumab,30,635,8.194498345255852
Golimumab,30,636,8.146398514509201
Golimumab,30,637,8.098580315709114
Golimumab,30,638,8.051043190062046
Golimumab,30,639,8.003784343600273
Golimumab,30,640,7.956802658736706
Golimumab,30,641,7.9100970178842545
Golimumab,30,642,7.863664627075195
Golimumab,30,643,7.817505486309528
Golimumab,30,644,7.771616242825985
Golimumab,30,645,7.72599633783102
Golimumab,30,646,7.680644653737545
Golimumab,30,647,7.635558396577835
Golimumab,30,648,7.590736448764801
Golimumab,30,649,7.546177692711353
Golimumab,30,650,7.501880452036858
Golimumab,30,651,7.457842491567135
Golimumab,30,652,7.41406325250864
Golimumab,30,653,7.37054105848074
Golimumab,30,654,7.327273674309254
Golimumab,30,655,7.284260541200638
Golimumab,30,656,7.241499423980713
Golimumab,30,657,7.198989205062389
Golimumab,30,658,7.156728208065033
Golimumab,30,659,7.114715315401554
Golimumab,30,660,7.0729488506913185
Golimumab,30,661,7.031427696347237
Golimumab,30,662,6.990149617195129
Golimumab,30,663,6.949113495647907
Golimumab,30,664,6.9083187729120255
Golimumab,30,665,6.867763213813305
Golimumab,30,666,6.827445141971111
Golimumab,30,667,6.7873639985919
Golimumab,30,668,6.7475175485014915
Golimumab,30,669,6.7079052329063416
Golimumab,30,670,6.668525375425816
Golimumab,30,671,6.629376299679279
Golimumab,30,672,6.590456888079643
