Molecule,Variability_CV,Replicate,Dose_mg_kg,Monkeys_in_truth,Excluded_profiles,Expected_monkeys_in_truth,Dense_truth_value,Endpoint
Golimumab,0.3,1,0.1,50,0,50,134.80742407168154,AUC0-28d
Golimumab,0.3,1,0.1,50,0,50,2.315156439319253,Cmax
Golimumab,0.3,1,0.1,50,0,50,0.08838078875811044,Terminal clearance
Golimumab,0.3,1,1,50,0,50,1348.3785950085025,AUC0-28d
Golimumab,0.3,1,1,50,0,50,23.151328817009926,Cmax
Golimumab,0.3,1,1,50,0,50,0.08831549277843959,Terminal clearance
Golimumab,0.3,1,3,50,0,50,4028.4746203880577,AUC0-28d
Golimumab,0.3,1,3,50,0,50,69.45176169276237,Cmax
Golimumab,0.3,1,3,50,0,50,0.08865579539918497,Terminal clearance
Golimumab,0.3,1,10,50,0,50,13229.901765387136,AUC0-28d
Golimumab,0.3,1,10,50,0,50,231.47773844003677,Cmax
Golimumab,0.3,1,10,50,0,50,0.08992150983653349,Terminal clearance
Golimumab,0.3,1,30,50,0,50,38123.73512129611,AUC0-28d
Golimumab,0.3,1,30,50,0,50,694.1446530818939,Cmax
Golimumab,0.3,1,30,50,0,50,0.09346236541684891,Terminal clearance
Golimumab,0.3,2,0.1,50,0,50,312.6900733444746,AUC0-28d
Golimumab,0.3,2,0.1,50,0,50,2.3171723065897822,Cmax
Golimumab,0.3,2,0.1,50,0,50,0.03534879424235689,Terminal clearance
Golimumab,0.3,2,1,50,0,50,3126.9286499657237,AUC0-28d
Golimumab,0.3,2,1,50,0,50,23.171661034226418,Cmax
Golimumab,0.3,2,1,50,0,50,0.035292390656953894,Terminal clearance
Golimumab,0.3,2,3,50,0,50,9351.972091417894,AUC0-28d
Golimumab,0.3,2,3,50,0,50,69.51390472054482,Cmax
Golimumab,0.3,2,3,50,0,50,0.03539168881746706,Terminal clearance
Golimumab,0.3,2,10,50,0,50,30826.626422665937,AUC0-28d
Golimumab,0.3,2,10,50,0,50,231.69884258508682,Cmax
Golimumab,0.3,2,10,50,0,50,0.03576677560272541,Terminal clearance
Golimumab,0.3,2,30,50,0,50,89556.59864171482,AUC0-28d
Golimumab,0.3,2,30,50,0,50,694.9355456829071,Cmax
Golimumab,0.3,2,30,50,0,50,0.036874080116281696,Terminal clearance
Golimumab,0.3,3,0.1,50,0,50,234.48937391336528,AUC0-28d
Golimumab,0.3,3,0.1,50,0,50,2.316649521701038,Cmax
Golimumab,0.3,3,0.1,50,0,50,0.04948282633466388,Terminal clearance
Golimumab,0.3,3,1,50,0,50,2343.8736502281504,AUC0-28d
Golimumab,0.3,3,1,50,0,50,23.166386112570763,Cmax
Golimumab,0.3,3,1,50,0,50,0.04945536483601844,Terminal clearance
Golimumab,0.3,3,3,50,0,50,7006.58227990692,AUC0-28d
Golimumab,0.3,3,3,50,0,50,69.49773868918419,Cmax
Golimumab,0.3,3,3,50,0,50,0.04962001208107234,Terminal clearance
Golimumab,0.3,3,10,50,0,50,23058.537519322046,AUC0-28d
Golimumab,0.3,3,10,50,0,50,231.64070373773575,Cmax
Golimumab,0.3,3,10,50,0,50,0.05022488493015614,Terminal clearance
Golimumab,0.3,3,30,50,0,50,66729.2704085204,AUC0-28d
Golimumab,0.3,3,30,50,0,50,694.7189161777496,Cmax
Golimumab,0.3,3,30,50,0,50,0.05197785169589679,Terminal clearance
Golimumab,0.3,4,0.1,50,0,50,200.0923171423274,AUC0-28d
Golimumab,0.3,4,0.1,50,0,50,2.316302441060543,Cmax
Golimumab,0.3,4,0.1,50,0,50,0.058788015663158534,Terminal clearance
Golimumab,0.3,4,1,50,0,50,2001.359934047534,AUC0-28d
Golimumab,0.3,4,1,50,0,50,23.162884265184402,Cmax
Golimumab,0.3,4,1,50,0,50,0.0587045303087427,Terminal clearance
Golimumab,0.3,4,3,50,0,50,5981.6927103020025,AUC0-28d
Golimumab,0.3,4,3,50,0,50,69.4870243370533,Cmax
Golimumab,0.3,4,3,50,0,50,0.05890779151410907,Terminal clearance
Golimumab,0.3,4,10,50,0,50,19671.04968959969,AUC0-28d
Golimumab,0.3,4,10,50,0,50,231.60242092609406,Cmax
Golimumab,0.3,4,10,50,0,50,0.05966900764087661,Terminal clearance
Golimumab,0.3,4,30,50,0,50,56829.205945776215,AUC0-28d
Golimumab,0.3,4,30,50,0,50,694.579975605011,Cmax
Golimumab,0.3,4,30,50,0,50,0.061857577590642254,Terminal clearance
Golimumab,0.3,5,0.1,50,0,50,184.79260688430682,AUC0-28d
Golimumab,0.3,5,0.1,50,0,50,2.316106578335166,Cmax
Golimumab,0.3,5,0.1,50,0,50,0.06391923071100965,Terminal clearance
Golimumab,0.3,5,1,50,0,50,1847.540523078236,AUC0-28d
Golimumab,0.3,5,1,50,0,50,23.16090126335621,Cmax
Golimumab,0.3,5,1,50,0,50,0.06387867817287181,Terminal clearance
Golimumab,0.3,5,3,50,0,50,5521.215425046363,AUC0-28d
Golimumab,0.3,5,3,50,0,50,69.480961561203,Cmax
Golimumab,0.3,5,3,50,0,50,0.06410973776798513,Terminal clearance
Golimumab,0.3,5,10,50,0,50,18150.24029206461,AUC0-28d
Golimumab,0.3,5,10,50,0,50,231.58084452152252,Cmax
Golimumab,0.3,5,10,50,0,50,0.0649616269447554,Terminal clearance
Golimumab,0.3,5,30,50,0,50,52396.786178619535,AUC0-28d
Golimumab,0.3,5,30,50,0,50,694.5028274059296,Cmax
Golimumab,0.3,5,30,50,0,50,0.06739492495186786,Terminal clearance
Golimumab,0.3,6,0.1,50,0,50,199.6143426253051,AUC0-28d
Golimumab,0.3,6,0.1,50,0,50,2.316298194229603,Cmax
Golimumab,0.3,6,0.1,50,0,50,0.058962265595989695,Terminal clearance
Golimumab,0.3,6,1,50,0,50,1998.020453106672,AUC0-28d
Golimumab,0.3,6,1,50,0,50,23.162846088409424,Cmax
Golimumab,0.3,6,1,50,0,50,0.05881216259196022,Terminal clearance
Golimumab,0.3,6,3,50,0,50,5972.034043484743,AUC0-28d
Golimumab,0.3,6,3,50,0,50,69.48690819740295,Cmax
Golimumab,0.3,6,3,50,0,50,0.059009948739218956,Terminal clearance
Golimumab,0.3,6,10,50,0,50,19639.533618463305,AUC0-28d
Golimumab,0.3,6,10,50,0,50,231.60201108455658,Cmax
Golimumab,0.3,6,10,50,0,50,0.059771135246011756,Terminal clearance
Golimumab,0.3,6,30,50,0,50,56737.5963716967,AUC0-28d
Golimumab,0.3,6,30,50,0,50,694.5784907341003,Cmax
Golimumab,0.3,6,30,50,0,50,0.0619639171498333,Terminal clearance
Golimumab,0.3,7,0.1,50,0,50,261.30991329971744,AUC0-28d
Golimumab,0.3,7,0.1,50,0,50,2.316861044615507,Cmax
Golimumab,0.3,7,0.1,50,0,50,0.04380441060379355,Terminal clearance
Golimumab,0.3,7,1,50,0,50,2612.7282229076377,AUC0-28d
Golimumab,0.3,7,1,50,0,50,23.16852329671383,Cmax
Golimumab,0.3,7,1,50,0,50,0.043753655891012884,Terminal clearance
Golimumab,0.3,7,3,50,0,50,7811.736643941248,AUC0-28d
Golimumab,0.3,7,3,50,0,50,69.5042849779129,Cmax
Golimumab,0.3,7,3,50,0,50,0.043890394250775094,Terminal clearance
Golimumab,0.3,7,10,50,0,50,25723.179697730153,AUC0-28d
Golimumab,0.3,7,10,50,0,50,231.66419005393982,Cmax
Golimumab,0.3,7,10,50,0,50,0.044399875838631864,Terminal clearance
Golimumab,0.3,7,30,50,0,50,74541.33271407823,AUC0-28d
Golimumab,0.3,7,30,50,0,50,694.80557513237,Cmax
Golimumab,0.3,7,30,50,0,50,0.04588749129465414,Terminal clearance
Golimumab,0.3,8,0.1,50,0,50,189.09818918779519,AUC0-28d
Golimumab,0.3,8,0.1,50,0,50,2.316165086813271,Cmax
Golimumab,0.3,8,0.1,50,0,50,0.0624254522508746,Terminal clearance
Golimumab,0.3,8,1,50,0,50,1892.0104344769172,AUC0-28d
Golimumab,0.3,8,1,50,0,50,23.16150800138712,Cmax
Golimumab,0.3,8,1,50,0,50,0.06230433018656803,Terminal clearance
Golimumab,0.3,8,3,50,0,50,5654.5741936326795,AUC0-28d
Golimumab,0.3,8,3,50,0,50,69.48281827569008,Cmax
Golimumab,0.3,8,3,50,0,50,0.06252227391558499,Terminal clearance
Golimumab,0.3,8,10,50,0,50,18590.847024323037,AUC0-28d
Golimumab,0.3,8,10,50,0,50,231.58744722604752,Cmax
Golimumab,0.3,8,10,50,0,50,0.06334504791988785,Terminal clearance
Golimumab,0.3,8,30,50,0,50,53680.29932068414,AUC0-28d
Golimumab,0.3,8,30,50,0,50,694.5263500213623,Cmax
Golimumab,0.3,8,30,50,0,50,0.06570332382762735,Terminal clearance
Golimumab,0.3,9,0.1,50,0,50,147.80564426284099,AUC0-28d
Golimumab,0.3,9,0.1,50,0,50,2.3154644882306457,Cmax
Golimumab,0.3,9,0.1,50,0,50,0.08048899432132339,Terminal clearance
Golimumab,0.3,9,1,50,0,50,1477.5698295764598,AUC0-28d
Golimumab,0.3,9,1,50,0,50,23.154439575970173,Cmax
Golimumab,0.3,9,1,50,0,50,0.08046545190161283,Terminal clearance
Golimumab,0.3,9,3,50,0,50,4414.481914768513,AUC0-28d
Golimumab,0.3,9,3,50,0,50,69.46124115586281,Cmax
Golimumab,0.3,9,3,50,0,50,0.08077701010989631,Terminal clearance
Golimumab,0.3,9,10,50,0,50,14500.479023786902,AUC0-28d
Golimumab,0.3,9,10,50,0,50,231.5110689997673,Cmax
Golimumab,0.3,9,10,50,0,50,0.08191484047663149,Terminal clearance
Golimumab,0.3,9,30,50,0,50,41798.04969819238,AUC0-28d
Golimumab,0.3,9,30,50,0,50,694.2586734294891,Cmax
Golimumab,0.3,9,30,50,0,50,0.08511278326685172,Terminal clearance
Golimumab,0.3,10,0.1,50,0,50,200.57724213479494,AUC0-28d
Golimumab,0.3,10,0.1,50,0,50,2.3163113426417112,Cmax
Golimumab,0.3,10,0.1,50,0,50,0.058658487457935296,Terminal clearance
Golimumab,0.3,10,1,50,0,50,2008.4050374119922,AUC0-28d
Golimumab,0.3,10,1,50,0,50,23.162971548736095,Cmax
Golimumab,0.3,10,1,50,0,50,0.0584907252130202,Terminal clearance
Golimumab,0.3,10,3,50,0,50,6003.381159206517,AUC0-28d
Golimumab,0.3,10,3,50,0,50,69.48729166388512,Cmax
Golimumab,0.3,10,3,50,0,50,0.058682553485991634,Terminal clearance
Golimumab,0.3,10,10,50,0,50,19743.41381577329,AUC0-28d
Golimumab,0.3,10,10,50,0,50,231.60337257385254,Cmax
Golimumab,0.3,10,10,50,0,50,0.059436592545183596,Terminal clearance
Golimumab,0.3,10,30,50,0,50,57040.91307177341,AUC0-28d
Golimumab,0.3,10,30,50,0,50,694.5833902359009,Cmax
Golimumab,0.3,10,30,50,0,50,0.061613461575625396,Terminal clearance
Golimumab,0.3,11,0.1,50,0,50,206.928635684812,AUC0-28d
Golimumab,0.3,11,0.1,50,0,50,2.31638353317976,Cmax
Golimumab,0.3,11,0.1,50,0,50,0.0567431251490212,Terminal clearance
Golimumab,0.3,11,1,50,0,50,2071.8217713992212,AUC0-28d
Golimumab,0.3,11,1,50,0,50,23.163698941469193,Cmax
Golimumab,0.3,11,1,50,0,50,0.056578023922568076,Terminal clearance
Golimumab,0.3,11,3,50,0,50,6193.112492617134,AUC0-28d
Golimumab,0.3,11,3,50,0,50,69.4895167350769,Cmax
Golimumab,0.3,11,3,50,0,50,0.05676251213290938,Terminal clearance
Golimumab,0.3,11,10,50,0,50,20370.183225176435,AUC0-28d
Golimumab,0.3,11,10,50,0,50,231.61130690574646,Cmax
Golimumab,0.3,11,10,50,0,50,0.057484202491117936,Terminal clearance
Golimumab,0.3,11,30,50,0,50,58870.023958489975,AUC0-28d
Golimumab,0.3,11,30,50,0,50,694.611976146698,Cmax
Golimumab,0.3,11,30,50,0,50,0.05957088548492767,Terminal clearance
Golimumab,0.3,12,0.1,50,0,50,185.23932467441,AUC0-28d
Golimumab,0.3,12,0.1,50,0,50,2.3161120181903243,Cmax
Golimumab,0.3,12,0.1,50,0,50,0.0637734331492887,Terminal clearance
Golimumab,0.3,12,1,50,0,50,1852.4848218609823,AUC0-28d
Golimumab,0.3,12,1,50,0,50,23.16096981614828,Cmax
Golimumab,0.3,12,1,50,0,50,0.0637005984688012,Terminal clearance
Golimumab,0.3,12,3,50,0,50,5536.090056120492,AUC0-28d
Golimumab,0.3,12,3,50,0,50,69.48117363452911,Cmax
Golimumab,0.3,12,3,50,0,50,0.06392923111410373,Terminal clearance
Golimumab,0.3,12,10,50,0,50,18199.431322734577,AUC0-28d
Golimumab,0.3,12,10,50,0,50,231.58159625530243,Cmax
Golimumab,0.3,12,10,50,0,50,0.06477753052473474,Terminal clearance
Golimumab,0.3,12,30,50,0,50,52540.08719763375,AUC0-28d
Golimumab,0.3,12,30,50,0,50,694.5055117607117,Cmax
Golimumab,0.3,12,30,50,0,50,0.0672022154209896,Terminal clearance
Golimumab,0.3,13,0.1,50,0,50,269.1244397287688,AUC0-28d
Golimumab,0.3,13,0.1,50,0,50,2.3169167479500175,Cmax
Golimumab,0.3,13,0.1,50,0,50,0.042351558293034976,Terminal clearance
Golimumab,0.3,13,1,50,0,50,2692.157547340775,AUC0-28d
Golimumab,0.3,13,1,50,0,50,23.169079832732677,Cmax
Golimumab,0.3,13,1,50,0,50,0.042265148120522976,Terminal clearance
Golimumab,0.3,13,3,50,0,50,8049.911232618167,AUC0-28d
Golimumab,0.3,13,3,50,0,50,69.50599005818367,Cmax
Golimumab,0.3,13,3,50,0,50,0.042392317431024756,Terminal clearance
Golimumab,0.3,13,10,50,0,50,26512.17330391904,AUC0-28d
Golimumab,0.3,13,10,50,0,50,231.67032122612,Cmax
Golimumab,0.3,13,10,50,0,50,0.04287651365333626,Terminal clearance
Golimumab,0.3,13,30,50,0,50,76858.50092349986,AUC0-28d
Golimumab,0.3,13,30,50,0,50,694.82837533950806,Cmax
Golimumab,0.3,13,30,50,0,50,0.044295401384421666,Terminal clearance
Golimumab,0.3,14,0.1,50,0,50,213.27944149017466,AUC0-28d
Golimumab,0.3,14,0.1,50,0,50,2.3164478363469243,Cmax
Golimumab,0.3,14,0.1,50,0,50,0.054899383828134404,Terminal clearance
Golimumab,0.3,14,1,50,0,50,2132.733854112191,AUC0-28d
Golimumab,0.3,14,1,50,0,50,23.164354920387268,Cmax
Golimumab,0.3,14,1,50,0,50,0.05483514773241535,Terminal clearance
Golimumab,0.3,14,3,50,0,50,6374.753749976868,AUC0-28d
Golimumab,0.3,14,3,50,0,50,69.49152266979218,Cmax
Golimumab,0.3,14,3,50,0,50,0.05502223172323611,Terminal clearance
Golimumab,0.3,14,10,50,0,50,20969.668765552335,AUC0-28d
Golimumab,0.3,14,10,50,0,50,231.61847180128098,Cmax
Golimumab,0.3,14,10,50,0,50,0.05571760798615989,Terminal clearance
Golimumab,0.3,14,30,50,0,50,60620.14104679595,AUC0-28d
Golimumab,0.3,14,30,50,0,50,694.6378948688507,Cmax
Golimumab,0.3,14,30,50,0,50,0.05772355041444205,Terminal clearance
Golimumab,0.3,15,0.1,50,0,50,181.1535292651765,AUC0-28d
Golimumab,0.3,15,0.1,50,0,50,2.316057801246643,Cmax
Golimumab,0.3,15,0.1,50,0,50,0.06530915920065396,Terminal clearance
Golimumab,0.3,15,1,50,0,50,1813.7302084028775,AUC0-28d
Golimumab,0.3,15,1,50,0,50,23.160424523055553,Cmax
Golimumab,0.3,15,1,50,0,50,0.06513292457250935,Terminal clearance
Golimumab,0.3,15,3,50,0,50,5420.664115429792,AUC0-28d
Golimumab,0.3,15,3,50,0,50,69.4795073568821,Cmax
Golimumab,0.3,15,3,50,0,50,0.06535733880519319,Terminal clearance
Golimumab,0.3,15,10,50,0,50,17819.054855353977,AUC0-28d
Golimumab,0.3,15,10,50,0,50,231.57567912340164,Cmax
Golimumab,0.3,15,10,50,0,50,0.06622684781341505,Terminal clearance
Golimumab,0.3,15,30,50,0,50,51433.31151496316,AUC0-28d
Golimumab,0.3,15,30,50,0,50,694.4844903945923,Cmax
Golimumab,0.3,15,30,50,0,50,0.06871725070645339,Terminal clearance
Golimumab,0.3,16,0.1,50,0,50,117.95251347278506,AUC0-28d
Golimumab,0.3,16,0.1,50,0,50,2.3146436121314764,Cmax
Golimumab,0.3,16,0.1,50,0,50,0.1011377705947061,Terminal clearance
Golimumab,0.3,16,1,50,0,50,1179.620117821743,AUC0-28d
Golimumab,0.3,16,1,50,0,50,23.146174997091293,Cmax
Golimumab,0.3,16,1,50,0,50,0.10108808070399244,Terminal clearance
Golimumab,0.3,16,3,49,1,49,3503.3891133550464,AUC0-28d
Golimumab,0.3,16,3,49,1,49,69.02750602790287,Cmax
Golimumab,0.3,16,3,49,1,49,0.10148371236073925,Terminal clearance
Golimumab,0.3,16,10,50,0,50,11570.842840657742,AUC0-28d
Golimumab,0.3,16,10,50,0,50,231.42288780212402,Cmax
Golimumab,0.3,16,10,50,0,50,0.10295679739895128,Terminal clearance
Golimumab,0.3,16,30,50,0,50,33339.95559660001,AUC0-28d
Golimumab,0.3,16,30,50,0,50,693.9602994918823,Cmax
Golimumab,0.3,16,30,50,0,50,0.10702396170763509,Terminal clearance
Golimumab,0.3,17,0.1,50,0,50,274.1937258367975,AUC0-28d
Golimumab,0.3,17,0.1,50,0,50,2.3169502979144454,Cmax
Golimumab,0.3,17,0.1,50,0,50,0.0414369287652912,Terminal clearance
Golimumab,0.3,17,1,50,0,50,2742.662562044301,AUC0-28d
Golimumab,0.3,17,1,50,0,50,23.169417433440685,Cmax
Golimumab,0.3,17,1,50,0,50,0.041357034581145445,Terminal clearance
Golimumab,0.3,17,3,50,0,50,8201.12106254405,AUC0-28d
Golimumab,0.3,17,3,50,0,50,69.50702485442162,Cmax
Golimumab,0.3,17,3,50,0,50,0.041480689190634544,Terminal clearance
Golimumab,0.3,17,10,50,0,50,27012.90160596864,AUC0-28d
Golimumab,0.3,17,10,50,0,50,231.67404252290726,Cmax
Golimumab,0.3,17,10,50,0,50,0.04195040250788845,Terminal clearance
Golimumab,0.3,17,30,50,0,50,78329.70304503453,AUC0-28d
Golimumab,0.3,17,30,50,0,50,694.842264175415,Cmax
Golimumab,0.3,17,30,50,0,50,0.04332797048060487,Terminal clearance
Golimumab,0.3,18,0.1,50,0,50,176.86441690783067,AUC0-28d
Golimumab,0.3,18,0.1,50,0,50,2.3159931767731905,Cmax
Golimumab,0.3,18,0.1,50,0,50,0.06694913936270915,Terminal clearance
Golimumab,0.3,18,1,50,0,50,1769.9085635125184,AUC0-28d
Golimumab,0.3,18,1,50,0,50,23.15977319329977,Cmax
Golimumab,0.3,18,1,50,0,50,0.06681451366889316,Terminal clearance
Golimumab,0.3,18,3,50,0,50,5289.310951521815,AUC0-28d
Golimumab,0.3,18,3,50,0,50,69.47751742601395,Cmax
Golimumab,0.3,18,3,50,0,50,0.0670516607303532,Terminal clearance
Golimumab,0.3,18,10,50,0,50,17385.285680993755,AUC0-28d
Golimumab,0.3,18,10,50,0,50,231.56861436367035,Cmax
Golimumab,0.3,18,10,50,0,50,0.06795191435625102,Terminal clearance
Golimumab,0.3,18,30,50,0,50,50171.03791924191,AUC0-28d
Golimumab,0.3,18,30,50,0,50,694.45947432518,Cmax
Golimumab,0.3,18,30,50,0,50,0.070521908692453,Terminal clearance
Golimumab,0.3,19,0.1,50,0,50,356.2949935572787,AUC0-28d
Golimumab,0.3,19,0.1,50,0,50,2.3173708487302065,Cmax
Golimumab,0.3,19,0.1,50,0,50,0.02983482843858707,Terminal clearance
Golimumab,0.3,19,1,50,0,50,3562.6765358352814,AUC0-28d
Golimumab,0.3,19,1,50,0,50,23.17368022352457,Cmax
Golimumab,0.3,19,1,50,0,50,0.029788136100526497,Terminal clearance
Golimumab,0.3,19,3,50,0,50,10657.541262036604,AUC0-28d
Golimumab,0.3,19,3,50,0,50,69.5201028585434,Cmax
Golimumab,0.3,19,3,50,0,50,0.029865911145026198,Terminal clearance
Golimumab,0.3,19,10,50,0,50,35158.38703590984,AUC0-28d
Golimumab,0.3,19,10,50,0,50,231.72125762701035,Cmax
Golimumab,0.3,19,10,50,0,50,0.030160155472025826,Terminal clearance
Golimumab,0.3,19,30,50,0,50,102353.83389680891,AUC0-28d
Golimumab,0.3,19,30,50,0,50,695.0210616588593,Cmax
Golimumab,0.3,19,30,50,0,50,0.03103346472997138,Terminal clearance
Golimumab,0.3,20,0.1,50,0,50,308.53712667618,AUC0-28d
Golimumab,0.3,20,0.1,50,0,50,2.3171500330790877,Cmax
Golimumab,0.3,20,0.1,50,0,50,0.03594685793829082,Terminal clearance
Golimumab,0.3,20,1,50,0,50,3085.778472819312,AUC0-28d
Golimumab,0.3,20,1,50,0,50,23.171444557607174,Cmax
Golimumab,0.3,20,1,50,0,50,0.03587970652618131,Terminal clearance
Golimumab,0.3,20,3,50,0,50,9228.770845941388,AUC0-28d
Golimumab,0.3,20,3,50,0,50,69.5132412314415,Cmax
Golimumab,0.3,20,3,50,0,50,0.03598084543250254,Terminal clearance
Golimumab,0.3,20,10,50,0,50,30418.216614235225,AUC0-28d
Golimumab,0.3,20,10,50,0,50,231.6964471936226,Cmax
Golimumab,0.3,20,10,50,0,50,0.03636471918001833,Terminal clearance
Golimumab,0.3,20,30,50,0,50,88352.57651528755,AUC0-28d
Golimumab,0.3,20,30,50,0,50,694.9264805316925,Cmax
Golimumab,0.3,20,30,50,0,50,0.03749760875203972,Terminal clearance
Golimumab,0.3,21,0.1,50,0,50,253.83935513518915,AUC0-28d
Golimumab,0.3,21,0.1,50,0,50,2.3168084006756544,Cmax
Golimumab,0.3,21,0.1,50,0,50,0.04529056586403972,Terminal clearance
Golimumab,0.3,21,1,50,0,50,2539.1755870294833,AUC0-28d
Golimumab,0.3,21,1,50,0,50,23.16798209398985,Cmax
Golimumab,0.3,21,1,50,0,50,0.04520821822924637,Terminal clearance
Golimumab,0.3,21,3,50,0,50,7591.793525221284,AUC0-28d
Golimumab,0.3,21,3,50,0,50,69.50262638926506,Cmax
Golimumab,0.3,21,3,50,0,50,0.04534828197754461,Terminal clearance
Golimumab,0.3,21,10,50,0,50,24995.457384417303,AUC0-28d
Golimumab,0.3,21,10,50,0,50,231.65823125839233,Cmax
Golimumab,0.3,21,10,50,0,50,0.04588050281479141,Terminal clearance
Golimumab,0.3,21,30,50,0,50,72406.20123787015,AUC0-28d
Golimumab,0.3,21,30,50,0,50,694.7834851741791,Cmax
Golimumab,0.3,21,30,50,0,50,0.047434718228523055,Terminal clearance
Golimumab,0.3,22,0.1,50,0,50,219.08499767783275,AUC0-28d
Golimumab,0.3,22,0.1,50,0,50,2.31650844309479,Cmax
Golimumab,0.3,22,0.1,50,0,50,0.05334638353009703,Terminal clearance
Golimumab,0.3,22,1,50,0,50,2192.3244814478808,AUC0-28d
Golimumab,0.3,22,1,50,0,50,23.164967961609364,Cmax
Golimumab,0.3,22,1,50,0,50,0.0532243231797252,Terminal clearance
Golimumab,0.3,22,3,50,0,50,6553.499854193163,AUC0-28d
Golimumab,0.3,22,3,50,0,50,69.49339905381203,Cmax
Golimumab,0.3,22,3,50,0,50,0.05339851350248979,Terminal clearance
Golimumab,0.3,22,10,50,0,50,21560.958744282438,AUC0-28d
Golimumab,0.3,22,10,50,0,50,231.62517499923706,Cmax
Golimumab,0.3,22,10,50,0,50,0.054064551621756426,Terminal clearance
Golimumab,0.3,22,30,50,0,50,62348.49128574929,AUC0-28d
Golimumab,0.3,22,30,50,0,50,694.6622250080109,Cmax
Golimumab,0.3,22,30,50,0,50,0.05599358860185651,Terminal clearance
Golimumab,0.3,23,0.1,50,0,50,222.7141466737477,AUC0-28d
Golimumab,0.3,23,0.1,50,0,50,2.3165446585044265,Cmax
Golimumab,0.3,23,0.1,50,0,50,0.05238865697457939,Terminal clearance
Golimumab,0.3,23,1,50,0,50,2228.1773959495345,AUC0-28d
Golimumab,0.3,23,1,50,0,50,23.165320828557014,Cmax
Golimumab,0.3,23,1,50,0,50,0.052290943643998854,Terminal clearance
Golimumab,0.3,23,3,50,0,50,6660.755644421959,AUC0-28d
Golimumab,0.3,23,3,50,0,50,69.49447676539421,Cmax
Golimumab,0.3,23,3,50,0,50,0.052461985576691364,Terminal clearance
Golimumab,0.3,23,10,50,0,50,21915.488644598994,AUC0-28d
Golimumab,0.3,23,10,50,0,50,231.62902987003326,Cmax
Golimumab,0.3,23,10,50,0,50,0.0531124706013259,Terminal clearance
Golimumab,0.3,23,30,50,0,50,63385.03651797416,AUC0-28d
Golimumab,0.3,23,30,50,0,50,694.6762554645538,Cmax
Golimumab,0.3,23,30,50,0,50,0.054997656115322556,Terminal clearance
Golimumab,0.3,24,0.1,50,0,50,160.52000155260419,AUC0-28d
Golimumab,0.3,24,0.1,50,0,50,2.315721611492336,Cmax
Golimumab,0.3,24,0.1,50,0,50,0.07398281999756516,Terminal clearance
Golimumab,0.3,24,1,50,0,50,1605.8004261895862,AUC0-28d
Golimumab,0.3,24,1,50,0,50,23.157023906707764,Cmax
Golimumab,0.3,24,1,50,0,50,0.07389267625959696,Terminal clearance
Golimumab,0.3,24,3,50,0,50,4798.285192551738,AUC0-28d
Golimumab,0.3,24,3,50,0,50,69.46912372112274,Cmax
Golimumab,0.3,24,3,50,0,50,0.0741653194180582,Terminal clearance
Golimumab,0.3,24,10,50,0,50,15765.626748381146,AUC0-28d
Golimumab,0.3,24,10,50,0,50,231.53888404369354,Cmax
Golimumab,0.3,24,10,50,0,50,0.07518831698727203,Terminal clearance
Golimumab,0.3,24,30,50,0,50,45465.52967587846,AUC0-28d
Golimumab,0.3,24,30,50,0,50,694.3550798892975,Cmax
Golimumab,0.3,24,30,50,0,50,0.07808699359911432,Terminal clearance
Golimumab,0.3,25,0.1,50,0,50,168.37936830341553,AUC0-28d
Golimumab,0.3,25,0.1,50,0,50,2.3158603962510824,Cmax
Golimumab,0.3,25,0.1,50,0,50,0.07044230593856848,Terminal clearance
Golimumab,0.3,25,1,50,0,50,1685.3457855084273,AUC0-28d
Golimumab,0.3,25,1,50,0,50,23.15842578560114,Cmax
Golimumab,0.3,25,1,50,0,50,0.0702997874493179,Terminal clearance
Golimumab,0.3,25,3,50,0,50,5036.4629051200545,AUC0-28d
Golimumab,0.3,25,3,50,0,50,69.4734018445015,Cmax
Golimumab,0.3,25,3,50,0,50,0.0705502011626718,Terminal clearance
Golimumab,0.3,25,10,50,0,50,16551.29961968193,AUC0-28d
Golimumab,0.3,25,10,50,0,50,231.55402421951294,Cmax
Golimumab,0.3,25,10,50,0,50,0.07150953643397243,Terminal clearance
Golimumab,0.3,25,30,50,0,50,47746.882944238525,AUC0-28d
Golimumab,0.3,25,30,50,0,50,694.4080631732941,Cmax
Golimumab,0.3,25,30,50,0,50,0.07424151451008222,Terminal clearance
Golimumab,0.3,26,0.1,50,0,50,159.22382500435825,AUC0-28d
Golimumab,0.3,26,0.1,50,0,50,2.315695275552571,Cmax
Golimumab,0.3,26,0.1,50,0,50,0.07458974627395663,Terminal clearance
Golimumab,0.3,26,1,50,0,50,1591.8081926446337,AUC0-28d
Golimumab,0.3,26,1,50,0,50,23.15676037967205,Cmax
Golimumab,0.3,26,1,50,0,50,0.07455732078105541,Terminal clearance
Golimumab,0.3,26,3,50,0,50,4756.148239811472,AUC0-28d
Golimumab,0.3,26,3,50,0,50,69.4683187007904,Cmax
Golimumab,0.3,26,3,50,0,50,0.07484020063485168,Terminal clearance
Golimumab,0.3,26,10,50,0,50,15626.376998606063,AUC0-28d
Golimumab,0.3,26,10,50,0,50,231.53603947162628,Cmax
Golimumab,0.3,26,10,50,0,50,0.07587703530277785,Terminal clearance
Golimumab,0.3,26,30,50,0,50,45061.237070014984,AUC0-28d
Golimumab,0.3,26,30,50,0,50,694.3451678752899,Cmax
Golimumab,0.3,26,30,50,0,50,0.07880729999685997,Terminal clearance
Golimumab,0.3,27,0.1,50,0,50,154.1675236054823,AUC0-28d
Golimumab,0.3,27,0.1,50,0,50,2.3156003057956696,Cmax
Golimumab,0.3,27,0.1,50,0,50,0.07711110248490036,Terminal clearance
Golimumab,0.3,27,1,50,0,50,1542.4363342905992,AUC0-28d
Golimumab,0.3,27,1,50,0,50,23.155803970992565,Cmax
Golimumab,0.3,27,1,50,0,50,0.07701138265846526,Terminal clearance
Golimumab,0.3,27,3,50,0,50,4608.822052090434,AUC0-28d
Golimumab,0.3,27,3,50,0,50,69.46540179848671,Cmax
Golimumab,0.3,27,3,50,0,50,0.07729718769310748,Terminal clearance
Golimumab,0.3,27,10,50,0,50,15141.20157589686,AUC0-28d
Golimumab,0.3,27,10,50,0,50,231.52573961019516,Cmax
Golimumab,0.3,27,10,50,0,50,0.07837300580844732,Terminal clearance
Golimumab,0.3,27,30,50,0,50,43654.64244191409,AUC0-28d
Golimumab,0.3,27,30,50,0,50,694.3093736171722,Cmax
Golimumab,0.3,27,30,50,0,50,0.08141381383074593,Terminal clearance
Golimumab,0.3,28,0.1,50,0,50,180.62344113337087,AUC0-28d
Golimumab,0.3,28,0.1,50,0,50,2.3160534035414457,Cmax
Golimumab,0.3,28,0.1,50,0,50,0.06552342661169312,Terminal clearance
Golimumab,0.3,28,1,50,0,50,1810.139403238837,AUC0-28d
Golimumab,0.3,28,1,50,0,50,23.16037604212761,Cmax
Golimumab,0.3,28,1,50,0,50,0.06527285132288242,Terminal clearance
Golimumab,0.3,28,3,50,0,50,5410.412022978695,AUC0-28d
Golimumab,0.3,28,3,50,0,50,69.47935929894447,Cmax
Golimumab,0.3,28,3,50,0,50,0.06548837846006673,Terminal clearance
Golimumab,0.3,28,10,50,0,50,17785.806104850497,AUC0-28d
Golimumab,0.3,28,10,50,0,50,231.5751548409462,Cmax
Golimumab,0.3,28,10,50,0,50,0.06635666026305465,Terminal clearance
Golimumab,0.3,28,30,50,0,50,51337.043786809445,AUC0-28d
Golimumab,0.3,28,30,50,0,50,694.4826257228851,Cmax
Golimumab,0.3,28,30,50,0,50,0.0688520997807742,Terminal clearance
Golimumab,0.3,29,0.1,50,0,50,229.9320334391954,AUC0-28d
Golimumab,0.3,29,0.1,50,0,50,2.3166092354804277,Cmax
Golimumab,0.3,29,0.1,50,0,50,0.05057459107398748,Terminal clearance
Golimumab,0.3,29,1,50,0,50,2298.826785974184,AUC0-28d
Golimumab,0.3,29,1,50,0,50,23.165982730686665,Cmax
Golimumab,0.3,29,1,50,0,50,0.05052806234621817,Terminal clearance
Golimumab,0.3,29,3,50,0,50,6871.844650286165,AUC0-28d
Golimumab,0.3,29,3,50,0,50,69.49650397896767,Cmax
Golimumab,0.3,29,3,50,0,50,0.050696254242845004,Terminal clearance
Golimumab,0.3,29,10,50,0,50,22613.036515456977,AUC0-28d
Golimumab,0.3,29,10,50,0,50,231.6362834572792,Cmax
Golimumab,0.3,29,10,50,0,50,0.051318717642245416,Terminal clearance
Golimumab,0.3,29,30,50,0,50,65425.30974006637,AUC0-28d
Golimumab,0.3,29,30,50,0,50,694.7027320861816,Cmax
Golimumab,0.3,29,30,50,0,50,0.05312180393923205,Terminal clearance
Golimumab,0.3,30,0.1,50,0,50,193.94332367783497,AUC0-28d
Golimumab,0.3,30,0.1,50,0,50,2.3162284400314093,Cmax
Golimumab,0.3,30,0.1,50,0,50,0.06078709298955153,Terminal clearance
Golimumab,0.3,30,1,50,0,50,1941.0346215171512,AUC0-28d
Golimumab,0.3,30,1,50,0,50,23.16214495897293,Cmax
Golimumab,0.3,30,1,50,0,50,0.060645717262792075,Terminal clearance
Golimumab,0.3,30,3,50,0,50,5801.430404316398,AUC0-28d
Golimumab,0.3,30,3,50,0,50,69.48476511240005,Cmax
Golimumab,0.3,30,3,50,0,50,0.060853006756831335,Terminal clearance
Golimumab,0.3,30,10,50,0,50,19075.967569030036,AUC0-28d
Golimumab,0.3,30,10,50,0,50,231.59437429904938,Cmax
Golimumab,0.3,30,10,50,0,50,0.06164617633100801,Terminal clearance
Golimumab,0.3,30,30,50,0,50,55094.162054515094,AUC0-28d
Golimumab,0.3,30,30,50,0,50,694.5511100292206,Cmax
Golimumab,0.3,30,30,50,0,50,0.0639257451505053,Terminal clearance
Golimumab,0.3,31,0.1,50,0,50,140.5434768820079,AUC0-28d
Golimumab,0.3,31,0.1,50,0,50,2.315298568457365,Cmax
Golimumab,0.3,31,0.1,50,0,50,0.08472716043956542,Terminal clearance
Golimumab,0.3,31,1,50,0,50,1405.2388439746233,AUC0-28d
Golimumab,0.3,31,1,50,0,50,23.152769833803177,Cmax
Golimumab,0.3,31,1,50,0,50,0.08468696751750186,Terminal clearance
Golimumab,0.3,31,3,50,0,50,4198.278461898474,AUC0-28d
Golimumab,0.3,31,3,50,0,50,69.45615273714066,Cmax
Golimumab,0.3,31,3,50,0,50,0.08501602850073324,Terminal clearance
Golimumab,0.3,31,10,50,0,50,13788.577258057827,AUC0-28d
Golimumab,0.3,31,10,50,0,50,231.49316078424454,Cmax
Golimumab,0.3,31,10,50,0,50,0.08622403342531633,Terminal clearance
Golimumab,0.3,31,30,50,0,50,39738.161746280726,AUC0-28d
Golimumab,0.3,31,30,50,0,50,694.1972115039825,Cmax
Golimumab,0.3,31,30,50,0,50,0.08960853826592204,Terminal clearance
Golimumab,0.3,32,0.1,50,0,50,226.3401788212929,AUC0-28d
Golimumab,0.3,32,0.1,50,0,50,2.316577889956534,Cmax
Golimumab,0.3,32,0.1,50,0,50,0.05146110728061939,Terminal clearance
Golimumab,0.3,32,1,50,0,50,2263.6134229018603,AUC0-28d
Golimumab,0.3,32,1,50,0,50,23.165657803416252,Cmax
Golimumab,0.3,32,1,50,0,50,0.05139418634463238,Terminal clearance
Golimumab,0.3,32,3,50,0,50,6766.630832897748,AUC0-28d
Golimumab,0.3,32,3,50,0,50,69.49550887942314,Cmax
Golimumab,0.3,32,3,50,0,50,0.051563835782181745,Terminal clearance
Golimumab,0.3,32,10,50,0,50,22265.334436764766,AUC0-28d
Golimumab,0.3,32,10,50,0,50,231.6327223777771,Cmax
Golimumab,0.3,32,10,50,0,50,0.05220004764535855,Terminal clearance
Golimumab,0.3,32,30,50,0,50,64408.12530642502,AUC0-28d
Golimumab,0.3,32,30,50,0,50,694.6897115707397,Cmax
Golimumab,0.3,32,30,50,0,50,0.05404344603020055,Terminal clearance
Golimumab,0.3,33,0.1,50,0,50,147.33828735395085,AUC0-28d
Golimumab,0.3,33,0.1,50,0,50,2.3154591294005513,Cmax
Golimumab,0.3,33,0.1,50,0,50,0.08077521512248319,Terminal clearance
Golimumab,0.3,33,1,50,0,50,1474.833275553702,AUC0-28d
Golimumab,0.3,33,1,50,0,50,23.154385328292847,Cmax
Golimumab,0.3,33,1,50,0,50,0.08062466136329081,Terminal clearance
Golimumab,0.3,33,3,50,0,50,4406.824354190286,AUC0-28d
Golimumab,0.3,33,3,50,0,50,69.46107566356659,Cmax
Golimumab,0.3,33,3,50,0,50,0.08092219540058966,Terminal clearance
Golimumab,0.3,33,10,50,0,50,14475.88041197034,AUC0-28d
Golimumab,0.3,33,10,50,0,50,231.51048624515533,Cmax
Golimumab,0.3,33,10,50,0,50,0.08205741101335891,Terminal clearance
Golimumab,0.3,33,30,50,0,50,41727.34901122344,AUC0-28d
Golimumab,0.3,33,30,50,0,50,694.2566657066345,Cmax
Golimumab,0.3,33,30,50,0,50,0.08526014592801537,Terminal clearance
Golimumab,0.3,34,0.1,50,0,50,215.73685157280795,AUC0-28d
Golimumab,0.3,34,0.1,50,0,50,2.3164750831201673,Cmax
Golimumab,0.3,34,0.1,50,0,50,0.05422442232143226,Terminal clearance
Golimumab,0.3,34,1,50,0,50,2157.785149642651,AUC0-28d
Golimumab,0.3,34,1,50,0,50,23.16461719572544,Cmax
Golimumab,0.3,34,1,50,0,50,0.054147897024660024,Terminal clearance
Golimumab,0.3,34,3,50,0,50,6449.888248528697,AUC0-28d
Golimumab,0.3,34,3,50,0,50,69.49232429265976,Cmax
Golimumab,0.3,34,3,50,0,50,0.05432965608019809,Terminal clearance
Golimumab,0.3,34,10,50,0,50,21218.192510696135,AUC0-28d
Golimumab,0.3,34,10,50,0,50,231.62133246660233,Cmax
Golimumab,0.3,34,10,50,0,50,0.05501250334319826,Terminal clearance
Golimumab,0.3,34,30,50,0,50,61346.44279656143,AUC0-28d
Golimumab,0.3,34,30,50,0,50,694.6482625007629,Cmax
Golimumab,0.3,34,30,50,0,50,0.05698564011250149,Terminal clearance
Golimumab,0.3,35,0.1,50,0,50,121.68008453954053,AUC0-28d
Golimumab,0.3,35,0.1,50,0,50,2.3147700196132064,Cmax
Golimumab,0.3,35,0.1,50,0,50,0.09802414889782175,Terminal clearance
Golimumab,0.3,35,1,50,0,50,1217.0308233424644,AUC0-28d
Golimumab,0.3,35,1,50,0,50,23.147448040544987,Cmax
Golimumab,0.3,35,1,50,0,50,0.09795704530853881,Terminal clearance
Golimumab,0.3,35,3,50,0,50,3635.80250030913,AUC0-28d
Golimumab,0.3,35,3,50,0,50,69.4399505853653,Cmax
Golimumab,0.3,35,3,50,0,50,0.09834181581240893,Terminal clearance
Golimumab,0.3,35,10,50,0,50,11938.317758598898,AUC0-28d
Golimumab,0.3,35,10,50,0,50,231.43639612197876,Cmax
Golimumab,0.3,35,10,50,0,50,0.09976270357315568,Terminal clearance
Golimumab,0.3,35,30,50,0,50,34397.99273140677,AUC0-28d
Golimumab,0.3,35,30,50,0,50,694.0053441524506,Cmax
Golimumab,0.3,35,30,50,0,50,0.10370522497213132,Terminal clearance
Golimumab,0.3,36,0.1,50,0,50,255.86342489161453,AUC0-28d
Golimumab,0.3,36,0.1,50,0,50,2.316823306493461,Cmax
Golimumab,0.3,36,0.1,50,0,50,0.044883220962775215,Terminal clearance
Golimumab,0.3,36,1,50,0,50,2559.3171723821974,AUC0-28d
Golimumab,0.3,36,1,50,0,50,23.168133459985256,Cmax
Golimumab,0.3,36,1,50,0,50,0.04480269683447045,Terminal clearance
Golimumab,0.3,36,3,50,0,50,7652.0695076279335,AUC0-28d
Golimumab,0.3,36,3,50,0,50,69.5030896961689,Cmax
Golimumab,0.3,36,3,50,0,50,0.044941429758498894,Terminal clearance
Golimumab,0.3,36,10,50,0,50,25194.930431211604,AUC0-28d
Golimumab,0.3,36,10,50,0,50,231.65989530086517,Cmax
Golimumab,0.3,36,10,50,0,50,0.04546711888948718,Terminal clearance
Golimumab,0.3,36,30,50,0,50,72991.35551566031,AUC0-28d
Golimumab,0.3,36,30,50,0,50,694.789647102356,Cmax
Golimumab,0.3,36,30,50,0,50,0.04700265511083274,Terminal clearance
Golimumab,0.3,37,0.1,50,0,50,140.39245267156343,AUC0-28d
Golimumab,0.3,37,0.1,50,0,50,2.315296425484121,Cmax
Golimumab,0.3,37,0.1,50,0,50,0.08480820559858393,Terminal clearance
Golimumab,0.3,37,1,50,0,50,1403.773476622041,AUC0-28d
Golimumab,0.3,37,1,50,0,50,23.15273581445217,Cmax
Golimumab,0.3,37,1,50,0,50,0.08477727122222552,Terminal clearance
Golimumab,0.3,37,3,50,0,50,4193.973762551461,AUC0-28d
Golimumab,0.3,37,3,50,0,50,69.45604741573334,Cmax
Golimumab,0.3,37,3,50,0,50,0.08510500349943408,Terminal clearance
Golimumab,0.3,37,10,50,0,50,13774.512451175264,AUC0-28d
Golimumab,0.3,37,10,50,0,50,231.49278903007507,Cmax
Golimumab,0.3,37,10,50,0,50,0.08631362312121611,Terminal clearance
Golimumab,0.3,37,30,50,0,50,39697.586907962555,AUC0-28d
Golimumab,0.3,37,30,50,0,50,694.195946931839,Cmax
Golimumab,0.3,37,30,50,0,50,0.08970168556604897,Terminal clearance
Golimumab,0.3,38,0.1,50,0,50,204.57120570315357,AUC0-28d
Golimumab,0.3,38,0.1,50,0,50,2.3163529140874743,Cmax
Golimumab,0.3,38,0.1,50,0,50,0.057392709238922285,Terminal clearance
Golimumab,0.3,38,1,50,0,50,2044.6112129434641,AUC0-28d
Golimumab,0.3,38,1,50,0,50,23.163387313485146,Cmax
Golimumab,0.3,38,1,50,0,50,0.05737746984829152,Terminal clearance
Golimumab,0.3,38,3,50,0,50,6110.768727242001,AUC0-28d
Golimumab,0.3,38,3,50,0,50,69.48856168985367,Cmax
Golimumab,0.3,38,3,50,0,50,0.057580198068462464,Terminal clearance
Golimumab,0.3,38,10,50,0,50,20097.046312987914,AUC0-28d
Golimumab,0.3,38,10,50,0,50,231.6079017519951,Cmax
Golimumab,0.3,38,10,50,0,50,0.05832052276732329,Terminal clearance
Golimumab,0.3,38,30,50,0,50,58071.841643492386,AUC0-28d
Golimumab,0.3,38,30,50,0,50,694.5996952056885,Cmax
Golimumab,0.3,38,30,50,0,50,0.0604472429119983,Terminal clearance
Golimumab,0.3,39,0.1,50,0,50,278.9101216527836,AUC0-28d
Golimumab,0.3,39,0.1,50,0,50,2.3169807996600866,Cmax
Golimumab,0.3,39,0.1,50,0,50,0.04063643547489859,Terminal clearance
Golimumab,0.3,39,1,50,0,50,2791.6859039941983,AUC0-28d
Golimumab,0.3,39,1,50,0,50,23.169735454022884,Cmax
Golimumab,0.3,39,1,50,0,50,0.0405055088624002,Terminal clearance
Golimumab,0.3,39,3,50,0,50,8348.368232142371,AUC0-28d
Golimumab,0.3,39,3,50,0,50,69.508000910282135,Cmax
Golimumab,0.3,39,3,50,0,50,0.04062145140059468,Terminal clearance
Golimumab,0.3,39,10,50,0,50,27501.126216883695,AUC0-28d
Golimumab,0.3,39,10,50,0,50,231.67755603790283,Cmax
Golimumab,0.3,39,10,50,0,50,0.04107618127208241,Terminal clearance
Golimumab,0.3,39,30,50,0,50,79765.26516495652,AUC0-28d
Golimumab,0.3,39,30,50,0,50,694.855396270752,Cmax
Golimumab,0.3,39,30,50,0,50,0.04241451218308263,Terminal clearance
Golimumab,0.3,40,0.1,50,0,50,350.8872291593329,AUC0-28d
Golimumab,0.3,40,0.1,50,0,50,2.3173523917794228,Cmax
Golimumab,0.3,40,0.1,50,0,50,0.030500735245979755,Terminal clearance
Golimumab,0.3,40,1,50,0,50,3514.2629251458097,AUC0-28d
Golimumab,0.3,40,1,50,0,50,23.173480488359928,Cmax
Golimumab,0.3,40,1,50,0,50,0.030347454718294708,Terminal clearance
Golimumab,0.3,40,3,50,0,50,10513.80220011898,AUC0-28d
Golimumab,0.3,40,3,50,0,50,69.51948890089989,Cmax
Golimumab,0.3,40,3,50,0,50,0.03041905152738607,Terminal clearance
Golimumab,0.3,40,10,50,0,50,34682.77088141611,AUC0-28d
Golimumab,0.3,40,10,50,0,50,231.71903693675995,Cmax
Golimumab,0.3,40,10,50,0,50,0.030718306103325002,Terminal clearance
Golimumab,0.3,40,30,50,0,50,100947.71214359476,AUC0-28d
Golimumab,0.3,40,30,50,0,50,695.0125215053558,Cmax
Golimumab,0.3,40,30,50,0,50,0.03161355326675624,Terminal clearance
Golimumab,0.3,41,0.1,50,0,50,241.21110466328702,AUC0-28d
Golimumab,0.3,41,0.1,50,0,50,2.3167102290317416,Cmax
Golimumab,0.3,41,0.1,50,0,50,0.047991945009321885,Terminal clearance
Golimumab,0.3,41,1,50,0,50,2414.4992889687255,AUC0-28d
Golimumab,0.3,41,1,50,0,50,23.166993968188763,Cmax
Golimumab,0.3,41,1,50,0,50,0.04785272485024385,Terminal clearance
Golimumab,0.3,41,3,50,0,50,7218.870624582988,AUC0-28d
Golimumab,0.3,41,3,50,0,50,69.49960014224052,Cmax
Golimumab,0.3,41,3,50,0,50,0.047999855664305924,Terminal clearance
Golimumab,0.3,41,10,50,0,50,23761.805496396777,AUC0-28d
Golimumab,0.3,41,10,50,0,50,231.64737260341644,Cmax
Golimumab,0.3,41,10,50,0,50,0.04857436921859942,Terminal clearance
Golimumab,0.3,41,30,50,0,50,68789.90354087125,AUC0-28d
Golimumab,0.3,41,30,50,0,50,694.7434115409851,Cmax
Golimumab,0.3,41,30,50,0,50,0.050250764262851404,Terminal clearance
Golimumab,0.3,42,0.1,50,0,50,236.29454048294667,AUC0-28d
Golimumab,0.3,42,0.1,50,0,50,2.3166683837771416,Cmax
Golimumab,0.3,42,0.1,50,0,50,0.04908836851082251,Terminal clearance
Golimumab,0.3,42,1,50,0,50,2364.230278104064,AUC0-28d
Golimumab,0.3,42,1,50,0,50,23.166566736996174,Cmax
Golimumab,0.3,42,1,50,0,50,0.048986611575152585,Terminal clearance
Golimumab,0.3,42,3,50,0,50,7068.120303021804,AUC0-28d
Golimumab,0.3,42,3,50,0,50,69.49829104542732,Cmax
Golimumab,0.3,42,3,50,0,50,0.0491419709784844,Terminal clearance
Golimumab,0.3,42,10,50,0,50,23262.795670363004,AUC0-28d
Golimumab,0.3,42,10,50,0,50,231.6426819562912,Cmax
Golimumab,0.3,42,10,50,0,50,0.049736440765151074,Terminal clearance
Golimumab,0.3,42,30,50,0,50,67327.9620506012,AUC0-28d
Golimumab,0.3,42,30,50,0,50,694.726166009903,Cmax
Golimumab,0.3,42,30,50,0,50,0.05146628839687024,Terminal clearance
Golimumab,0.3,43,0.1,50,0,50,284.2525892469144,AUC0-28d
Golimumab,0.3,43,0.1,50,0,50,2.3170144390314817,Cmax
Golimumab,0.3,43,0.1,50,0,50,0.039740559871939814,Terminal clearance
Golimumab,0.3,43,1,50,0,50,2845.7343207193276,AUC0-28d
Golimumab,0.3,43,1,50,0,50,23.170073971152306,Cmax
Golimumab,0.3,43,1,50,0,50,0.039594633806435534,Terminal clearance
Golimumab,0.3,43,3,50,0,50,8510.384784530572,AUC0-28d
Golimumab,0.3,43,3,50,0,50,69.5090381205082,Cmax
Golimumab,0.3,43,3,50,0,50,0.039705593900195554,Terminal clearance
Golimumab,0.3,43,10,50,0,50,28038.021737721872,AUC0-28d
Golimumab,0.3,43,10,50,0,50,231.6812914609909,Cmax
Golimumab,0.3,43,10,50,0,50,0.04014546387139701,Terminal clearance
Golimumab,0.3,43,30,50,0,50,81344.3411192649,AUC0-28d
Golimumab,0.3,43,30,50,0,50,694.869396686554,Cmax
Golimumab,0.3,43,30,50,0,50,0.04144251695513413,Terminal clearance
Golimumab,0.3,44,0.1,50,0,50,246.29782527991108,AUC0-28d
Golimumab,0.3,44,0.1,50,0,50,2.316748794168234,Cmax
Golimumab,0.3,44,0.1,50,0,50,0.04685540873534544,Terminal clearance
Golimumab,0.3,44,1,50,0,50,2462.9360893764992,AUC0-28d
Golimumab,0.3,44,1,50,0,50,23.16738700121641,Cmax
Golimumab,0.3,44,1,50,0,50,0.04679410439855129,Terminal clearance
Golimumab,0.3,44,3,50,0,50,7363.286838445471,AUC0-28d
Golimumab,0.3,44,3,50,0,50,69.50080382823944,Cmax
Golimumab,0.3,44,3,50,0,50,0.04694377606499126,Terminal clearance
Golimumab,0.3,44,10,50,0,50,24238.941523831214,AUC0-28d
Golimumab,0.3,44,10,50,0,50,231.65169060230255,Cmax
Golimumab,0.3,44,10,50,0,50,0.04750311691174006,Terminal clearance
Golimumab,0.3,44,30,50,0,50,70187.60407295068,AUC0-28d
Golimumab,0.3,44,30,50,0,50,694.7593188285828,Cmax
Golimumab,0.3,44,30,50,0,50,0.04913131171504769,Terminal clearance
Golimumab,0.3,45,0.1,50,0,50,254.28304297847956,AUC0-28d
Golimumab,0.3,45,0.1,50,0,50,2.3168126922100782,Cmax
Golimumab,0.3,45,0.1,50,0,50,0.0452402628651417,Terminal clearance
Golimumab,0.3,45,1,50,0,50,2546.338212879555,AUC0-28d
Golimumab,0.3,45,1,50,0,50,23.168037839233875,Cmax
Golimumab,0.3,45,1,50,0,50,0.04506710479690294,Terminal clearance
Golimumab,0.3,45,3,50,0,50,7613.842525097443,AUC0-28d
Golimumab,0.3,45,3,50,0,50,69.50279805064201,Cmax
Golimumab,0.3,45,3,50,0,50,0.045199765832474606,Terminal clearance
Golimumab,0.3,45,10,50,0,50,25069.134764751823,AUC0-28d
Golimumab,0.3,45,10,50,0,50,231.65885335206985,Cmax
Golimumab,0.3,45,10,50,0,50,0.04572747971214196,Terminal clearance
Golimumab,0.3,45,30,50,0,50,72622.91655445247,AUC0-28d
Golimumab,0.3,45,30,50,0,50,694.7857761383057,Cmax
Golimumab,0.3,45,30,50,0,50,0.04727410865477596,Terminal clearance
Golimumab,0.3,46,0.1,50,0,50,150.9210758997573,AUC0-28d
Golimumab,0.3,46,0.1,50,0,50,2.3155319206416607,Cmax
Golimumab,0.3,46,0.1,50,0,50,0.07880059667332641,Terminal clearance
Golimumab,0.3,46,1,50,0,50,1509.1517255290037,AUC0-28d
Golimumab,0.3,46,1,50,0,50,23.155118331313133,Cmax
Golimumab,0.3,46,1,50,0,50,0.0787472858948833,Terminal clearance
Golimumab,0.3,46,3,50,0,50,4509.0369244295725,AUC0-28d
Golimumab,0.3,46,3,50,0,50,69.46331056952477,Cmax
Golimumab,0.3,46,3,50,0,50,0.07904750775766009,Terminal clearance
Golimumab,0.3,46,10,50,0,50,14812.108364573176,AUC0-28d
Golimumab,0.3,46,10,50,0,50,231.51836389303207,Cmax
Golimumab,0.3,46,10,50,0,50,0.0801551476938422,Terminal clearance
Golimumab,0.3,46,30,50,0,50,42700.723483896865,AUC0-28d
Golimumab,0.3,46,30,50,0,50,694.2838425636292,Cmax
Golimumab,0.3,46,30,50,0,50,0.08327546953597147,Terminal clearance
Golimumab,0.3,47,0.1,50,0,50,256.14366554775603,AUC0-28d
Golimumab,0.3,47,0.1,50,0,50,2.3168251616880298,Cmax
Golimumab,0.3,47,0.1,50,0,50,0.044831632306460326,Terminal clearance
Golimumab,0.3,47,1,50,0,50,2562.3970262811645,AUC0-28d
Golimumab,0.3,47,1,50,0,50,23.168156415224075,Cmax
Golimumab,0.3,47,1,50,0,50,0.044741649349051574,Terminal clearance
Golimumab,0.3,47,3,50,0,50,7661.349469985067,AUC0-28d
Golimumab,0.3,47,3,50,0,50,69.50316068530083,Cmax
Golimumab,0.3,47,3,50,0,50,0.04487939698377051,Terminal clearance
Golimumab,0.3,47,10,50,0,50,25225.714778333346,AUC0-28d
Golimumab,0.3,47,10,50,0,50,231.66015082597733,Cmax
Golimumab,0.3,47,10,50,0,50,0.045403880101429366,Terminal clearance
Golimumab,0.3,47,30,50,0,50,73081.73204577595,AUC0-28d
Golimumab,0.3,47,30,50,0,50,694.7905919551849,Cmax
Golimumab,0.3,47,30,50,0,50,0.04693648826427172,Terminal clearance
Golimumab,0.3,48,0.1,50,0,50,331.94664663191213,AUC0-28d
Golimumab,0.3,48,0.1,50,0,50,2.317266854457557,Cmax
Golimumab,0.3,48,0.1,50,0,50,0.032777605162860886,Terminal clearance
Golimumab,0.3,48,1,50,0,50,3320.8975341063383,AUC0-28d
Golimumab,0.3,48,1,50,0,50,23.172617755830288,Cmax
Golimumab,0.3,48,1,50,0,50,0.032693835649496426,Terminal clearance
Golimumab,0.3,48,3,50,0,50,9933.438744554403,AUC0-28d
Golimumab,0.3,48,3,50,0,50,69.51684057712555,Cmax
Golimumab,0.3,48,3,50,0,50,0.03278038135839452,Terminal clearance
Golimumab,0.3,48,10,50,0,50,32755.625773818603,AUC0-28d
Golimumab,0.3,48,10,50,0,50,231.70945090055466,Cmax
Golimumab,0.3,48,10,50,0,50,0.03311571668935102,Terminal clearance
Golimumab,0.3,48,30,50,0,50,95249.84642986052,AUC0-28d
Golimumab,0.3,48,30,50,0,50,694.9758653640747,Cmax
Golimumab,0.3,48,30,50,0,50,0.034110578838200775,Terminal clearance
Golimumab,0.3,49,0.1,50,0,50,260.670065663753,AUC0-28d
Golimumab,0.3,49,0.1,50,0,50,2.3168582003563643,Cmax
Golimumab,0.3,49,0.1,50,0,50,0.043949634248862335,Terminal clearance
Golimumab,0.3,49,1,50,0,50,2608.202519786454,AUC0-28d
Golimumab,0.3,49,1,50,0,50,23.16849236190319,Cmax
Golimumab,0.3,49,1,50,0,50,0.043843406376126964,Terminal clearance
Golimumab,0.3,49,3,50,0,50,7798.63268394464,AUC0-28d
Golimumab,0.3,49,3,50,0,50,69.50419020652771,Cmax
Golimumab,0.3,49,3,50,0,50,0.04397587844547012,Terminal clearance
Golimumab,0.3,49,10,50,0,50,25680.32020066301,AUC0-28d
Golimumab,0.3,49,10,50,0,50,231.6638508439064,Cmax
Golimumab,0.3,49,10,50,0,50,0.044485229617255546,Terminal clearance
Golimumab,0.3,49,30,50,0,50,74415.96483542971,AUC0-28d
Golimumab,0.3,49,30,50,0,50,694.8043105602264,Cmax
Golimumab,0.3,49,30,50,0,50,0.04597623779149195,Terminal clearance
Golimumab,0.3,50,0.1,50,0,50,136.8970301625722,AUC0-28d
Golimumab,0.3,50,0.1,50,0,50,2.3152097817510366,Cmax
Golimumab,0.3,50,0.1,50,0,50,0.08702055569429973,Terminal clearance
Golimumab,0.3,50,1,50,0,50,1369.2017887611792,AUC0-28d
Golimumab,0.3,50,1,50,0,50,23.151871003210545,Cmax
Golimumab,0.3,50,1,50,0,50,0.0869530597187117,Terminal clearance
Golimumab,0.3,50,3,50,0,50,4090.6639431337794,AUC0-28d
Golimumab,0.3,50,3,50,0,50,69.45341357588768,Cmax
Golimumab,0.3,50,3,50,0,50,0.08728855097667357,Terminal clearance
Golimumab,0.3,50,10,50,0,50,13434.48487815265,AUC0-28d
Golimumab,0.3,50,10,50,0,50,231.48353737592697,Cmax
Golimumab,0.3,50,10,50,0,50,0.08853272173035281,Terminal clearance
Golimumab,0.3,50,30,50,0,50,38714.71966188818,AUC0-28d
Golimumab,0.3,50,30,50,0,50,694.1643748283386,Cmax
Golimumab,0.3,50,30,50,0,50,0.09201521849447945,Terminal clearance
Golimumab,0.3,51,0.1,50,0,50,238.9968186937906,AUC0-28d
Golimumab,0.3,51,0.1,50,0,50,2.3166885059326887,Cmax
Golimumab,0.3,51,0.1,50,0,50,0.04845970149531995,Terminal clearance
Golimumab,0.3,51,1,50,0,50,2389.7896356813044,AUC0-28d
Golimumab,0.3,51,1,50,0,50,23.166783414781094,Cmax
Golimumab,0.3,51,1,50,0,50,0.04840144719080721,Terminal clearance
Golimumab,0.3,51,3,50,0,50,7144.24319059524,AUC0-28d
Golimumab,0.3,51,3,50,0,50,69.49895596504211,Cmax
Golimumab,0.3,51,3,50,0,50,0.04855891246252615,Terminal clearance
Golimumab,0.3,51,10,50,0,50,23514.146707611722,AUC0-28d
Golimumab,0.3,51,10,50,0,50,231.64506590366364,Cmax
Golimumab,0.3,51,10,50,0,50,0.04914525850108002,Terminal clearance
Golimumab,0.3,51,30,50,0,50,68063.7317016617,AUC0-28d
Golimumab,0.3,51,30,50,0,50,694.734922170639,Cmax
Golimumab,0.3,51,30,50,0,50,0.05084850327346492,Terminal clearance
Golimumab,0.3,52,0.1,50,0,50,173.4943486530979,AUC0-28d
Golimumab,0.3,52,0.1,50,0,50,2.315940692089498,Cmax
Golimumab,0.3,52,0.1,50,0,50,0.06828593701899989,Terminal clearance
Golimumab,0.3,52,1,50,0,50,1735.5466601004966,AUC0-28d
Golimumab,0.3,52,1,50,0,50,23.159240126609802,Cmax
Golimumab,0.3,52,1,50,0,50,0.06818956966940959,Terminal clearance
Golimumab,0.3,52,3,50,0,50,5186.363623218331,AUC0-28d
Golimumab,0.3,52,3,50,0,50,69.4758885204792,Cmax
Golimumab,0.3,52,3,50,0,50,0.06843640482814152,Terminal clearance
Golimumab,0.3,52,10,50,0,50,17045.446903825778,AUC0-28d
Golimumab,0.3,52,10,50,0,50,231.56283617019653,Cmax
Golimumab,0.3,52,10,50,0,50,0.06936149110422034,Terminal clearance
Golimumab,0.3,52,30,50,0,50,49182.680403047605,AUC0-28d
Golimumab,0.3,52,30,50,0,50,694.4390730857849,Cmax
Golimumab,0.3,52,30,50,0,50,0.07199622340687314,Terminal clearance
Golimumab,0.3,53,0.1,50,0,50,146.8411344093783,AUC0-28d
Golimumab,0.3,53,0.1,50,0,50,2.3154461570084095,Cmax
Golimumab,0.3,53,0.1,50,0,50,0.08103679395171066,Terminal clearance
Golimumab,0.3,53,1,50,0,50,1468.8816418435576,AUC0-28d
Golimumab,0.3,53,1,50,0,50,23.15425119549036,Cmax
Golimumab,0.3,53,1,50,0,50,0.08095465134964999,Terminal clearance
Golimumab,0.3,53,3,50,0,50,4388.780319882794,AUC0-28d
Golimumab,0.3,53,3,50,0,50,69.46066662669182,Cmax
Golimumab,0.3,53,3,50,0,50,0.081260639956823,Terminal clearance
Golimumab,0.3,53,10,50,0,50,14416.156307838388,AUC0-28d
Golimumab,0.3,53,10,50,0,50,231.50904428958893,Cmax
Golimumab,0.3,53,10,50,0,50,0.08240396579775909,Terminal clearance
Golimumab,0.3,53,30,50,0,50,41554.19534475057,AUC0-28d
Golimumab,0.3,53,30,50,0,50,694.2517032623291,Cmax
Golimumab,0.3,53,30,50,0,50,0.08562251336654614,Terminal clearance
Golimumab,0.3,54,0.1,50,0,50,143.05901816548956,AUC0-28d
Golimumab,0.3,54,0.1,50,0,50,2.3153588455170393,Cmax
Golimumab,0.3,54,0.1,50,0,50,0.08321262693706977,Terminal clearance
Golimumab,0.3,54,1,50,0,50,1430.451484688571,AUC0-28d
Golimumab,0.3,54,1,50,0,50,23.153372548520565,Cmax
Golimumab,0.3,54,1,50,0,50,0.08316904105495967,Terminal clearance
Golimumab,0.3,54,3,50,0,50,4273.686212678962,AUC0-28d
Golimumab,0.3,54,3,50,0,50,69.45798844099045,Cmax
Golimumab,0.3,54,3,50,0,50,0.08349042777854804,Terminal clearance
Golimumab,0.3,54,10,50,0,50,14036.892030779709,AUC0-28d
Golimumab,0.3,54,10,50,0,50,231.49961560964584,Cmax
Golimumab,0.3,54,10,50,0,50,0.08467281767829836,Terminal clearance
Golimumab,0.3,54,30,50,0,50,40456.402220347234,AUC0-28d
Golimumab,0.3,54,30,50,0,50,694.2193157672882,Cmax
Golimumab,0.3,54,30,50,0,50,0.08799046479024211,Terminal clearance
Golimumab,0.3,55,0.1,50,0,50,179.78070486448036,AUC0-28d
Golimumab,0.3,55,0.1,50,0,50,2.316037262789905,Cmax
Golimumab,0.3,55,0.1,50,0,50,0.0657865207728974,Terminal clearance
Golimumab,0.3,55,1,50,0,50,1798.2635985600305,AUC0-28d
Golimumab,0.3,55,1,50,0,50,23.160197474062443,Cmax
Golimumab,0.3,55,1,50,0,50,0.06571435463267025,Terminal clearance
Golimumab,0.3,55,3,50,0,50,5374.0502620990055,AUC0-28d
Golimumab,0.3,55,3,50,0,50,69.47881078720093,Cmax
Golimumab,0.3,55,3,50,0,50,0.06594895179231253,Terminal clearance
Golimumab,0.3,55,10,50,0,50,17664.833962863744,AUC0-28d
Golimumab,0.3,55,10,50,0,50,231.57320469617844,Cmax
Golimumab,0.3,55,10,50,0,50,0.066830811885743,Terminal clearance
Golimumab,0.3,55,30,50,0,50,50984.217065704754,AUC0-28d
Golimumab,0.3,55,30,50,0,50,694.4757170677185,Cmax
Golimumab,0.3,55,30,50,0,50,0.06934953854629472,Terminal clearance
Golimumab,0.3,56,0.1,50,0,50,236.9857432018911,AUC0-28d
Golimumab,0.3,56,0.1,50,0,50,2.3166737258434296,Cmax
Golimumab,0.3,56,0.1,50,0,50,0.04895815264403916,Terminal clearance
Golimumab,0.3,56,1,50,0,50,2372.535282379307,AUC0-28d
Golimumab,0.3,56,1,50,0,50,23.166638687253,Cmax
Golimumab,0.3,56,1,50,0,50,0.048797980867210544,Terminal clearance
Golimumab,0.3,56,3,50,0,50,7093.246618263039,AUC0-28d
Golimumab,0.3,56,3,50,0,50,69.49851366877556,Cmax
Golimumab,0.3,56,3,50,0,50,0.04894895892415236,Terminal clearance
Golimumab,0.3,56,10,50,0,50,23346.21024594667,AUC0-28d
Golimumab,0.3,56,10,50,0,50,231.64347875118256,Cmax
Golimumab,0.3,56,10,50,0,50,0.04953919048059752,Terminal clearance
Golimumab,0.3,56,30,50,0,50,67572.49509875412,AUC0-28d
Golimumab,0.3,56,30,50,0,50,694.7291007041931,Cmax
Golimumab,0.3,56,30,50,0,50,0.051259708343790684,Terminal clearance
Golimumab,0.3,57,0.1,50,0,50,290.4600944611686,AUC0-28d
Golimumab,0.3,57,0.1,50,0,50,2.317051375284791,Cmax
Golimumab,0.3,57,0.1,50,0,50,0.03870721559616731,Terminal clearance
Golimumab,0.3,57,1,50,0,50,2906.4435197209027,AUC0-28d
Golimumab,0.3,57,1,50,0,50,23.170439667999744,Cmax
Golimumab,0.3,57,1,50,0,50,0.0386046572080929,Terminal clearance
Golimumab,0.3,57,3,50,0,50,8691.945657594128,AUC0-28d
Golimumab,0.3,57,3,50,0,50,69.51015856862068,Cmax
Golimumab,0.3,57,3,50,0,50,0.038714013154859075,Terminal clearance
Golimumab,0.3,57,10,50,0,50,28639.293190045308,AUC0-28d
Golimumab,0.3,57,10,50,0,50,231.68532925844193,Cmax
Golimumab,0.3,57,10,50,0,50,0.03913913978981619,Terminal clearance
Golimumab,0.3,57,30,50,0,50,83113.2347740319,AUC0-28d
Golimumab,0.3,57,30,50,0,50,694.8845522403717,Cmax
Golimumab,0.3,57,30,50,0,50,0.04039216463152695,Terminal clearance
Golimumab,0.3,58,0.1,50,0,50,231.96201002937727,AUC0-28d
Golimumab,0.3,58,0.1,50,0,50,2.3166314754635096,Cmax
Golimumab,0.3,58,0.1,50,0,50,0.0501461183292986,Terminal clearance
Golimumab,0.3,58,1,50,0,50,2323.5186003533295,AUC0-28d
Golimumab,0.3,58,1,50,0,50,23.166210159659386,Cmax
Golimumab,0.3,58,1,50,0,50,0.04994332332113815,Terminal clearance
Golimumab,0.3,58,3,50,0,50,6946.8132323791015,AUC0-28d
Golimumab,0.3,58,3,50,0,50,69.49720153212547,Cmax
Golimumab,0.3,58,3,50,0,50,0.050094823082422614,Terminal clearance
Golimumab,0.3,58,10,50,0,50,22862.20767287345,AUC0-28d
Golimumab,0.3,58,10,50,0,50,231.6387802362442,Cmax
Golimumab,0.3,58,10,50,0,50,0.05070282595393563,Terminal clearance
Golimumab,0.3,58,30,50,0,50,66155.63928790616,AUC0-28d
Golimumab,0.3,58,30,50,0,50,694.7118694782257,Cmax
Golimumab,0.3,58,30,50,0,50,0.05247631981671729,Terminal clearance
Golimumab,0.3,59,0.1,50,0,50,194.21376484032166,AUC0-28d
Golimumab,0.3,59,0.1,50,0,50,2.316229334101081,Cmax
Golimumab,0.3,59,0.1,50,0,50,0.060660053022263426,Terminal clearance
Golimumab,0.3,59,1,50,0,50,1941.5022209384585,AUC0-28d
Golimumab,0.3,59,1,50,0,50,23.162148021161556,Cmax
Golimumab,0.3,59,1,50,0,50,0.06062532393940907,Terminal clearance
Golimumab,0.3,59,3,50,0,50,5802.300024056549,AUC0-28d
Golimumab,0.3,59,3,50,0,50,69.48477360606194,Cmax
Golimumab,0.3,59,3,50,0,50,0.06084214651701364,Terminal clearance
Golimumab,0.3,59,10,50,0,50,19078.22283682294,AUC0-28d
Golimumab,0.3,59,10,50,0,50,231.59440219402313,Cmax
Golimumab,0.3,59,10,50,0,50,0.061638096206958946,Terminal clearance
Golimumab,0.3,59,30,50,0,50,55100.222235480454,AUC0-28d
Golimumab,0.3,59,30,50,0,50,694.5512080192566,Cmax
Golimumab,0.3,59,30,50,0,50,0.06391814755762798,Terminal clearance
Golimumab,0.3,60,0.1,50,0,50,191.9858396587057,AUC0-28d
Golimumab,0.3,60,0.1,50,0,50,2.3162030652165413,Cmax
Golimumab,0.3,60,0.1,50,0,50,0.06142827246717765,Terminal clearance
Golimumab,0.3,60,1,50,0,50,1920.6906847492678,AUC0-28d
Golimumab,0.3,60,1,50,0,50,23.161884136497974,Cmax
Golimumab,0.3,60,1,50,0,50,0.061323192553086825,Terminal clearance
Golimumab,0.3,60,3,50,0,50,5740.3721356287115,AUC0-28d
Golimumab,0.3,60,3,50,0,50,69.48396652936935,Cmax
Golimumab,0.3,60,3,50,0,50,0.06153706887066096,Terminal clearance
Golimumab,0.3,60,10,50,0,50,18874.12392795615,AUC0-28d
Golimumab,0.3,60,10,50,0,50,231.5915343761444,Cmax
Golimumab,0.3,60,10,50,0,50,0.06234301174407318,Terminal clearance
Golimumab,0.3,60,30,50,0,50,54505.68381361963,AUC0-28d
Golimumab,0.3,60,30,50,0,50,694.5409433841705,Cmax
Golimumab,0.3,60,30,50,0,50,0.06465506363858342,Terminal clearance
Golimumab,0.3,61,0.1,50,0,50,192.8511627318696,AUC0-28d
Golimumab,0.3,61,0.1,50,0,50,2.3162148697301745,Cmax
Golimumab,0.3,61,0.1,50,0,50,0.06114428148427616,Terminal clearance
Golimumab,0.3,61,1,50,0,50,1929.9083803374056,AUC0-28d
Golimumab,0.3,61,1,50,0,50,23.16200353950262,Cmax
Golimumab,0.3,61,1,50,0,50,0.06101520297428772,Terminal clearance
Golimumab,0.3,61,3,50,0,50,5768.102162989724,AUC0-28d
Golimumab,0.3,61,3,50,0,50,69.48433282971382,Cmax
Golimumab,0.3,61,3,50,0,50,0.0612248701756224,Terminal clearance
Golimumab,0.3,61,10,50,0,50,18965.86807061582,AUC0-28d
Golimumab,0.3,61,10,50,0,50,231.5928329229355,Cmax
Golimumab,0.3,61,10,50,0,50,0.06202460682373875,Terminal clearance
Golimumab,0.3,61,30,50,0,50,54773.212545804345,AUC0-28d
Golimumab,0.3,61,30,50,0,50,694.5455875396729,Cmax
Golimumab,0.3,61,30,50,0,50,0.06432170845135961,Terminal clearance
Golimumab,0.3,62,0.1,50,0,50,270.4282534676646,AUC0-28d
Golimumab,0.3,62,0.1,50,0,50,2.3169259820133448,Cmax
Golimumab,0.3,62,0.1,50,0,50,0.04213926676960231,Terminal clearance
Golimumab,0.3,62,1,50,0,50,2707.1511500266156,AUC0-28d
Golimumab,0.3,62,1,50,0,50,23.169182382524014,Cmax
Golimumab,0.3,62,1,50,0,50,0.04199498670875963,Terminal clearance
Golimumab,0.3,62,3,50,0,50,8095.25424813652,AUC0-28d
Golimumab,0.3,62,3,50,0,50,69.50630477070808,Cmax
Golimumab,0.3,62,3,50,0,50,0.04211647772358803,Terminal clearance
Golimumab,0.3,62,10,50,0,50,26662.84395785749,AUC0-28d
Golimumab,0.3,62,10,50,0,50,231.67145383358002,Cmax
Golimumab,0.3,62,10,50,0,50,0.04259484727091324,Terminal clearance
Golimumab,0.3,62,30,50,0,50,77301.56129990282,AUC0-28d
Golimumab,0.3,62,30,50,0,50,694.8326060771942,Cmax
Golimumab,0.3,62,30,50,0,50,0.04400072125206884,Terminal clearance
Golimumab,0.3,63,0.1,50,0,50,267.92154501044865,AUC0-28d
Golimumab,0.3,63,0.1,50,0,50,2.316910397261381,Cmax
Golimumab,0.3,63,0.1,50,0,50,0.04260485074074021,Terminal clearance
Golimumab,0.3,63,1,50,0,50,2682.9638229777374,AUC0-28d
Golimumab,0.3,63,1,50,0,50,23.16901905834675,Cmax
Golimumab,0.3,63,1,50,0,50,0.04243745071330433,Terminal clearance
Golimumab,0.3,63,3,50,0,50,8023.0540654654515,AUC0-28d
Golimumab,0.3,63,3,50,0,50,69.50580418109894,Cmax
Golimumab,0.3,63,3,50,0,50,0.04255837717074715,Terminal clearance
Golimumab,0.3,63,10,50,0,50,26424.02453637626,AUC0-28d
Golimumab,0.3,63,10,50,0,50,231.6696538925171,Cmax
Golimumab,0.3,63,10,50,0,50,0.043043096799120585,Terminal clearance
Golimumab,0.3,63,30,50,0,50,76600.2336508041,AUC0-28d
Golimumab,0.3,63,30,50,0,50,694.8258969783783,Cmax
Golimumab,0.3,63,30,50,0,50,0.04446876321721073,Terminal clearance
Golimumab,0.3,64,0.1,50,0,50,258.04164598364866,AUC0-28d
Golimumab,0.3,64,0.1,50,0,50,2.3168390365317464,Cmax
Golimumab,0.3,64,0.1,50,0,50,0.04445129850194802,Terminal clearance
Golimumab,0.3,64,1,50,0,50,2581.132519846689,AUC0-28d
Golimumab,0.3,64,1,50,0,50,23.16829490661621,Cmax
Golimumab,0.3,64,1,50,0,50,0.04437016156391618,Terminal clearance
Golimumab,0.3,64,3,50,0,50,7717.4018738918385,AUC0-28d
Golimumab,0.3,64,3,50,0,50,69.50358510017395,Cmax
Golimumab,0.3,64,3,50,0,50,0.04450689890129732,Terminal clearance
Golimumab,0.3,64,10,50,0,50,25411.207210011646,AUC0-28d
Golimumab,0.3,64,10,50,0,50,231.66167467832565,Cmax
Golimumab,0.3,64,10,50,0,50,0.04502546358464392,Terminal clearance
Golimumab,0.3,64,30,50,0,50,73625.9750250758,AUC0-28d
Golimumab,0.3,64,30,50,0,50,694.796238899231,Cmax
Golimumab,0.3,64,30,50,0,50,0.046541024516626665,Terminal clearance
Golimumab,0.3,65,0.1,50,0,50,265.5849632199601,AUC0-28d
Golimumab,0.3,65,0.1,50,0,50,2.3168958462774754,Cmax
Golimumab,0.3,65,0.1,50,0,50,0.04304793640555092,Terminal clearance
Golimumab,0.3,65,1,50,0,50,2661.058166013079,AUC0-28d
Golimumab,0.3,65,1,50,0,50,23.168869614601135,Cmax
Golimumab,0.3,65,1,50,0,50,0.04284576159095983,Terminal clearance
Golimumab,0.3,65,3,50,0,50,7957.878570338571,AUC0-28d
Golimumab,0.3,65,3,50,0,50,69.5053468644619,Cmax
Golimumab,0.3,65,3,50,0,50,0.042963692482203206,Terminal clearance
Golimumab,0.3,65,10,50,0,50,26208.71365885036,AUC0-28d
Golimumab,0.3,65,10,50,0,50,231.66800504922867,Cmax
Golimumab,0.3,65,10,50,0,50,0.04345346589440139,Terminal clearance
Golimumab,0.3,65,30,50,0,50,75968.29217230741,AUC0-28d
Golimumab,0.3,65,30,50,0,50,694.8197586536407,Cmax
Golimumab,0.3,65,30,50,0,50,0.04489710126820116,Terminal clearance
Golimumab,0.3,66,0.1,50,0,50,247.09550707046225,AUC0-28d
Golimumab,0.3,66,0.1,50,0,50,2.3167561031877995,Cmax
Golimumab,0.3,66,0.1,50,0,50,0.046717195412824326,Terminal clearance
Golimumab,0.3,66,1,50,0,50,2473.128951457899,AUC0-28d
Golimumab,0.3,66,1,50,0,50,23.167469903826714,Cmax
Golimumab,0.3,66,1,50,0,50,0.046579992229216445,Terminal clearance
Golimumab,0.3,66,3,50,0,50,7394.306993788351,AUC0-28d
Golimumab,0.3,66,3,50,0,50,69.50105854868889,Cmax
Golimumab,0.3,66,3,50,0,50,0.04672280824939801,Terminal clearance
Golimumab,0.3,66,10,50,0,50,24342.173400418753,AUC0-28d
Golimumab,0.3,66,10,50,0,50,231.65260756015778,Cmax
Golimumab,0.3,66,10,50,0,50,0.04727664555453709,Terminal clearance
Golimumab,0.3,66,30,50,0,50,70490.70805052266,AUC0-28d
Golimumab,0.3,66,30,50,0,50,694.7626948356628,Cmax
Golimumab,0.3,66,30,50,0,50,0.04889397738117446,Terminal clearance
Golimumab,0.3,67,0.1,50,0,50,205.92850196616462,AUC0-28d
Golimumab,0.3,67,0.1,50,0,50,2.3163708597421646,Cmax
Golimumab,0.3,67,0.1,50,0,50,0.0570164292947615,Terminal clearance
Golimumab,0.3,67,1,50,0,50,2060.3968112566713,AUC0-28d
Golimumab,0.3,67,1,50,0,50,23.163569256663322,Cmax
Golimumab,0.3,67,1,50,0,50,0.056911312775108525,Terminal clearance
Golimumab,0.3,67,3,50,0,50,6158.578003869728,AUC0-28d
Golimumab,0.3,67,3,50,0,50,69.48911896348,Cmax
Golimumab,0.3,67,3,50,0,50,0.05710304984467982,Terminal clearance
Golimumab,0.3,67,10,50,0,50,20255.67565990941,AUC0-28d
Golimumab,0.3,67,10,50,0,50,231.60989034175873,Cmax
Golimumab,0.3,67,10,50,0,50,0.05783229949531887,Terminal clearance
Golimumab,0.3,67,30,50,0,50,58535.41132704536,AUC0-28d
Golimumab,0.3,67,30,50,0,50,694.6068649291992,Cmax
Golimumab,0.3,67,30,50,0,50,0.05993558176215946,Terminal clearance
Golimumab,0.3,68,0.1,50,0,50,168.31052613920457,AUC0-28d
Golimumab,0.3,68,0.1,50,0,50,2.31585655733943,Cmax
Golimumab,0.3,68,0.1,50,0,50,0.0704433255903399,Terminal clearance
Golimumab,0.3,68,1,50,0,50,1682.8691155403994,AUC0-28d
Golimumab,0.3,68,1,50,0,50,23.158380702137947,Cmax
Golimumab,0.3,68,1,50,0,50,0.07040162187948061,Terminal clearance
Golimumab,0.3,68,3,50,0,50,5028.603813631746,AUC0-28d
Golimumab,0.3,68,3,50,0,50,69.47326362133026,Cmax
Golimumab,0.3,68,3,50,0,50,0.07066297873446585,Terminal clearance
Golimumab,0.3,68,10,50,0,50,16524.849781512083,AUC0-28d
Golimumab,0.3,68,10,50,0,50,231.5535333752632,Cmax
Golimumab,0.3,68,10,50,0,50,0.07162756487890122,Terminal clearance
Golimumab,0.3,68,30,50,0,50,47669.60358432724,AUC0-28d
Golimumab,0.3,68,30,50,0,50,694.4063451290131,Cmax
Golimumab,0.3,68,30,50,0,50,0.07436585574254957,Terminal clearance
Golimumab,0.3,69,0.1,50,0,50,173.81985251472068,AUC0-28d
Golimumab,0.3,69,0.1,50,0,50,2.3159460704773664,Cmax
Golimumab,0.3,69,0.1,50,0,50,0.06816162380379284,Terminal clearance
Golimumab,0.3,69,1,50,0,50,1739.149506520271,AUC0-28d
Golimumab,0.3,69,1,50,0,50,23.159297347068787,Cmax
Golimumab,0.3,69,1,50,0,50,0.06804369898268339,Terminal clearance
Golimumab,0.3,69,3,50,0,50,5197.216277245109,AUC0-28d
Golimumab,0.3,69,3,50,0,50,69.47606393694878,Cmax
Golimumab,0.3,69,3,50,0,50,0.0682881230674765,Terminal clearance
Golimumab,0.3,69,10,50,0,50,17081.33676893938,AUC0-28d
Golimumab,0.3,69,10,50,0,50,231.56345719099045,Cmax
Golimumab,0.3,69,10,50,0,50,0.06921016125384948,Terminal clearance
Golimumab,0.3,69,30,50,0,50,49287.09243187671,AUC0-28d
Golimumab,0.3,69,30,50,0,50,694.441264629364,Cmax
Golimumab,0.3,69,30,50,0,50,0.07183783791695421,Terminal clearance
Golimumab,0.3,70,0.1,50,0,50,141.04637152129186,AUC0-28d
Golimumab,0.3,70,0.1,50,0,50,2.315311750397086,Cmax
Golimumab,0.3,70,0.1,50,0,50,0.08444105583103069,Terminal clearance
Golimumab,0.3,70,1,50,0,50,1410.9542143446176,AUC0-28d
Golimumab,0.3,70,1,50,0,50,23.152909822762012,Cmax
Golimumab,0.3,70,1,50,0,50,0.08434057335243247,Terminal clearance
Golimumab,0.3,70,3,50,0,50,4215.509533730369,AUC0-28d
Golimumab,0.3,70,3,50,0,50,69.45657965540886,Cmax
Golimumab,0.3,70,3,50,0,50,0.08466325660413777,Terminal clearance
Golimumab,0.3,70,10,50,0,50,13845.46910173952,AUC0-28d
Golimumab,0.3,70,10,50,0,50,231.49466156959534,Cmax
Golimumab,0.3,70,10,50,0,50,0.08586399467564633,Terminal clearance
Golimumab,0.3,70,30,50,0,50,39902.81586002466,AUC0-28d
Golimumab,0.3,70,30,50,0,50,694.2023549079895,Cmax
Golimumab,0.3,70,30,50,0,50,0.08923264117034463,Terminal clearance
Golimumab,0.3,71,0.1,50,0,50,243.09228136096803,AUC0-28d
Golimumab,0.3,71,0.1,50,0,50,2.3167246347293258,Cmax
Golimumab,0.3,71,0.1,50,0,50,0.04756496358781649,Terminal clearance
Golimumab,0.3,71,1,50,0,50,2432.3065918182087,AUC0-28d
Golimumab,0.3,71,1,50,0,50,23.167139880359173,Cmax
Golimumab,0.3,71,1,50,0,50,0.04745887286831054,Terminal clearance
Golimumab,0.3,71,3,50,0,50,7271.937538632652,AUC0-28d
Golimumab,0.3,71,3,50,0,50,69.50004753470421,Cmax
Golimumab,0.3,71,3,50,0,50,0.0476073789178832,Terminal clearance
Golimumab,0.3,71,10,50,0,50,23937.09409738752,AUC0-28d
Golimumab,0.3,71,10,50,0,50,231.64897906780243,Cmax
Golimumab,0.3,71,10,50,0,50,0.0481763476867101,Terminal clearance
Golimumab,0.3,71,30,50,0,50,69303.28547756597,AUC0-28d
Golimumab,0.3,71,30,50,0,50,694.7493188381195,Cmax
Golimumab,0.3,71,30,50,0,50,0.04983484555793808,Terminal clearance
Golimumab,0.3,72,0.1,50,0,50,251.2003038275677,AUC0-28d
Golimumab,0.3,72,0.1,50,0,50,2.31678796838969,Cmax
Golimumab,0.3,72,0.1,50,0,50,0.04583818241420408,Terminal clearance
Golimumab,0.3,72,1,50,0,50,2513.104071046502,AUC0-28d
Golimumab,0.3,72,1,50,0,50,23.1677825152874,Cmax
Golimumab,0.3,72,1,50,0,50,0.04574165452639878,Terminal clearance
Golimumab,0.3,72,3,50,0,50,7513.776885045711,AUC0-28d
Golimumab,0.3,72,3,50,0,50,69.5020158290863,Cmax
Golimumab,0.3,72,3,50,0,50,0.045883493131654504,Terminal clearance
Golimumab,0.3,72,10,50,0,50,24737.29283387971,AUC0-28d
Golimumab,0.3,72,10,50,0,50,231.6560411453247,Cmax
Golimumab,0.3,72,10,50,0,50,0.04642432560399694,Terminal clearance
Golimumab,0.3,72,30,50,0,50,71649.0364136802,AUC0-28d
Golimumab,0.3,72,30,50,0,50,694.7753834724426,Cmax
Golimumab,0.3,72,30,50,0,50,0.04800315922657624,Terminal clearance
Golimumab,0.3,73,0.1,50,0,50,258.62864462373904,AUC0-28d
Golimumab,0.3,73,0.1,50,0,50,2.3168450575321913,Cmax
Golimumab,0.3,73,0.1,50,0,50,0.044378102177855316,Terminal clearance
Golimumab,0.3,73,1,50,0,50,2590.129377015593,AUC0-28d
Golimumab,0.3,73,1,50,0,50,23.168363012373447,Cmax
Golimumab,0.3,73,1,50,0,50,0.044197949600943275,Terminal clearance
Golimumab,0.3,73,3,50,0,50,7745.050381585693,AUC0-28d
Golimumab,0.3,73,3,50,0,50,69.50379404425621,Cmax
Golimumab,0.3,73,3,50,0,50,0.04432605616931727,Terminal clearance
Golimumab,0.3,73,10,50,0,50,25503.556900264797,AUC0-28d
Golimumab,0.3,73,10,50,0,50,231.66242837905884,Cmax
Golimumab,0.3,73,10,50,0,50,0.0448392908607234,Terminal clearance
Golimumab,0.3,73,30,50,0,50,73897.67997917834,AUC0-28d
Golimumab,0.3,73,30,50,0,50,694.7990348339081,Cmax
Golimumab,0.3,73,30,50,0,50,0.04634569755933606,Terminal clearance
Golimumab,0.3,74,0.1,50,0,50,180.0904725083586,AUC0-28d
Golimumab,0.3,74,0.1,50,0,50,2.3160426942631602,Cmax
Golimumab,0.3,74,0.1,50,0,50,0.06570592948981567,Terminal clearance
Golimumab,0.3,74,1,50,0,50,1802.9574788644245,AUC0-28d
Golimumab,0.3,74,1,50,0,50,23.160267747938633,Cmax
Golimumab,0.3,74,1,50,0,50,0.06553951882390124,Terminal clearance
Golimumab,0.3,74,3,50,0,50,5388.414261381585,AUC0-28d
Golimumab,0.3,74,3,50,0,50,69.4790275990963,Cmax
Golimumab,0.3,74,3,50,0,50,0.06576621413407152,Terminal clearance
Golimumab,0.3,74,10,50,0,50,17712.59884371982,AUC0-28d
Golimumab,0.3,74,10,50,0,50,231.57397609949112,Cmax
Golimumab,0.3,74,10,50,0,50,0.06664285204946511,Terminal clearance
Golimumab,0.3,74,30,50,0,50,51123.49866152792,AUC0-28d
Golimumab,0.3,74,30,50,0,50,694.478452205658,Cmax
Golimumab,0.3,74,30,50,0,50,0.06915238628736702,Terminal clearance
Golimumab,0.3,75,0.1,50,0,50,171.19654260612404,AUC0-28d
Golimumab,0.3,75,0.1,50,0,50,2.3159036580473185,Cmax
Golimumab,0.3,75,0.1,50,0,50,0.06923129700124996,Terminal clearance
Golimumab,0.3,75,1,50,0,50,1712.394566188893,AUC0-28d
Golimumab,0.3,75,1,50,0,50,23.158868953585625,Cmax
Golimumab,0.3,75,1,50,0,50,0.06914635589375788,Terminal clearance
Golimumab,0.3,75,3,50,0,50,5117.067818084813,AUC0-28d
Golimumab,0.3,75,3,50,0,50,69.47475591301918,Cmax
Golimumab,0.3,75,3,50,0,50,0.06939845240984911,Terminal clearance
Golimumab,0.3,75,10,50,0,50,16816.804743666406,AUC0-28d
Golimumab,0.3,75,10,50,0,50,231.5588212609291,Cmax
Golimumab,0.3,75,10,50,0,50,0.07034032073646315,Terminal clearance
Golimumab,0.3,75,30,50,0,50,48518.04763667567,AUC0-28d
Golimumab,0.3,75,30,50,0,50,694.4249274730682,Cmax
Golimumab,0.3,75,30,50,0,50,0.07301976932262697,Terminal clearance
Golimumab,0.3,76,0.1,50,0,50,242.18222321292353,AUC0-28d
Golimumab,0.3,76,0.1,50,0,50,2.316714607179165,Cmax
Golimumab,0.3,76,0.1,50,0,50,0.047743797036013315,Terminal clearance
Golimumab,0.3,76,1,50,0,50,2421.241033869312,AUC0-28d
Golimumab,0.3,76,1,50,0,50,23.167046539485455,Cmax
Golimumab,0.3,76,1,50,0,50,0.04769903571265281,Terminal clearance
Golimumab,0.3,76,3,50,0,50,7238.3124042085155,AUC0-28d
Golimumab,0.3,76,3,50,0,50,69.49976152181625,Cmax
Golimumab,0.3,76,3,50,0,50,0.04785434749976165,Terminal clearance
Golimumab,0.3,76,10,50,0,50,23825.2585846555,AUC0-28d
Golimumab,0.3,76,10,50,0,50,231.64795446395874,Cmax
Golimumab,0.3,76,10,50,0,50,0.048429325178160926,Terminal clearance
Golimumab,0.3,76,30,50,0,50,68975.09011404979,AUC0-28d
Golimumab,0.3,76,30,50,0,50,694.7455458641052,Cmax
Golimumab,0.3,76,30,50,0,50,0.050099934540775944,Terminal clearance
Golimumab,0.3,77,0.1,50,0,50,207.87181206419933,AUC0-28d
Golimumab,0.3,77,0.1,50,0,50,2.316389635205269,Cmax
Golimumab,0.3,77,0.1,50,0,50,0.05642335933885451,Terminal clearance
Golimumab,0.3,77,1,50,0,50,2077.9064064239064,AUC0-28d
Golimumab,0.3,77,1,50,0,50,23.16376206278801,Cmax
Golimumab,0.3,77,1,50,0,50,0.056393350700572865,Terminal clearance
Golimumab,0.3,77,3,50,0,50,6210.482157543225,AUC0-28d
Golimumab,0.3,77,3,50,0,50,69.4897086918354,Cmax
Golimumab,0.3,77,3,50,0,50,0.05659037374052116,Terminal clearance
Golimumab,0.3,77,10,50,0,50,20426.59139311555,AUC0-28d
Golimumab,0.3,77,10,50,0,50,231.61199355125427,Cmax
Golimumab,0.3,77,10,50,0,50,0.05731338433176652,Terminal clearance
Golimumab,0.3,77,30,50,0,50,59033.8851843683,AUC0-28d
Golimumab,0.3,77,30,50,0,50,694.6144623756409,Cmax
Golimumab,0.3,77,30,50,0,50,0.05939339953056039,Terminal clearance
Golimumab,0.3,78,0.1,50,0,50,235.6821716293012,AUC0-28d
Golimumab,0.3,78,0.1,50,0,50,2.316665039397776,Cmax
Golimumab,0.3,78,0.1,50,0,50,0.049285937409380975,Terminal clearance
Golimumab,0.3,78,1,50,0,50,2361.8284822877536,AUC0-28d
Golimumab,0.3,78,1,50,0,50,23.16654860973358,Cmax
Golimumab,0.3,78,1,50,0,50,0.0490485506022016,Terminal clearance
Golimumab,0.3,78,3,50,0,50,7061.768247543221,AUC0-28d
Golimumab,0.3,78,3,50,0,50,69.4982377588749,Cmax
Golimumab,0.3,78,3,50,0,50,0.04919263308160401,Terminal clearance
Golimumab,0.3,78,10,50,0,50,23242.754439791035,AUC0-28d
Golimumab,0.3,78,10,50,0,50,231.64249259233475,Cmax
Golimumab,0.3,78,10,50,0,50,0.04978455075446071,Terminal clearance
Golimumab,0.3,78,30,50,0,50,67270.08375467207,AUC0-28d
Golimumab,0.3,78,30,50,0,50,694.7254829406738,Cmax
Golimumab,0.3,78,30,50,0,50,0.05151560170793805,Terminal clearance
Golimumab,0.3,79,0.1,50,0,50,206.37708382707902,AUC0-28d
Golimumab,0.3,79,0.1,50,0,50,2.3163772048428655,Cmax
Golimumab,0.3,79,0.1,50,0,50,0.05690209296182959,Terminal clearance
Golimumab,0.3,79,1,50,0,50,2066.153913889018,AUC0-28d
Golimumab,0.3,79,1,50,0,50,23.163635663688183,Cmax
Golimumab,0.3,79,1,50,0,50,0.05674419578749361,Terminal clearance
Golimumab,0.3,79,3,50,0,50,6176.119754076908,AUC0-28d
Golimumab,0.3,79,3,50,0,50,69.48932182788849,Cmax
Golimumab,0.3,79,3,50,0,50,0.05692994426797641,Terminal clearance
Golimumab,0.3,79,10,50,0,50,20314.001451743086,AUC0-28d
Golimumab,0.3,79,10,50,0,50,231.61061507463455,Cmax
Golimumab,0.3,79,10,50,0,50,0.057654624418044746,Terminal clearance
Golimumab,0.3,79,30,50,0,50,58705.98036236948,AUC0-28d
Golimumab,0.3,79,30,50,0,50,694.609482049942,Cmax
Golimumab,0.3,79,30,50,0,50,0.05974923485529654,Terminal clearance
Golimumab,0.3,80,0.1,50,0,50,183.32158946148317,AUC0-28d
Golimumab,0.3,80,0.1,50,0,50,2.316086475737393,Cmax
Golimumab,0.3,80,0.1,50,0,50,0.06446710757553845,Terminal clearance
Golimumab,0.3,80,1,50,0,50,1833.4603227142522,AUC0-28d
Golimumab,0.3,80,1,50,0,50,23.16070405393839,Cmax
Golimumab,0.3,80,1,50,0,50,0.06439441152263489,Terminal clearance
Golimumab,0.3,80,3,50,0,50,5479.237917220444,AUC0-28d
Golimumab,0.3,80,3,50,0,50,69.48035976290703,Cmax
Golimumab,0.3,80,3,50,0,50,0.06462504415974987,Terminal clearance
Golimumab,0.3,80,10,50,0,50,18011.852833016084,AUC0-28d
Golimumab,0.3,80,10,50,0,50,231.57870662212372,Cmax
Golimumab,0.3,80,10,50,0,50,0.06548489318072641,Terminal clearance
Golimumab,0.3,80,30,50,0,50,51994.042404786574,AUC0-28d
Golimumab,0.3,80,30,50,0,50,694.4952371120453,Cmax
Golimumab,0.3,80,30,50,0,50,0.06794200963394588,Terminal clearance
Golimumab,0.3,81,0.1,50,0,50,348.33330781377094,AUC0-28d
Golimumab,0.3,81,0.1,50,0,50,2.3173405369743705,Cmax
Golimumab,0.3,81,0.1,50,0,50,0.0307871379320352,Terminal clearance
Golimumab,0.3,81,1,50,0,50,3486.972855894155,AUC0-28d
Golimumab,0.3,81,1,50,0,50,23.173362985253334,Cmax
Golimumab,0.3,81,1,50,0,50,0.030664403992312836,Terminal clearance
Golimumab,0.3,81,3,50,0,50,10431.591350780243,AUC0-28d
Golimumab,0.3,81,3,50,0,50,69.51912805438042,Cmax
Golimumab,0.3,81,3,50,0,50,0.030739886435265977,Terminal clearance
Golimumab,0.3,81,10,50,0,50,34409.36794332086,AUC0-28d
Golimumab,0.3,81,10,50,0,50,231.71772891283035,Cmax
Golimumab,0.3,81,10,50,0,50,0.03104460110442624,Terminal clearance
Golimumab,0.3,81,30,50,0,50,100138.48558191227,AUC0-28d
Golimumab,0.3,81,30,50,0,50,695.0075154304504,Cmax
Golimumab,0.3,81,30,50,0,50,0.03195343794070065,Terminal clearance
Golimumab,0.3,82,0.1,50,0,50,177.13375290411926,AUC0-28d
Golimumab,0.3,82,0.1,50,0,50,2.3159951772540808,Cmax
Golimumab,0.3,82,0.1,50,0,50,0.06681612869588242,Terminal clearance
Golimumab,0.3,82,1,50,0,50,1771.0416940902817,AUC0-28d
Golimumab,0.3,82,1,50,0,50,23.159788012504578,Cmax
Golimumab,0.3,82,1,50,0,50,0.06676583579390628,Terminal clearance
Golimumab,0.3,82,3,50,0,50,5292.3253535953245,AUC0-28d
Golimumab,0.3,82,3,50,0,50,69.47756168246269,Cmax
Golimumab,0.3,82,3,50,0,50,0.06701087120970342,Terminal clearance
Golimumab,0.3,82,10,50,0,50,17394.794433407053,AUC0-28d
Golimumab,0.3,82,10,50,0,50,231.56877046823502,Cmax
Golimumab,0.3,82,10,50,0,50,0.06791292476324176,Terminal clearance
Golimumab,0.3,82,30,50,0,50,50198.33049897096,AUC0-28d
Golimumab,0.3,82,30,50,0,50,694.460027217865,Cmax
Golimumab,0.3,82,30,50,0,50,0.07048185141509074,Terminal clearance
Golimumab,0.3,83,0.1,50,0,50,232.50562333993568,AUC0-28d
Golimumab,0.3,83,0.1,50,0,50,2.3166338615119457,Cmax
Golimumab,0.3,83,0.1,50,0,50,0.04997676730876394,Terminal clearance
Golimumab,0.3,83,1,50,0,50,2325.932726426847,AUC0-28d
Golimumab,0.3,83,1,50,0,50,23.166229024529457,Cmax
Golimumab,0.3,83,1,50,0,50,0.04988063079337742,Terminal clearance
Golimumab,0.3,83,3,50,0,50,6953.315515408747,AUC0-28d
Golimumab,0.3,83,3,50,0,50,69.49725776910782,Cmax
Golimumab,0.3,83,3,50,0,50,0.05004170021579706,Terminal clearance
Golimumab,0.3,83,10,50,0,50,22882.867733648058,AUC0-28d
Golimumab,0.3,83,10,50,0,50,231.63897997140884,Cmax
Golimumab,0.3,83,10,50,0,50,0.05065183876855308,Terminal clearance
Golimumab,0.3,83,30,50,0,50,66215.40940559361,AUC0-28d
Golimumab,0.3,83,30,50,0,50,694.712611913681,Cmax
Golimumab,0.3,83,30,50,0,50,0.05242386382392609,Terminal clearance
Golimumab,0.3,84,0.1,50,0,50,223.31010741449737,AUC0-28d
Golimumab,0.3,84,0.1,50,0,50,2.3165491484105587,Cmax
Golimumab,0.3,84,0.1,50,0,50,0.05223227265217656,Terminal clearance
Golimumab,0.3,84,1,50,0,50,2233.4699590198784,AUC0-28d
Golimumab,0.3,84,1,50,0,50,23.16537094116211,Cmax
Golimumab,0.3,84,1,50,0,50,0.052154283150535594,Terminal clearance
Golimumab,0.3,84,3,50,0,50,6676.40405839608,AUC0-28d
Golimumab,0.3,84,3,50,0,50,69.49463108181953,Cmax
Golimumab,0.3,84,3,50,0,50,0.05232728958966911,Terminal clearance
Golimumab,0.3,84,10,50,0,50,21966.995831627366,AUC0-28d
Golimumab,0.3,84,10,50,0,50,231.62958025932312,Cmax
Golimumab,0.3,84,10,50,0,50,0.05297636590640696,Terminal clearance
Golimumab,0.3,84,30,50,0,50,63535.47389523503,AUC0-28d
Golimumab,0.3,84,30,50,0,50,694.6782546043396,Cmax
Golimumab,0.3,84,30,50,0,50,0.05485554082480803,Terminal clearance
Golimumab,0.3,85,0.1,50,0,50,255.502329301125,AUC0-28d
Golimumab,0.3,85,0.1,50,0,50,2.316817754879594,Cmax
Golimumab,0.3,85,0.1,50,0,50,0.0449273393938623,Terminal clearance
Golimumab,0.3,85,1,50,0,50,2553.270188324314,AUC0-28d
Golimumab,0.3,85,1,50,0,50,23.16808571666479,Cmax
Golimumab,0.3,85,1,50,0,50,0.04492085714984131,Terminal clearance
Golimumab,0.3,85,3,50,0,50,7633.372590131259,AUC0-28d
Golimumab,0.3,85,3,50,0,50,69.50294414162636,Cmax
Golimumab,0.3,85,3,50,0,50,0.04506605263489094,Terminal clearance
Golimumab,0.3,85,10,50,0,50,25132.351706313922,AUC0-28d
Golimumab,0.3,85,10,50,0,50,231.65937387943268,Cmax
Golimumab,0.3,85,10,50,0,50,0.04559587371177619,Terminal clearance
Golimumab,0.3,85,30,50,0,50,72807.17841135409,AUC0-28d
Golimumab,0.3,85,30,50,0,50,694.7877109050751,Cmax
Golimumab,0.3,85,30,50,0,50,0.047137840058115714,Terminal clearance
Golimumab,0.3,86,0.1,50,0,50,268.20121277396873,AUC0-28d
Golimumab,0.3,86,0.1,50,0,50,2.316911947913468,Cmax
Golimumab,0.3,86,0.1,50,0,50,0.04255874024746717,Terminal clearance
Golimumab,0.3,86,1,50,0,50,2686.0010891189795,AUC0-28d
Golimumab,0.3,86,1,50,0,50,23.169039867818356,Cmax
Golimumab,0.3,86,1,50,0,50,0.04238187129847678,Terminal clearance
Golimumab,0.3,86,3,50,0,50,8032.184345965803,AUC0-28d
Golimumab,0.3,86,3,50,0,50,69.50586819648743,Cmax
Golimumab,0.3,86,3,50,0,50,0.04250220344021347,Terminal clearance
Golimumab,0.3,86,10,50,0,50,26454.29655453614,AUC0-28d
Golimumab,0.3,86,10,50,0,50,231.66988438367844,Cmax
Golimumab,0.3,86,10,50,0,50,0.042985916457169544,Terminal clearance
Golimumab,0.3,86,30,50,0,50,76689.18339294194,AUC0-28d
Golimumab,0.3,86,30,50,0,50,694.8267509937286,Cmax
Golimumab,0.3,86,30,50,0,50,0.04440899417323361,Terminal clearance
Golimumab,0.3,87,0.1,50,0,50,206.99410306075129,AUC0-28d
Golimumab,0.3,87,0.1,50,0,50,2.3163846815004945,Cmax
Golimumab,0.3,87,0.1,50,0,50,0.056731480930972106,Terminal clearance
Golimumab,0.3,87,1,50,0,50,2073.0431375002167,AUC0-28d
Golimumab,0.3,87,1,50,0,50,23.16371324658394,Cmax
Golimumab,0.3,87,1,50,0,50,0.05654364592090401,Terminal clearance
Golimumab,0.3,87,3,50,0,50,6196.909991693607,AUC0-28d
Golimumab,0.3,87,3,50,0,50,69.48956036567688,Cmax
Golimumab,0.3,87,3,50,0,50,0.056725536360235015,Terminal clearance
Golimumab,0.3,87,10,50,0,50,20382.898038586616,AUC0-28d
Golimumab,0.3,87,10,50,0,50,231.61146479845047,Cmax
Golimumab,0.3,87,10,50,0,50,0.0574458475207878,Terminal clearance
Golimumab,0.3,87,30,50,0,50,58907.284410586784,AUC0-28d
Golimumab,0.3,87,30,50,0,50,694.6125454902649,Cmax
Golimumab,0.3,87,30,50,0,50,0.05953054125144455,Terminal clearance
Golimumab,0.3,88,0.1,50,0,50,368.21442352455256,AUC0-28d
Golimumab,0.3,88,0.1,50,0,50,2.3174219336360693,Cmax
Golimumab,0.3,88,0.1,50,0,50,0.028569322192413732,Terminal clearance
Golimumab,0.3,88,1,50,0,50,3688.489117956536,AUC0-28d
Golimumab,0.3,88,1,50,0,50,23.174189306795597,Cmax
Golimumab,0.3,88,1,50,0,50,0.02840749689472805,Terminal clearance
Golimumab,0.3,88,3,50,0,50,11036.15343687757,AUC0-28d
Golimumab,0.3,88,3,50,0,50,69.52166506648064,Cmax
Golimumab,0.3,88,3,50,0,50,0.028471117547420835,Terminal clearance
Golimumab,0.3,88,10,50,0,50,36417.45297725776,AUC0-28d
Golimumab,0.3,88,10,50,0,50,231.7269208431244,Cmax
Golimumab,0.3,88,10,50,0,50,0.028742862622388333,Terminal clearance
Golimumab,0.3,88,30,50,0,50,106084.03746177146,AUC0-28d
Golimumab,0.3,88,30,50,0,50,695.0428476333618,Cmax
Golimumab,0.3,88,30,50,0,50,0.02955827890855216,Terminal clearance
Golimumab,0.3,89,0.1,50,0,50,243.77052437085507,AUC0-28d
Golimumab,0.3,89,0.1,50,0,50,2.3167307395488024,Cmax
Golimumab,0.3,89,0.1,50,0,50,0.047446000614418206,Terminal clearance
Golimumab,0.3,89,1,50,0,50,2440.9950754475035,AUC0-28d
Golimumab,0.3,89,1,50,0,50,23.167212277650833,Cmax
Golimumab,0.3,89,1,50,0,50,0.04727234839933885,Terminal clearance
Golimumab,0.3,89,3,50,0,50,7298.371874810044,AUC0-28d
Golimumab,0.3,89,3,50,0,50,69.50026935338974,Cmax
Golimumab,0.3,89,3,50,0,50,0.04741469936534435,Terminal clearance
Golimumab,0.3,89,10,50,0,50,24025.04621678017,AUC0-28d
Golimumab,0.3,89,10,50,0,50,231.64977550506592,Cmax
Golimumab,0.3,89,10,50,0,50,0.04797891182579457,Terminal clearance
Golimumab,0.3,89,30,50,0,50,69561.43990082567,AUC0-28d
Golimumab,0.3,89,30,50,0,50,694.7522614002228,Cmax
Golimumab,0.3,89,30,50,0,50,0.04962792405331148,Terminal clearance
Golimumab,0.3,90,0.1,50,0,50,157.9631378901322,AUC0-28d
Golimumab,0.3,90,0.1,50,0,50,2.3156733149662614,Cmax
Golimumab,0.3,90,0.1,50,0,50,0.07522943162937434,Terminal clearance
Golimumab,0.3,90,1,50,0,50,1580.5279926702885,AUC0-28d
Golimumab,0.3,90,1,50,0,50,23.15654893219471,Cmax
Golimumab,0.3,90,1,50,0,50,0.07510825423149667,Terminal clearance
Golimumab,0.3,90,3,50,0,50,4722.717296664816,AUC0-28d
Golimumab,0.3,90,3,50,0,50,69.4676750600338,Cmax
Golimumab,0.3,90,3,50,0,50,0.07538550788546487,Terminal clearance
Golimumab,0.3,90,10,50,0,50,15516.5333046481,AUC0-28d
Golimumab,0.3,90,10,50,0,50,231.53376638889313,Cmax
Golimumab,0.3,90,10,50,0,50,0.07642917951281339,Terminal clearance
Golimumab,0.3,90,30,50,0,50,44742.904865418015,AUC0-28d
Golimumab,0.3,90,30,50,0,50,694.3372614383698,Cmax
Golimumab,0.3,90,30,50,0,50,0.07938345621560917,Terminal clearance
Golimumab,0.3,91,0.1,50,0,50,226.51619703790746,AUC0-28d
Golimumab,0.3,91,0.1,50,0,50,2.316580851562321,Cmax
Golimumab,0.3,91,0.1,50,0,50,0.051434808585638196,Terminal clearance
Golimumab,0.3,91,1,50,0,50,2266.768916540647,AUC0-28d
Golimumab,0.3,91,1,50,0,50,23.165689073503017,Cmax
Golimumab,0.3,91,1,50,0,50,0.0513180566016759,Terminal clearance
Golimumab,0.3,91,3,50,0,50,6776.4240525325495,AUC0-28d
Golimumab,0.3,91,3,50,0,50,69.495604544878,Cmax
Golimumab,0.3,91,3,50,0,50,0.05148273410265793,Terminal clearance
Golimumab,0.3,91,10,50,0,50,22298.12581961821,AUC0-28d
Golimumab,0.3,91,10,50,0,50,231.6330624818802,Cmax
Golimumab,0.3,91,10,50,0,50,0.052116092857452036,Terminal clearance
Golimumab,0.3,91,30,50,0,50,64504.39954358947,AUC0-28d
Golimumab,0.3,91,30,50,0,50,694.6909618377686,Cmax
Golimumab,0.3,91,30,50,0,50,0.05395517319222692,Terminal clearance
Golimumab,0.3,92,0.1,50,0,50,219.93197519944098,AUC0-28d
Golimumab,0.3,92,0.1,50,0,50,2.3165153386071324,Cmax
Golimumab,0.3,92,0.1,50,0,50,0.053096063557323395,Terminal clearance
Golimumab,0.3,92,1,50,0,50,2198.9304221628713,AUC0-28d
Golimumab,0.3,92,1,50,0,50,23.165031999349594,Cmax
Golimumab,0.3,92,1,50,0,50,0.053047119198013755,Terminal clearance
Golimumab,0.3,92,3,50,0,50,6572.831366888732,AUC0-28d
Golimumab,0.3,92,3,50,0,50,69.49359369277954,Cmax
Golimumab,0.3,92,3,50,0,50,0.05322681598678923,Terminal clearance
Golimumab,0.3,92,10,50,0,50,21624.352029475427,AUC0-28d
Golimumab,0.3,92,10,50,0,50,231.62587022781372,Cmax
Golimumab,0.3,92,10,50,0,50,0.05389193385669226,Terminal clearance
Golimumab,0.3,92,30,50,0,50,62533.38568515414,AUC0-28d
Golimumab,0.3,92,30,50,0,50,694.6647527217865,Cmax
Golimumab,0.3,92,30,50,0,50,0.05581360234330956,Terminal clearance
Golimumab,0.3,93,0.1,50,0,50,166.6829040735173,AUC0-28d
Golimumab,0.3,93,0.1,50,0,50,2.31583000626415,Cmax
Golimumab,0.3,93,0.1,50,0,50,0.0711630100511731,Terminal clearance
Golimumab,0.3,93,1,50,0,50,1667.157278236512,AUC0-28d
Golimumab,0.3,93,1,50,0,50,23.158115230500698,Cmax
Golimumab,0.3,93,1,50,0,50,0.0710894317363754,Terminal clearance
Golimumab,0.3,93,3,50,0,50,4981.746402743627,AUC0-28d
Golimumab,0.3,93,3,50,0,50,69.47245332598686,Cmax
Golimumab,0.3,93,3,50,0,50,0.07135069418456855,Terminal clearance
Golimumab,0.3,93,10,50,0,50,16370.47852653211,AUC0-28d
Golimumab,0.3,93,10,50,0,50,231.55066466331482,Cmax
Golimumab,0.3,93,10,50,0,50,0.07232606390214205,Terminal clearance
Golimumab,0.3,93,30,50,0,50,47221.34502938005,AUC0-28d
Golimumab,0.3,93,30,50,0,50,694.3962736129761,Cmax
Golimumab,0.3,93,30,50,0,50,0.07509574299763765,Terminal clearance
Golimumab,0.3,94,0.1,50,0,50,240.27613295541883,AUC0-28d
Golimumab,0.3,94,0.1,50,0,50,2.316700187511742,Cmax
Golimumab,0.3,94,0.1,50,0,50,0.04819376905792104,Terminal clearance
Golimumab,0.3,94,1,50,0,50,2404.0445631843722,AUC0-28d
Golimumab,0.3,94,1,50,0,50,23.1669048294425,Cmax
Golimumab,0.3,94,1,50,0,50,0.048083390683818464,Terminal clearance
Golimumab,0.3,94,3,50,0,50,7187.25485707774,AUC0-28d
Golimumab,0.3,94,3,50,0,50,69.49932780861855,Cmax
Golimumab,0.3,94,3,50,0,50,0.04823535777385829,Terminal clearance
Golimumab,0.3,94,10,50,0,50,23656.83115025812,AUC0-28d
Golimumab,0.3,94,10,50,0,50,231.64640271663666,Cmax
Golimumab,0.3,94,10,50,0,50,0.04881501280804798,Terminal clearance
Golimumab,0.3,94,30,50,0,50,68482.0372225506,AUC0-28d
Golimumab,0.3,94,30,50,0,50,694.739828824997,Cmax
Golimumab,0.3,94,30,50,0,50,0.05050276941462337,Terminal clearance
Golimumab,0.3,95,0.1,50,0,50,174.41160358136213,AUC0-28d
Golimumab,0.3,95,0.1,50,0,50,2.315960037522018,Cmax
Golimumab,0.3,95,0.1,50,0,50,0.06795614494146623,Terminal clearance
Golimumab,0.3,95,1,50,0,50,1747.6946225763484,AUC0-28d
Golimumab,0.3,95,1,50,0,50,23.159436509013176,Cmax
Golimumab,0.3,95,1,50,0,50,0.06770537692745694,Terminal clearance
Golimumab,0.3,95,3,50,0,50,5223.465902855169,AUC0-28d
Golimumab,0.3,95,3,50,0,50,69.4764886200428,Cmax
Golimumab,0.3,95,3,50,0,50,0.06793356653263923,Terminal clearance
Golimumab,0.3,95,10,50,0,50,17168.750416122646,AUC0-28d
Golimumab,0.3,95,10,50,0,50,231.56496638059616,Cmax
Golimumab,0.3,95,10,50,0,50,0.0688445079779368,Terminal clearance
Golimumab,0.3,95,30,50,0,50,49541.926012282536,AUC0-28d
Golimumab,0.3,95,30,50,0,50,694.4465832710266,Cmax
Golimumab,0.3,95,30,50,0,50,0.0714541342187152,Terminal clearance
Golimumab,0.3,96,0.1,50,0,50,137.99234151243616,AUC0-28d
Golimumab,0.3,96,0.1,50,0,50,2.3152376767247915,Cmax
Golimumab,0.3,96,0.1,50,0,50,0.08631766233707372,Terminal clearance
Golimumab,0.3,96,1,50,0,50,1380.2491592180124,AUC0-28d
Golimumab,0.3,96,1,50,0,50,23.15215303748846,Cmax
Golimumab,0.3,96,1,50,0,50,0.08624702587447768,Terminal clearance
Golimumab,0.3,96,3,50,0,50,4123.738342547556,AUC0-28d
Golimumab,0.3,96,3,50,0,50,69.45427250862122,Cmax
Golimumab,0.3,96,3,50,0,50,0.08657814183143694,Terminal clearance
Golimumab,0.3,96,10,50,0,50,13543.409376310423,AUC0-28d
Golimumab,0.3,96,10,50,0,50,231.48655289411545,Cmax
Golimumab,0.3,96,10,50,0,50,0.08781010494348235,Terminal clearance
Golimumab,0.3,96,30,50,0,50,39029.56374825927,AUC0-28d
Golimumab,0.3,96,30,50,0,50,694.1746573448181,Cmax
Golimumab,0.3,96,30,50,0,50,0.09126177148268476,Terminal clearance
Golimumab,0.3,97,0.1,50,0,50,128.0202073810243,AUC0-28d
Golimumab,0.3,97,0.1,50,0,50,2.314964337274432,Cmax
Golimumab,0.3,97,0.1,50,0,50,0.09311673323712442,Terminal clearance
Golimumab,0.3,97,1,50,0,50,1279.6644624928435,AUC0-28d
Golimumab,0.3,97,1,50,0,50,23.14939997345209,Cmax
Golimumab,0.3,97,1,50,0,50,0.09311422217890473,Terminal clearance
Golimumab,0.3,97,3,50,0,50,3822.7933433452636,AUC0-28d
Golimumab,0.3,97,3,50,0,50,69.44588908553123,Cmax
Golimumab,0.3,97,3,50,0,50,0.09348490079957256,Terminal clearance
Golimumab,0.3,97,10,50,0,50,12552.89399362429,AUC0-28d
Golimumab,0.3,97,10,50,0,50,231.45715588331223,Cmax
Golimumab,0.3,97,10,50,0,50,0.09483196407737884,Terminal clearance
Golimumab,0.3,97,30,50,0,50,36169.27115949056,AUC0-28d
Golimumab,0.3,97,30,50,0,50,694.0750150680542,Cmax
Golimumab,0.3,97,30,50,0,50,0.09857727726789976,Terminal clearance
Golimumab,0.3,98,0.1,50,0,50,173.3659610272168,AUC0-28d
Golimumab,0.3,98,0.1,50,0,50,2.3159397086128592,Cmax
Golimumab,0.3,98,0.1,50,0,50,0.06834937803888948,Terminal clearance
Golimumab,0.3,98,1,50,0,50,1734.8898719172698,AUC0-28d
Golimumab,0.3,98,1,50,0,50,23.159230783581734,Cmax
Golimumab,0.3,98,1,50,0,50,0.06821815196836793,Terminal clearance
Golimumab,0.3,98,3,50,0,50,5184.550285296136,AUC0-28d
Golimumab,0.3,98,3,50,0,50,69.47586053609848,Cmax
Golimumab,0.3,98,3,50,0,50,0.06846170819016277,Terminal clearance
Golimumab,0.3,98,10,50,0,50,17039.641179400067,AUC0-28d
Golimumab,0.3,98,10,50,0,50,231.56273674964905,Cmax
Golimumab,0.3,98,10,50,0,50,0.0693861607070474,Terminal clearance
Golimumab,0.3,98,30,50,0,50,49165.94909042231,AUC0-28d
Golimumab,0.3,98,30,50,0,50,694.4387254714966,Cmax
Golimumab,0.3,98,30,50,0,50,0.07202171940834229,Terminal clearance
Golimumab,0.3,99,0.1,50,0,50,268.4322237080173,AUC0-28d
Golimumab,0.3,99,0.1,50,0,50,2.31691419146955,Cmax
Golimumab,0.3,99,0.1,50,0,50,0.04251983492343004,Terminal clearance
Golimumab,0.3,99,1,50,0,50,2688.7579437712575,AUC0-28d
Golimumab,0.3,99,1,50,0,50,23.169059067964554,Cmax
Golimumab,0.3,99,1,50,0,50,0.04233213421879745,Terminal clearance
Golimumab,0.3,99,3,50,0,50,8040.558244541425,AUC0-28d
Golimumab,0.3,99,3,50,0,50,69.50592729449272,Cmax
Golimumab,0.3,99,3,50,0,50,0.04245090941552003,Terminal clearance
Golimumab,0.3,99,10,50,0,50,26482.165862340928,AUC0-28d
Golimumab,0.3,99,10,50,0,50,231.6700946688652,Cmax
Golimumab,0.3,99,10,50,0,50,0.042933419762621626,Terminal clearance
Golimumab,0.3,99,30,50,0,50,76771.16460223154,AUC0-28d
Golimumab,0.3,99,30,50,0,50,694.8275377750397,Cmax
Golimumab,0.3,99,30,50,0,50,0.044354033245895735,Terminal clearance
Golimumab,0.3,100,0.1,50,0,50,310.10771451630484,AUC0-28d
Golimumab,0.3,100,0.1,50,0,50,2.317158719524741,Cmax
Golimumab,0.3,100,0.1,50,0,50,0.03572545708941779,Terminal clearance
Golimumab,0.3,100,1,50,0,50,3101.9266345955016,AUC0-28d
Golimumab,0.3,100,1,50,0,50,23.171530298888683,Cmax
Golimumab,0.3,100,1,50,0,50,0.03564818146103182,Terminal clearance
Golimumab,0.3,100,3,50,0,50,9277.248763332342,AUC0-28d
Golimumab,0.3,100,3,50,0,50,69.51350408792496,Cmax
Golimumab,0.3,100,3,50,0,50,0.03574758819868012,Terminal clearance
Golimumab,0.3,100,10,50,0,50,30579.067135323596,AUC0-28d
Golimumab,0.3,100,10,50,0,50,231.69739758968353,Cmax
Golimumab,0.3,100,10,50,0,50,0.03612763617775997,Terminal clearance
Golimumab,0.3,100,30,50,0,50,88826.8535040164,AUC0-28d
Golimumab,0.3,100,30,50,0,50,694.9300782680511,Cmax
Golimumab,0.3,100,30,50,0,50,0.03725027342849178,Terminal clearance
Golimumab,0.6,1,0.1,50,0,50,415.8284173946837,AUC0-28d
Golimumab,0.6,1,0.1,50,0,50,2.3175891302525997,Cmax
Golimumab,0.6,1,0.1,50,0,50,0.023930714369683803,Terminal clearance
Golimumab,0.6,1,1,50,0,50,4164.780474729369,AUC0-28d
Golimumab,0.6,1,1,50,0,50,23.175867319107056,Cmax
Golimumab,0.6,1,1,50,0,50,0.02379144559052703,Terminal clearance
Golimumab,0.6,1,3,50,0,50,12464.043910413335,AUC0-28d
Golimumab,0.6,1,3,50,0,50,69.52681875228882,Cmax
Golimumab,0.6,1,3,50,0,50,0.023839337289338527,Terminal clearance
Golimumab,0.6,1,10,50,0,50,41163.37293417905,AUC0-28d
Golimumab,0.6,1,10,50,0,50,231.74563032388687,Cmax
Golimumab,0.6,1,10,50,0,50,0.02404996736067733,Terminal clearance
Golimumab,0.6,1,30,50,0,50,120176.25502285159,AUC0-28d
Golimumab,0.6,1,30,50,0,50,695.115406036377,Cmax
Golimumab,0.6,1,30,50,0,50,0.024685531874349617,Terminal clearance
Golimumab,0.6,2,0.1,50,0,50,99.60001765346345,AUC0-28d
Golimumab,0.6,2,0.1,50,0,50,2.3138745669275522,Cmax
Golimumab,0.6,2,0.1,50,0,50,0.11986407147600948,Terminal clearance
Golimumab,0.6,2,1,50,0,50,996.3490559065918,AUC0-28d
Golimumab,0.6,2,1,50,0,50,23.138446167111397,Cmax
Golimumab,0.6,2,1,50,0,50,0.11978302707456143,Terminal clearance
Golimumab,0.6,2,3,50,0,50,2976.613263820722,AUC0-28d
Golimumab,0.6,2,3,50,0,50,69.41260930895805,Cmax
Golimumab,0.6,2,3,50,0,50,0.1202529596714892,Terminal clearance
Golimumab,0.6,2,10,50,0,50,9774.20274375572,AUC0-28d
Golimumab,0.6,2,10,50,0,50,231.34143072366714,Cmax
Golimumab,0.6,2,10,50,0,50,0.12198647607254615,Terminal clearance
Golimumab,0.6,2,30,50,0,50,28181.503695959673,AUC0-28d
Golimumab,0.6,2,30,50,0,50,693.6932780742645,Cmax
Golimumab,0.6,2,30,50,0,50,0.12672978981978417,Terminal clearance
Golimumab,0.6,3,0.1,50,0,50,212.0723394687652,AUC0-28d
Golimumab,0.6,3,0.1,50,0,50,2.3164393678307533,Cmax
Golimumab,0.6,3,0.1,50,0,50,0.05527369043087164,Terminal clearance
Golimumab,0.6,3,1,50,0,50,2123.523352291161,AUC0-28d
Golimumab,0.6,3,1,50,0,50,23.16426160186529,Cmax
Golimumab,0.6,3,1,50,0,50,0.055098828881185793,Terminal clearance
Golimumab,0.6,3,3,50,0,50,6347.932070467976,AUC0-28d
Golimumab,0.6,3,3,50,0,50,69.49123692512512,Cmax
Golimumab,0.6,3,3,50,0,50,0.05527522211488305,Terminal clearance
Golimumab,0.6,3,10,50,0,50,20881.901206374492,AUC0-28d
Golimumab,0.6,3,10,50,0,50,231.6174493432045,Cmax
Golimumab,0.6,3,10,50,0,50,0.05597089770031517,Terminal clearance
Golimumab,0.6,3,30,50,0,50,60364.48365246224,AUC0-28d
Golimumab,0.6,3,30,50,0,50,694.6341934204102,Cmax
Golimumab,0.6,3,30,50,0,50,0.057987439912473744,Terminal clearance
Golimumab,0.6,4,0.1,50,0,50,274.9540512623011,AUC0-28d
Golimumab,0.6,4,0.1,50,0,50,2.316955776885152,Cmax
Golimumab,0.6,4,0.1,50,0,50,0.041291938696407286,Terminal clearance
Golimumab,0.6,4,1,50,0,50,2749.445388422443,AUC0-28d
Golimumab,0.6,4,1,50,0,50,23.169462002813816,Cmax
Golimumab,0.6,4,1,50,0,50,0.041237097731135756,Terminal clearance
Golimumab,0.6,4,3,50,0,50,8221.276505856365,AUC0-28d
Golimumab,0.6,4,3,50,0,50,69.5071594119072,Cmax
Golimumab,0.6,4,3,50,0,50,0.04136126036245041,Terminal clearance
Golimumab,0.6,4,10,50,0,50,27079.478583922286,AUC0-28d
Golimumab,0.6,4,10,50,0,50,231.67452710866928,Cmax
Golimumab,0.6,4,10,50,0,50,0.041829491998169675,Terminal clearance
Golimumab,0.6,4,30,50,0,50,78525.22056353369,AUC0-28d
Golimumab,0.6,4,30,50,0,50,694.8440773487091,Cmax
Golimumab,0.6,4,30,50,0,50,0.04320179840975054,Terminal clearance
Golimumab,0.6,5,0.1,50,0,50,375.8298117404156,AUC0-28d
Golimumab,0.6,5,0.1,50,0,50,2.317450395785272,Cmax
Golimumab,0.6,5,0.1,50,0,50,0.02772739457096629,Terminal clearance
Golimumab,0.6,5,1,50,0,50,3759.6118411385028,AUC0-28d
Golimumab,0.6,5,1,50,0,50,23.174460880458355,Cmax
Golimumab,0.6,5,1,50,0,50,0.027654912377401707,Terminal clearance
Golimumab,0.6,5,3,50,0,50,11248.16882206312,AUC0-28d
Golimumab,0.6,5,3,50,0,50,69.5224978029728,Cmax
Golimumab,0.6,5,3,50,0,50,0.027722167676358923,Terminal clearance
Golimumab,0.6,5,10,50,0,50,37120.34396891523,AUC0-28d
Golimumab,0.6,5,10,50,0,50,231.72993975877762,Cmax
Golimumab,0.6,5,10,50,0,50,0.027985841233296917,Terminal clearance
Golimumab,0.6,5,30,50,0,50,108166.25970596707,AUC0-28d
Golimumab,0.6,5,30,50,0,50,695.0544862747192,Cmax
Golimumab,0.6,5,30,50,0,50,0.02877184445043232,Terminal clearance
Golimumab,0.6,6,0.1,50,0,50,155.9901806678809,AUC0-28d
Golimumab,0.6,6,0.1,50,0,50,2.3156371833756566,Cmax
Golimumab,0.6,6,0.1,50,0,50,0.07622234843321432,Terminal clearance
Golimumab,0.6,6,1,50,0,50,1561.6883855838541,AUC0-28d
Golimumab,0.6,6,1,50,0,50,23.156186878681183,Cmax
Golimumab,0.6,6,1,50,0,50,0.07604205008427756,Terminal clearance
Golimumab,0.6,6,3,50,0,50,4666.605612362398,AUC0-28d
Golimumab,0.6,6,3,50,0,50,69.4665709733963,Cmax
Golimumab,0.6,6,3,50,0,50,0.07631733569401337,Terminal clearance
Golimumab,0.6,6,10,50,0,50,15331.86444613213,AUC0-28d
Golimumab,0.6,6,10,50,0,50,231.5298660993576,Cmax
Golimumab,0.6,6,10,50,0,50,0.07737440311923781,Terminal clearance
Golimumab,0.6,6,30,50,0,50,44207.58889246638,AUC0-28d
Golimumab,0.6,6,30,50,0,50,694.323709487915,Cmax
Golimumab,0.6,6,30,50,0,50,0.08037026094843819,Terminal clearance
Golimumab,0.6,7,0.1,50,0,50,260.1655441229488,AUC0-28d
Golimumab,0.6,7,0.1,50,0,50,2.3168539814651012,Cmax
Golimumab,0.6,7,0.1,50,0,50,0.04407121608652257,Terminal clearance
Golimumab,0.6,7,1,50,0,50,2604.422723068752,AUC0-28d
Golimumab,0.6,7,1,50,0,50,23.168465428054333,Cmax
Golimumab,0.6,7,1,50,0,50,0.04391883980906831,Terminal clearance
Golimumab,0.6,7,3,50,0,50,7787.585911063187,AUC0-28d
Golimumab,0.6,7,3,50,0,50,69.5041091144085,Cmax
Golimumab,0.6,7,3,50,0,50,0.04404821929159943,Terminal clearance
Golimumab,0.6,7,10,50,0,50,25644.061775899714,AUC0-28d
Golimumab,0.6,7,10,50,0,50,231.66356045007706,Cmax
Golimumab,0.6,7,10,50,0,50,0.04455764240479086,Terminal clearance
Golimumab,0.6,7,30,50,0,50,74309.79999887975,AUC0-28d
Golimumab,0.6,7,30,50,0,50,694.8032369613647,Cmax
Golimumab,0.6,7,30,50,0,50,0.04605159250116038,Terminal clearance
Golimumab,0.6,8,0.1,50,0,50,207.10187026352952,AUC0-28d
Golimumab,0.6,8,0.1,50,0,50,2.3163858940824866,Cmax
Golimumab,0.6,8,0.1,50,0,50,0.056691641333881874,Terminal clearance
Golimumab,0.6,8,1,50,0,50,2073.641635880456,AUC0-28d
Golimumab,0.6,8,1,50,0,50,23.163719795644283,Cmax
Golimumab,0.6,8,1,50,0,50,0.0565260646173773,Terminal clearance
Golimumab,0.6,8,3,50,0,50,6198.631890765825,AUC0-28d
Golimumab,0.6,8,3,50,0,50,69.48957931995392,Cmax
Golimumab,0.6,8,3,50,0,50,0.05670889813262538,Terminal clearance
Golimumab,0.6,8,10,50,0,50,20388.515032360767,AUC0-28d
Golimumab,0.6,8,10,50,0,50,231.61153239011765,Cmax
Golimumab,0.6,8,10,50,0,50,0.05742889489153219,Terminal clearance
Golimumab,0.6,8,30,50,0,50,58923.62514184479,AUC0-28d
Golimumab,0.6,8,30,50,0,50,694.612790107727,Cmax
Golimumab,0.6,8,30,50,0,50,0.05951285328775198,Terminal clearance
Golimumab,0.6,9,0.1,50,0,50,260.8594715407514,AUC0-28d
Golimumab,0.6,9,0.1,50,0,50,2.3168572084978223,Cmax
Golimumab,0.6,9,0.1,50,0,50,0.04386687035205486,Terminal clearance
Golimumab,0.6,9,1,50,0,50,2606.478354701332,AUC0-28d
Golimumab,0.6,9,1,50,0,50,23.16847736388445,Cmax
Golimumab,0.6,9,1,50,0,50,0.04387260840595507,Terminal clearance
Golimumab,0.6,9,3,50,0,50,7792.641792159757,AUC0-28d
Golimumab,0.6,9,3,50,0,50,69.50414353609085,Cmax
Golimumab,0.6,9,3,50,0,50,0.04401348021331184,Terminal clearance
Golimumab,0.6,9,10,50,0,50,25659.524296286138,AUC0-28d
Golimumab,0.6,9,10,50,0,50,231.66368132829666,Cmax
Golimumab,0.6,9,10,50,0,50,0.04452622709661369,Terminal clearance
Golimumab,0.6,9,30,50,0,50,74354.11703579998,AUC0-28d
Golimumab,0.6,9,30,50,0,50,694.8036782741547,Cmax
Golimumab,0.6,9,30,50,0,50,0.04601990097771403,Terminal clearance
Golimumab,0.6,10,0.1,50,0,50,199.44901127980796,AUC0-28d
Golimumab,0.6,10,0.1,50,0,50,2.316297361627221,Cmax
Golimumab,0.6,10,0.1,50,0,50,0.059018123793030786,Terminal clearance
Golimumab,0.6,10,1,50,0,50,1996.8795080487073,AUC0-28d
Golimumab,0.6,10,1,50,0,50,23.16283381730318,Cmax
Golimumab,0.6,10,1,50,0,50,0.0588502826977773,Terminal clearance
Golimumab,0.6,10,3,50,0,50,5968.795656008464,AUC0-28d
Golimumab,0.6,10,3,50,0,50,69.48687037825584,Cmax
Golimumab,0.6,10,3,50,0,50,0.05904489961989392,Terminal clearance
Golimumab,0.6,10,10,50,0,50,19629.050061883183,AUC0-28d
Golimumab,0.6,10,10,50,0,50,231.60187375545502,Cmax
Golimumab,0.6,10,10,50,0,50,0.0598052979090555,Terminal clearance
Golimumab,0.6,10,30,50,0,50,56707.19717136467,AUC0-28d
Golimumab,0.6,10,30,50,0,50,694.5779972076416,Cmax
Golimumab,0.6,10,30,50,0,50,0.06199932120241567,Terminal clearance
Golimumab,0.6,11,0.1,50,0,50,258.8299563364961,AUC0-28d
Golimumab,0.6,11,0.1,50,0,50,2.316843339242041,Cmax
Golimumab,0.6,11,0.1,50,0,50,0.04428885430732822,Terminal clearance
Golimumab,0.6,11,1,50,0,50,2587.9641347583315,AUC0-28d
Golimumab,0.6,11,1,50,0,50,23.168343879282475,Cmax
Golimumab,0.6,11,1,50,0,50,0.04423521725528007,Terminal clearance
Golimumab,0.6,11,3,50,0,50,7737.591302904613,AUC0-28d
Golimumab,0.6,11,3,50,0,50,69.50373512506485,Cmax
Golimumab,0.6,11,3,50,0,50,0.044373588129625094,Terminal clearance
Golimumab,0.6,11,10,50,0,50,25477.728083017213,AUC0-28d
Golimumab,0.6,11,10,50,0,50,231.66221576929092,Cmax
Golimumab,0.6,11,10,50,0,50,0.04489086119684839,Terminal clearance
Golimumab,0.6,11,30,50,0,50,73820.92549177381,AUC0-28d
Golimumab,0.6,11,30,50,0,50,694.7982466220856,Cmax
Golimumab,0.6,11,30,50,0,50,0.046400588166050916,Terminal clearance
Golimumab,0.6,12,0.1,50,0,50,333.2679213900538,AUC0-28d
Golimumab,0.6,12,0.1,50,0,50,2.317270469851792,Cmax
Golimumab,0.6,12,0.1,50,0,50,0.03258008232916911,Terminal clearance
Golimumab,0.6,12,1,50,0,50,3330.7526158609726,AUC0-28d
Golimumab,0.6,12,1,50,0,50,23.172661744058132,Cmax
Golimumab,0.6,12,1,50,0,50,0.032566113238265644,Terminal clearance
Golimumab,0.6,12,3,50,0,50,9962.19239570466,AUC0-28d
Golimumab,0.6,12,3,50,0,50,69.51697567105293,Cmax
Golimumab,0.6,12,3,50,0,50,0.032657117556193216,Terminal clearance
Golimumab,0.6,12,10,50,0,50,32850.121062234095,AUC0-28d
Golimumab,0.6,12,10,50,0,50,231.7099408507347,Cmax
Golimumab,0.6,12,10,50,0,50,0.032992403911394096,Terminal clearance
Golimumab,0.6,12,30,50,0,50,95528.20539474425,AUC0-28d
Golimumab,0.6,12,30,50,0,50,694.9777386188507,Cmax
Golimumab,0.6,12,30,50,0,50,0.033982604086648986,Terminal clearance
Golimumab,0.6,13,0.1,50,0,50,212.96509212220417,AUC0-28d
Golimumab,0.6,13,0.1,50,0,50,2.316446931101382,Cmax
Golimumab,0.6,13,0.1,50,0,50,0.054974221729112024,Terminal clearance
Golimumab,0.6,13,1,50,0,50,2129.3570908477254,AUC0-28d
Golimumab,0.6,13,1,50,0,50,23.164320833981037,Cmax
Golimumab,0.6,13,1,50,0,50,0.05492952157824013,Terminal clearance
Golimumab,0.6,13,3,50,0,50,6364.665496623892,AUC0-28d
Golimumab,0.6,13,3,50,0,50,69.49141475558281,Cmax
Golimumab,0.6,13,3,50,0,50,0.05511656041226487,Terminal clearance
Golimumab,0.6,13,10,50,0,50,20936.359911391213,AUC0-28d
Golimumab,0.6,13,10,50,0,50,231.61808466911316,Cmax
Golimumab,0.6,13,10,50,0,50,0.05581334129777112,Terminal clearance
Golimumab,0.6,13,30,50,0,50,60522.86484438147,AUC0-28d
Golimumab,0.6,13,30,50,0,50,694.6364850997925,Cmax
Golimumab,0.6,13,30,50,0,50,0.057823648511828224,Terminal clearance
Golimumab,0.6,14,0.1,50,0,50,106.54141922603593,AUC0-28d
Golimumab,0.6,14,0.1,50,0,50,2.314204419963062,Cmax
Golimumab,0.6,14,0.1,50,0,50,0.11205410748587553,Terminal clearance
Golimumab,0.6,14,1,50,0,50,1066.9252504924445,AUC0-28d
Golimumab,0.6,14,1,50,0,50,23.141769111156464,Cmax
Golimumab,0.6,14,1,50,0,50,0.11183733533740309,Terminal clearance
Golimumab,0.6,14,3,50,0,50,3187.706654777367,AUC0-28d
Golimumab,0.6,14,3,50,0,50,69.42269352078438,Cmax
Golimumab,0.6,14,3,50,0,50,0.11226287551075323,Terminal clearance
Golimumab,0.6,14,10,50,0,50,10467.028071331968,AUC0-28d
Golimumab,0.6,14,10,50,0,50,231.37634253501892,Cmax
Golimumab,0.6,14,10,50,0,50,0.11388238463606788,Terminal clearance
Golimumab,0.6,14,30,50,0,50,30168.094703731425,AUC0-28d
Golimumab,0.6,14,30,50,0,50,693.8067955970764,Cmax
Golimumab,0.6,14,30,50,0,50,0.11835021622757932,Terminal clearance
Golimumab,0.6,15,0.1,50,0,50,390.89006859563113,AUC0-28d
Golimumab,0.6,15,0.1,50,0,50,2.3175026569515467,Cmax
Golimumab,0.6,15,0.1,50,0,50,0.02620424230816402,Terminal clearance
Golimumab,0.6,15,1,50,0,50,3909.0579406499633,AUC0-28d
Golimumab,0.6,15,1,50,0,50,23.175006173551083,Cmax
Golimumab,0.6,15,1,50,0,50,0.026152369336743614,Terminal clearance
Golimumab,0.6,15,3,50,0,50,11695.842327806255,AUC0-28d
Golimumab,0.6,15,3,50,0,50,69.52417436242104,Cmax
Golimumab,0.6,15,3,50,0,50,0.02621586848808933,Terminal clearance
Golimumab,0.6,15,10,50,0,50,38607.49391686116,AUC0-28d
Golimumab,0.6,15,10,50,0,50,231.73602211475372,Cmax
Golimumab,0.6,15,10,50,0,50,0.02645983766925576,Terminal clearance
Golimumab,0.6,15,30,50,0,50,112578.11719615078,AUC0-28d
Golimumab,0.6,15,30,50,0,50,695.0780346393585,Cmax
Golimumab,0.6,15,30,50,0,50,0.027186425794843275,Terminal clearance
Golimumab,0.6,16,0.1,50,0,50,195.47038642261074,AUC0-28d
Golimumab,0.6,16,0.1,50,0,50,2.316249101422727,Cmax
Golimumab,0.6,16,0.1,50,0,50,0.06027493973587188,Terminal clearance
Golimumab,0.6,16,1,50,0,50,1956.4386486572369,AUC0-28d
Golimumab,0.6,16,1,50,0,50,23.162339977920055,Cmax
Golimumab,0.6,16,1,50,0,50,0.060141834095089136,Terminal clearance
Golimumab,0.6,16,3,50,0,50,5847.6619612629565,AUC0-28d
Golimumab,0.6,16,3,50,0,50,69.48535868525505,Cmax
Golimumab,0.6,16,3,50,0,50,0.060344386093529684,Terminal clearance
Golimumab,0.6,16,10,50,0,50,19228.82700325225,AUC0-28d
Golimumab,0.6,16,10,50,0,50,231.59648841619492,Cmax
Golimumab,0.6,16,10,50,0,50,0.06112762538703871,Terminal clearance
Golimumab,0.6,16,30,50,0,50,55539.94370055717,AUC0-28d
Golimumab,0.6,16,30,50,0,50,694.5586817264557,Cmax
Golimumab,0.6,16,30,50,0,50,0.06338294371458716,Terminal clearance
Golimumab,0.6,17,0.1,50,0,50,263.79436288865435,AUC0-28d
Golimumab,0.6,17,0.1,50,0,50,2.316878629848361,Cmax
Golimumab,0.6,17,0.1,50,0,50,0.04332345146580773,Terminal clearance
Golimumab,0.6,17,1,50,0,50,2636.9343115821557,AUC0-28d
Golimumab,0.6,17,1,50,0,50,23.16869556158781,Cmax
Golimumab,0.6,17,1,50,0,50,0.04329094649576428,Terminal clearance
Golimumab,0.6,17,3,50,0,50,7884.080258167665,AUC0-28d
Golimumab,0.6,17,3,50,0,50,69.50481221079826,Cmax
Golimumab,0.6,17,3,50,0,50,0.043426631795338025,Terminal clearance
Golimumab,0.6,17,10,50,0,50,25962.53207263624,AUC0-28d
Golimumab,0.6,17,10,50,0,50,231.666084587574,Cmax
Golimumab,0.6,17,10,50,0,50,0.04392900730332533,Terminal clearance
Golimumab,0.6,17,30,50,0,50,75243.86843662916,AUC0-28d
Golimumab,0.6,17,30,50,0,50,694.812616109848,Cmax
Golimumab,0.6,17,30,50,0,50,0.0453955443688599,Terminal clearance
Golimumab,0.6,18,0.1,50,0,50,315.9671810502597,AUC0-28d
Golimumab,0.6,18,0.1,50,0,50,2.3171944404020905,Cmax
Golimumab,0.6,18,0.1,50,0,50,0.0349625398868897,Terminal clearance
Golimumab,0.6,18,1,50,0,50,3168.6251550209176,AUC0-28d
Golimumab,0.6,18,1,50,0,50,23.171881042420864,Cmax
Golimumab,0.6,18,1,50,0,50,0.0347221891181825,Terminal clearance
Golimumab,0.6,18,3,50,0,50,9479.259258072683,AUC0-28d
Golimumab,0.6,18,3,50,0,50,69.51458010077477,Cmax
Golimumab,0.6,18,3,50,0,50,0.03480013287449809,Terminal clearance
Golimumab,0.6,18,10,50,0,50,31251.529264382745,AUC0-28d
Golimumab,0.6,18,10,50,0,50,231.70128178596497,Cmax
Golimumab,0.6,18,10,50,0,50,0.035159927379759336,Terminal clearance
Golimumab,0.6,18,30,50,0,50,90812.15073578368,AUC0-28d
Golimumab,0.6,18,30,50,0,50,694.9447939395905,Cmax
Golimumab,0.6,18,30,50,0,50,0.03623951123193594,Terminal clearance
Golimumab,0.6,19,0.1,50,0,50,268.4574338835881,AUC0-28d
Golimumab,0.6,19,0.1,50,0,50,2.316913291811943,Cmax
Golimumab,0.6,19,0.1,50,0,50,0.0425106990804867,Terminal clearance
Golimumab,0.6,19,1,50,0,50,2687.9220539881417,AUC0-28d
Golimumab,0.6,19,1,50,0,50,23.16905227303505,Cmax
Golimumab,0.6,19,1,50,0,50,0.04234648178733688,Terminal clearance
Golimumab,0.6,19,3,50,0,50,8037.774132363712,AUC0-28d
Golimumab,0.6,19,3,50,0,50,69.50590717792511,Cmax
Golimumab,0.6,19,3,50,0,50,0.04246789455261624,Terminal clearance
Golimumab,0.6,19,10,50,0,50,26472.615536313595,AUC0-28d
Golimumab,0.6,19,10,50,0,50,231.67002314329147,Cmax
Golimumab,0.6,19,10,50,0,50,0.04295132195130126,Terminal clearance
Golimumab,0.6,19,30,50,0,50,76742.83259983623,AUC0-28d
Golimumab,0.6,19,30,50,0,50,694.8272724151611,Cmax
Golimumab,0.6,19,30,50,0,50,0.04437298374862649,Terminal clearance
Golimumab,0.6,20,0.1,50,0,50,248.61041478875018,AUC0-28d
Golimumab,0.6,20,0.1,50,0,50,2.3167655803263187,Cmax
Golimumab,0.6,20,0.1,50,0,50,0.046352088496577584,Terminal clearance
Golimumab,0.6,20,1,50,0,50,2484.969045641592,AUC0-28d
Golimumab,0.6,20,1,50,0,50,23.16756085306406,Cmax
Golimumab,0.6,20,1,50,0,50,0.04632561730707617,Terminal clearance
Golimumab,0.6,20,3,50,0,50,7429.003801812145,AUC0-28d
Golimumab,0.6,20,3,50,0,50,69.5013370513916,Cmax
Golimumab,0.6,20,3,50,0,50,0.04647549209136933,Terminal clearance
Golimumab,0.6,20,10,50,0,50,24456.118466655153,AUC0-28d
Golimumab,0.6,20,10,50,0,50,231.65360569953918,Cmax
Golimumab,0.6,20,10,50,0,50,0.047027980820490776,Terminal clearance
Golimumab,0.6,20,30,50,0,50,70824.03158441558,AUC0-28d
Golimumab,0.6,20,30,50,0,50,694.76637840271,Cmax
Golimumab,0.6,20,30,50,0,50,0.04863480103292071,Terminal clearance
Golimumab,0.6,21,0.1,50,0,50,101.03822283271857,AUC0-28d
Golimumab,0.6,21,0.1,50,0,50,2.3139385990798473,Cmax
Golimumab,0.6,21,0.1,50,0,50,0.11814698157236643,Terminal clearance
Golimumab,0.6,21,1,50,0,50,1009.5709707949018,AUC0-28d
Golimumab,0.6,21,1,50,0,50,23.139094971120358,Cmax
Golimumab,0.6,21,1,50,0,50,0.11820488872045867,Terminal clearance
Golimumab,0.6,21,3,50,0,50,3015.681658529218,AUC0-28d
Golimumab,0.6,21,3,50,0,50,69.41457751393318,Cmax
Golimumab,0.6,21,3,50,0,50,0.11868728168274786,Terminal clearance
Golimumab,0.6,21,10,50,0,50,9901.775275749987,AUC0-28d
Golimumab,0.6,21,10,50,0,50,231.3482342362404,Cmax
Golimumab,0.6,21,10,50,0,50,0.1204086758558161,Terminal clearance
Golimumab,0.6,21,30,50,0,50,28546.481414481823,AUC0-28d
Golimumab,0.6,21,30,50,0,50,693.7152965068817,Cmax
Golimumab,0.6,21,30,50,0,50,0.12510308526922373,Terminal clearance
Golimumab,0.6,22,0.1,50,0,50,158.54941039874336,AUC0-28d
Golimumab,0.6,22,0.1,50,0,50,2.31568212993443,Cmax
Golimumab,0.6,22,0.1,50,0,50,0.07492572097216588,Terminal clearance
Golimumab,0.6,22,1,50,0,50,1585.225912678305,AUC0-28d
Golimumab,0.6,22,1,50,0,50,23.15663570165634,Cmax
Golimumab,0.6,22,1,50,0,50,0.07487644343632655,Terminal clearance
Golimumab,0.6,22,3,50,0,50,4736.486075552862,AUC0-28d
Golimumab,0.6,22,3,50,0,50,69.46793988347054,Cmax
Golimumab,0.6,22,3,50,0,50,0.0751597796504128,Terminal clearance
Golimumab,0.6,22,10,50,0,50,15561.589605282692,AUC0-28d
Golimumab,0.6,22,10,50,0,50,231.53469997644424,Cmax
Golimumab,0.6,22,10,50,0,50,0.07620169097415609,Terminal clearance
Golimumab,0.6,22,30,50,0,50,44873.320560778266,AUC0-28d
Golimumab,0.6,22,30,50,0,50,694.3405086994171,Cmax
Golimumab,0.6,22,30,50,0,50,0.0791464219225075,Terminal clearance
Golimumab,0.6,23,0.1,50,0,50,134.192650205259,AUC0-28d
Golimumab,0.6,23,0.1,50,0,50,2.3151503736153245,Cmax
Golimumab,0.6,23,0.1,50,0,50,0.08882991382593633,Terminal clearance
Golimumab,0.6,23,1,50,0,50,1345.8398330900486,AUC0-28d
Golimumab,0.6,23,1,50,0,50,23.15127705037594,Cmax
Golimumab,0.6,23,1,50,0,50,0.0884981635140409,Terminal clearance
Golimumab,0.6,23,3,50,0,50,4022.092883289513,AUC0-28d
Golimumab,0.6,23,3,50,0,50,69.45160648226738,Cmax
Golimumab,0.6,23,3,50,0,50,0.0888049720580277,Terminal clearance
Golimumab,0.6,23,10,50,0,50,13210.419569182453,AUC0-28d
Golimumab,0.6,23,10,50,0,50,231.47719502449036,Cmax
Golimumab,0.6,23,10,50,0,50,0.09005779403413801,Terminal clearance
Golimumab,0.6,23,30,50,0,50,38068.76319446533,AUC0-28d
Golimumab,0.6,23,30,50,0,50,694.1428127288818,Cmax
Golimumab,0.6,23,30,50,0,50,0.09359979424310494,Terminal clearance
Golimumab,0.6,24,0.1,50,0,50,146.65207143818222,AUC0-28d
Golimumab,0.6,24,0.1,50,0,50,2.3154443269595504,Cmax
Golimumab,0.6,24,0.1,50,0,50,0.08115094868770999,Terminal clearance
Golimumab,0.6,24,1,50,0,50,1467.8019198977188,AUC0-28d
Golimumab,0.6,24,1,50,0,50,23.15423036366701,Cmax
Golimumab,0.6,24,1,50,0,50,0.08101899078884513,Terminal clearance
Golimumab,0.6,24,3,50,0,50,4385.8347754994775,AUC0-28d
Golimumab,0.6,24,3,50,0,50,69.460603505373,Cmax
Golimumab,0.6,24,3,50,0,50,0.08131787861196763,Terminal clearance
Golimumab,0.6,24,10,50,0,50,14406.807931632313,AUC0-28d
Golimumab,0.6,24,10,50,0,50,231.5088211297989,Cmax
Golimumab,0.6,24,10,50,0,50,0.08245889508922422,Terminal clearance
Golimumab,0.6,24,30,50,0,50,41527.433258620746,AUC0-28d
Golimumab,0.6,24,30,50,0,50,694.2509350776672,Cmax
Golimumab,0.6,24,30,50,0,50,0.08567894198084314,Terminal clearance
Golimumab,0.6,25,0.1,50,0,50,285.05389565604855,AUC0-28d
Golimumab,0.6,25,0.1,50,0,50,2.3170174956321716,Cmax
Golimumab,0.6,25,0.1,50,0,50,0.03953332893479417,Terminal clearance
Golimumab,0.6,25,1,50,0,50,2847.3687633651543,AUC0-28d
Golimumab,0.6,25,1,50,0,50,23.170081056654453,Cmax
Golimumab,0.6,25,1,50,0,50,0.0395611243885765,Terminal clearance
Golimumab,0.6,25,3,50,0,50,8513.822541116475,AUC0-28d
Golimumab,0.6,25,3,50,0,50,69.50905627012253,Cmax
Golimumab,0.6,25,3,50,0,50,0.03968449788508323,Terminal clearance
Golimumab,0.6,25,10,50,0,50,28047.716487753445,AUC0-28d
Golimumab,0.6,25,10,50,0,50,231.68135637044907,Cmax
Golimumab,0.6,25,10,50,0,50,0.04012828260749245,Terminal clearance
Golimumab,0.6,25,30,50,0,50,81371.43505079833,AUC0-28d
Golimumab,0.6,25,30,50,0,50,694.86963057518,Cmax
Golimumab,0.6,25,30,50,0,50,0.041425853540890206,Terminal clearance
Golimumab,0.6,26,0.1,50,0,50,191.59807887084105,AUC0-28d
Golimumab,0.6,26,0.1,50,0,50,2.3161939177662134,Cmax
Golimumab,0.6,26,0.1,50,0,50,0.061522912881502925,Terminal clearance
Golimumab,0.6,26,1,50,0,50,1914.42783794567,AUC0-28d
Golimumab,0.6,26,1,50,0,50,23.16179897636175,Cmax
Golimumab,0.6,26,1,50,0,50,0.061530625379479204,Terminal clearance
Golimumab,0.6,26,3,50,0,50,5721.0564324639645,AUC0-28d
Golimumab,0.6,26,3,50,0,50,69.48370751738548,Cmax
Golimumab,0.6,26,3,50,0,50,0.06175516417849085,Terminal clearance
Golimumab,0.6,26,10,50,0,50,18809.670556905647,AUC0-28d
Golimumab,0.6,26,10,50,0,50,231.59061008691788,Cmax
Golimumab,0.6,26,10,50,0,50,0.06256812342045284,Terminal clearance
Golimumab,0.6,26,30,50,0,50,54317.29648609732,AUC0-28d
Golimumab,0.6,26,30,50,0,50,694.5376403331757,Cmax
Golimumab,0.6,26,30,50,0,50,0.06489151342624126,Terminal clearance
Golimumab,0.6,27,0.1,50,0,50,144.09821108464055,AUC0-28d
Golimumab,0.6,27,0.1,50,0,50,2.3153799790889025,Cmax
Golimumab,0.6,27,0.1,50,0,50,0.08259720495216212,Terminal clearance
Golimumab,0.6,27,1,50,0,50,1440.003559396394,AUC0-28d
Golimumab,0.6,27,1,50,0,50,23.15359204262495,Cmax
Golimumab,0.6,27,1,50,0,50,0.08260483133541331,Terminal clearance
Golimumab,0.6,27,3,50,0,50,4302.00984919026,AUC0-28d
Golimumab,0.6,27,3,50,0,50,69.45865774154663,Cmax
Golimumab,0.6,27,3,50,0,50,0.08293013452968886,Terminal clearance
Golimumab,0.6,27,10,50,0,50,14129.877622530665,AUC0-28d
Golimumab,0.6,27,10,50,0,50,231.50197005271912,Cmax
Golimumab,0.6,27,10,50,0,50,0.08410534989575312,Terminal clearance
Golimumab,0.6,27,30,50,0,50,40725.19839895699,AUC0-28d
Golimumab,0.6,27,30,50,0,50,694.2273881435394,Cmax
Golimumab,0.6,27,30,50,0,50,0.08739910975204944,Terminal clearance
Golimumab,0.6,28,0.1,50,0,50,112.69283356018845,AUC0-28d
Golimumab,0.6,28,0.1,50,0,50,2.314448095858097,Cmax
Golimumab,0.6,28,0.1,50,0,50,0.10587812174610962,Terminal clearance
Golimumab,0.6,28,1,50,0,50,1126.2805873146233,AUC0-28d
Golimumab,0.6,28,1,50,0,50,23.14420010894537,Cmax
Golimumab,0.6,28,1,50,0,50,0.10590499533649067,Terminal clearance
Golimumab,0.6,28,3,50,0,50,3364.4064082351065,AUC0-28d
Golimumab,0.6,28,3,50,0,50,69.4300754070282,Cmax
Golimumab,0.6,28,3,50,0,50,0.10633301967981316,Terminal clearance
Golimumab,0.6,28,10,50,0,50,11046.371718222925,AUC0-28d
Golimumab,0.6,28,10,50,0,50,231.40197730064392,Cmax
Golimumab,0.6,28,10,50,0,50,0.10787815984593979,Terminal clearance
Golimumab,0.6,28,30,50,0,50,31831.33375530757,AUC0-28d
Golimumab,0.6,28,30,50,0,50,693.8910226821899,Cmax
Golimumab,0.6,28,30,50,0,50,0.11213233562806552,Terminal clearance
Golimumab,0.6,29,0.1,50,0,50,293.22036579112864,AUC0-28d
Golimumab,0.6,29,0.1,50,0,50,2.3170695612207055,Cmax
Golimumab,0.6,29,0.1,50,0,50,0.0382987521344183,Terminal clearance
Golimumab,0.6,29,1,50,0,50,2936.677606921437,AUC0-28d
Golimumab,0.6,29,1,50,0,50,23.170618884265423,Cmax
Golimumab,0.6,29,1,50,0,50,0.03812942380089162,Terminal clearance
Golimumab,0.6,29,3,50,0,50,8783.15193435706,AUC0-28d
Golimumab,0.6,29,3,50,0,50,69.51070842146873,Cmax
Golimumab,0.6,29,3,50,0,50,0.038230652946386535,Terminal clearance
Golimumab,0.6,29,10,50,0,50,28942.295967595197,AUC0-28d
Golimumab,0.6,29,10,50,0,50,231.6873101592064,Cmax
Golimumab,0.6,29,10,50,0,50,0.03864616860107074,Terminal clearance
Golimumab,0.6,29,30,50,0,50,84005.77269645546,AUC0-28d
Golimumab,0.6,29,30,50,0,50,694.892003774643,Cmax
Golimumab,0.6,29,30,50,0,50,0.0398770528975295,Terminal clearance
Golimumab,0.6,30,0.1,50,0,50,147.92116679080593,AUC0-28d
Golimumab,0.6,30,0.1,50,0,50,2.3154676789417863,Cmax
Golimumab,0.6,30,0.1,50,0,50,0.08041128410258076,Terminal clearance
Golimumab,0.6,30,1,50,0,50,1478.2497563635582,AUC0-28d
Golimumab,0.6,30,1,50,0,50,23.154454596340656,Cmax
Golimumab,0.6,30,1,50,0,50,0.08042691052458796,Terminal clearance
Golimumab,0.6,30,3,50,0,50,4416.432144952385,AUC0-28d
Golimumab,0.6,30,3,50,0,50,69.46128416061401,Cmax
Golimumab,0.6,30,3,50,0,50,0.08074053166769883,Terminal clearance
Golimumab,0.6,30,10,50,0,50,14506.814140356577,AUC0-28d
Golimumab,0.6,30,10,50,0,50,231.5112184882164,Cmax
Golimumab,0.6,30,10,50,0,50,0.08187829817751938,Terminal clearance
Golimumab,0.6,30,30,50,0,50,41816.3219136418,AUC0-28d
Golimumab,0.6,30,30,50,0,50,694.2591948509216,Cmax
Golimumab,0.6,30,30,50,0,50,0.08507481486212119,Terminal clearance
Golimumab,0.6,31,0.1,50,0,50,233.40409435835574,AUC0-28d
Golimumab,0.6,31,0.1,50,0,50,2.316639119759202,Cmax
Golimumab,0.6,31,0.1,50,0,50,0.04971722780763175,Terminal clearance
Golimumab,0.6,31,1,50,0,50,2331.6600432029636,AUC0-28d
Golimumab,0.6,31,1,50,0,50,23.166276924312115,Cmax
Golimumab,0.6,31,1,50,0,50,0.04974076031228173,Terminal clearance
Golimumab,0.6,31,3,50,0,50,6969.709222183896,AUC0-28d
Golimumab,0.6,31,3,50,0,50,69.4974040389061,Cmax
Golimumab,0.6,31,3,50,0,50,0.04991021511623861,Terminal clearance
Golimumab,0.6,31,10,50,0,50,22936.21617817591,AUC0-28d
Golimumab,0.6,31,10,50,0,50,231.63950604200363,Cmax
Golimumab,0.6,31,10,50,0,50,0.05052118453203214,Terminal clearance
Golimumab,0.6,31,30,50,0,50,66370.85206626616,AUC0-28d
Golimumab,0.6,31,30,50,0,50,694.7145230770111,Cmax
Golimumab,0.6,31,30,50,0,50,0.05228813610485622,Terminal clearance
Golimumab,0.6,32,0.1,50,0,50,262.0497452910217,AUC0-28d
Golimumab,0.6,32,0.1,50,0,50,2.3168698847293854,Cmax
Golimumab,0.6,32,0.1,50,0,50,0.04373432307868565,Terminal clearance
Golimumab,0.6,32,1,50,0,50,2625.4153688817833,AUC0-28d
Golimumab,0.6,32,1,50,0,50,23.168618001043797,Cmax
Golimumab,0.6,32,1,50,0,50,0.043518434719576095,Terminal clearance
Golimumab,0.6,32,3,50,0,50,7850.957292182789,AUC0-28d
Golimumab,0.6,32,3,50,0,50,69.50457653403282,Cmax
Golimumab,0.6,32,3,50,0,50,0.043640434025026646,Terminal clearance
Golimumab,0.6,32,10,50,0,50,25854.460568616054,AUC0-28d
Golimumab,0.6,32,10,50,0,50,231.6652380824089,Cmax
Golimumab,0.6,32,10,50,0,50,0.04414136963255846,Terminal clearance
Golimumab,0.6,32,30,50,0,50,74927.91843218854,AUC0-28d
Golimumab,0.6,32,30,50,0,50,694.8094682693481,Cmax
Golimumab,0.6,32,30,50,0,50,0.04561606643551106,Terminal clearance
Golimumab,0.6,33,0.1,50,0,50,386.601758153764,AUC0-28d
Golimumab,0.6,33,0.1,50,0,50,2.3174894135445356,Cmax
Golimumab,0.6,33,0.1,50,0,50,0.02662949004177503,Terminal clearance
Golimumab,0.6,33,1,50,0,50,3866.838878416786,AUC0-28d
Golimumab,0.6,33,1,50,0,50,23.17485650628805,Cmax
Golimumab,0.6,33,1,50,0,50,0.02656757696357966,Terminal clearance
Golimumab,0.6,33,3,50,0,50,11569.464413961688,AUC0-28d
Golimumab,0.6,33,3,50,0,50,69.52371248602867,Cmax
Golimumab,0.6,33,3,50,0,50,0.02663155095287989,Terminal clearance
Golimumab,0.6,33,10,50,0,50,38187.72163505005,AUC0-28d
Golimumab,0.6,33,10,50,0,50,231.73434501886368,Cmax
Golimumab,0.6,33,10,50,0,50,0.026880725663576698,Terminal clearance
Golimumab,0.6,33,30,50,0,50,111332.30988164418,AUC0-28d
Golimumab,0.6,33,30,50,0,50,695.0715293884277,Cmax
Golimumab,0.6,33,30,50,0,50,0.02762353296460339,Terminal clearance
Golimumab,0.6,34,0.1,50,0,50,279.9081768239538,AUC0-28d
Golimumab,0.6,34,0.1,50,0,50,2.3169855549931526,Cmax
Golimumab,0.6,34,0.1,50,0,50,0.040443887064500215,Terminal clearance
Golimumab,0.6,34,1,50,0,50,2799.506882934601,AUC0-28d
Golimumab,0.6,34,1,50,0,50,23.169783510267735,Cmax
Golimumab,0.6,34,1,50,0,50,0.04036974374307684,Terminal clearance
Golimumab,0.6,34,3,50,0,50,8371.287366503744,AUC0-28d
Golimumab,0.6,34,3,50,0,50,69.50814753770828,Cmax
Golimumab,0.6,34,3,50,0,50,0.04048937178580076,Terminal clearance
Golimumab,0.6,34,10,50,0,50,27576.460034396292,AUC0-28d
Golimumab,0.6,34,10,50,0,50,231.6780856847763,Cmax
Golimumab,0.6,34,10,50,0,50,0.04094347481937901,Terminal clearance
Golimumab,0.6,34,30,50,0,50,79986.2725153777,AUC0-28d
Golimumab,0.6,34,30,50,0,50,694.8573846817017,Cmax
Golimumab,0.6,34,30,50,0,50,0.042276351043255694,Terminal clearance
Golimumab,0.6,35,0.1,50,0,50,247.26858612487086,AUC0-28d
Golimumab,0.6,35,0.1,50,0,50,2.3167562931776047,Cmax
Golimumab,0.6,35,0.1,50,0,50,0.04664876430521811,Terminal clearance
Golimumab,0.6,35,1,50,0,50,2472.448217606223,AUC0-28d
Golimumab,0.6,35,1,50,0,50,23.16746288537979,Cmax
Golimumab,0.6,35,1,50,0,50,0.0465916054056143,Terminal clearance
Golimumab,0.6,35,3,50,0,50,7391.7213184546035,AUC0-28d
Golimumab,0.6,35,3,50,0,50,69.5010359287262,Cmax
Golimumab,0.6,35,3,50,0,50,0.04674040938577528,Terminal clearance
Golimumab,0.6,35,10,50,0,50,24332.981505114356,AUC0-28d
Golimumab,0.6,35,10,50,0,50,231.65252405405045,Cmax
Golimumab,0.6,35,10,50,0,50,0.047296496283285645,Terminal clearance
Golimumab,0.6,35,30,50,0,50,70463.22942529152,AUC0-28d
Golimumab,0.6,35,30,50,0,50,694.7623851299286,Cmax
Golimumab,0.6,35,30,50,0,50,0.04891531445132219,Terminal clearance
Golimumab,0.6,36,0.1,50,0,50,277.94729328010436,AUC0-28d
Golimumab,0.6,36,0.1,50,0,50,2.3169730296358466,Cmax
Golimumab,0.6,36,0.1,50,0,50,0.04075049803279056,Terminal clearance
Golimumab,0.6,36,1,50,0,50,2777.573007894644,AUC0-28d
Golimumab,0.6,36,1,50,0,50,23.16964264959097,Cmax
Golimumab,0.6,36,1,50,0,50,0.04074393198189107,Terminal clearance
Golimumab,0.6,36,3,50,0,50,8305.06874971427,AUC0-28d
Golimumab,0.6,36,3,50,0,50,69.50771445035934,Cmax
Golimumab,0.6,36,3,50,0,50,0.040870109387570054,Terminal clearance
Golimumab,0.6,36,10,50,0,50,27356.496426946807,AUC0-28d
Golimumab,0.6,36,10,50,0,50,231.67652517557144,Cmax
Golimumab,0.6,36,10,50,0,50,0.04133191792306979,Terminal clearance
Golimumab,0.6,36,30,50,0,50,79339.0492139885,AUC0-28d
Golimumab,0.6,36,30,50,0,50,694.8515331745148,Cmax
Golimumab,0.6,36,30,50,0,50,0.042682503170125605,Terminal clearance
Golimumab,0.6,37,0.1,50,0,50,147.14765166205083,AUC0-28d
Golimumab,0.6,37,0.1,50,0,50,2.3154523819684982,Cmax
Golimumab,0.6,37,0.1,50,0,50,0.08085162384624935,Terminal clearance
Golimumab,0.6,37,1,50,0,50,1471.2234472892874,AUC0-28d
Golimumab,0.6,37,1,50,0,50,23.154302202165127,Cmax
Golimumab,0.6,37,1,50,0,50,0.08082144731962,Terminal clearance
Golimumab,0.6,37,3,50,0,50,4395.625914744574,AUC0-28d
Golimumab,0.6,37,3,50,0,50,69.46082013845444,Cmax
Golimumab,0.6,37,3,50,0,50,0.08113132864425865,Terminal clearance
Golimumab,0.6,37,10,50,0,50,14438.527061953408,AUC0-28d
Golimumab,0.6,37,10,50,0,50,231.5095818042755,Cmax
Golimumab,0.6,37,10,50,0,50,0.0822736399415975,Terminal clearance
Golimumab,0.6,37,30,50,0,50,41618.81593695155,AUC0-28d
Golimumab,0.6,37,30,50,0,50,694.2535529136658,Cmax
Golimumab,0.6,37,30,50,0,50,0.08548686413931351,Terminal clearance
Golimumab,0.6,38,0.1,50,0,50,204.18080741099092,AUC0-28d
Golimumab,0.6,38,0.1,50,0,50,2.3163494523614645,Cmax
Golimumab,0.6,38,0.1,50,0,50,0.05754984708423367,Terminal clearance
Golimumab,0.6,38,1,50,0,50,2042.6130408749573,AUC0-28d
Golimumab,0.6,38,1,50,0,50,23.16336625814438,Cmax
Golimumab,0.6,38,1,50,0,50,0.057441560457031776,Terminal clearance
Golimumab,0.6,38,3,50,0,50,6105.215452896286,AUC0-28d
Golimumab,0.6,38,3,50,0,50,69.48849865794182,Cmax
Golimumab,0.6,38,3,50,0,50,0.057637362897981465,Terminal clearance
Golimumab,0.6,38,10,50,0,50,20079.192452955664,AUC0-28d
Golimumab,0.6,38,10,50,0,50,231.60767966508865,Cmax
Golimumab,0.6,38,10,50,0,50,0.05837628314235896,Terminal clearance
Golimumab,0.6,38,30,50,0,50,58020.14573848736,AUC0-28d
Golimumab,0.6,38,30,50,0,50,694.5988948345184,Cmax
Golimumab,0.6,38,30,50,0,50,0.06050492791472408,Terminal clearance
Golimumab,0.6,39,0.1,50,0,50,141.24952659603144,AUC0-28d
Golimumab,0.6,39,0.1,50,0,50,2.3153150361031294,Cmax
Golimumab,0.6,39,0.1,50,0,50,0.08428848014882198,Terminal clearance
Golimumab,0.6,39,1,50,0,50,1411.883920743527,AUC0-28d
Golimumab,0.6,39,1,50,0,50,23.15293011814356,Cmax
Golimumab,0.6,39,1,50,0,50,0.08428089018213188,Terminal clearance
Golimumab,0.6,39,3,49,1,49,4193.401397833178,AUC0-28d
Golimumab,0.6,39,3,49,1,49,69.04794318335396,Cmax
Golimumab,0.6,39,3,49,1,49,0.08460761475848066,Terminal clearance
Golimumab,0.6,39,10,50,0,50,13853.608238242645,AUC0-28d
Golimumab,0.6,39,10,50,0,50,231.4948713183403,Cmax
Golimumab,0.6,39,10,50,0,50,0.08581250931092334,Terminal clearance
Golimumab,0.6,39,30,50,0,50,39926.142797648914,AUC0-28d
Golimumab,0.6,39,30,50,0,50,694.2030665874481,Cmax
Golimumab,0.6,39,30,50,0,50,0.08917955576095866,Terminal clearance
Golimumab,0.6,40,0.1,50,0,50,175.87191482199006,AUC0-28d
Golimumab,0.6,40,0.1,50,0,50,2.315976236946881,Cmax
Golimumab,0.6,40,0.1,50,0,50,0.06733204173369023,Terminal clearance
Golimumab,0.6,40,1,50,0,50,1758.9543079403772,AUC0-28d
Golimumab,0.6,40,1,50,0,50,23.15960383415222,Cmax
Golimumab,0.6,40,1,50,0,50,0.06724564910230871,Terminal clearance
Golimumab,0.6,40,3,50,0,50,5256.276006564101,AUC0-28d
Golimumab,0.6,40,3,50,0,50,69.47700056433678,Cmax
Golimumab,0.6,40,3,50,0,50,0.06749007479234603,Terminal clearance
Golimumab,0.6,40,10,50,0,50,17275.97357393834,AUC0-28d
Golimumab,0.6,40,10,50,0,50,231.5667809844017,Cmax
Golimumab,0.6,40,10,50,0,50,0.06839944866511892,Terminal clearance
Golimumab,0.6,40,30,50,0,50,49852.8604814223,AUC0-28d
Golimumab,0.6,40,30,50,0,50,694.452986240387,Cmax
Golimumab,0.6,40,30,50,0,50,0.07099040974847842,Terminal clearance
Golimumab,0.6,41,0.1,50,0,50,252.85634251029265,AUC0-28d
Golimumab,0.6,41,0.1,50,0,50,2.3168119713664055,Cmax
Golimumab,0.6,41,0.1,50,0,50,0.04566601878264993,Terminal clearance
Golimumab,0.6,41,1,50,0,50,2544.4634734954316,AUC0-28d
Golimumab,0.6,41,1,50,0,50,23.168034955859184,Cmax
Golimumab,0.6,41,1,50,0,50,0.04512757949374031,Terminal clearance
Golimumab,0.6,41,3,50,0,50,7611.4116231004,AUC0-28d
Golimumab,0.6,41,3,50,0,50,69.50279125571251,Cmax
Golimumab,0.6,41,3,50,0,50,0.04522348388354765,Terminal clearance
Golimumab,0.6,41,10,50,0,50,25064.836514635244,AUC0-28d
Golimumab,0.6,41,10,50,0,50,231.6588259935379,Cmax
Golimumab,0.6,41,10,50,0,50,0.045738622563797626,Terminal clearance
Golimumab,0.6,41,30,50,0,50,72613.46189650355,AUC0-28d
Golimumab,0.6,41,30,50,0,50,694.7856960296631,Cmax
Golimumab,0.6,41,30,50,0,50,0.04728188132475855,Terminal clearance
Golimumab,0.6,42,0.1,50,0,50,125.61756287528118,AUC0-28d
Golimumab,0.6,42,0.1,50,0,50,2.314897603355348,Cmax
Golimumab,0.6,42,0.1,50,0,50,0.09494939975837285,Terminal clearance
Golimumab,0.6,42,1,50,0,50,1257.4199528227882,AUC0-28d
Golimumab,0.6,42,1,50,0,50,23.14873594790697,Cmax
Golimumab,0.6,42,1,50,0,50,0.09478672011827646,Terminal clearance
Golimumab,0.6,42,3,50,0,50,3756.7815843059466,AUC0-28d
Golimumab,0.6,42,3,50,0,50,69.44386982917786,Cmax
Golimumab,0.6,42,3,50,0,50,0.09514773567326407,Terminal clearance
Golimumab,0.6,42,10,50,0,50,12336.372264904605,AUC0-28d
Golimumab,0.6,42,10,50,0,50,231.45009273290634,Cmax
Golimumab,0.6,42,10,50,0,50,0.0965147065955484,Terminal clearance
Golimumab,0.6,42,30,50,0,50,35545.34975136637,AUC0-28d
Golimumab,0.6,42,30,50,0,50,694.0512442588806,Cmax
Golimumab,0.6,42,30,50,0,50,0.10032645873937962,Terminal clearance
Golimumab,0.6,43,0.1,50,0,50,214.03533545800238,AUC0-28d
Golimumab,0.6,43,0.1,50,0,50,2.316455813124776,Cmax
Golimumab,0.6,43,0.1,50,0,50,0.054677448663432576,Terminal clearance
Golimumab,0.6,43,1,50,0,50,2139.569345418969,AUC0-28d
Golimumab,0.6,43,1,50,0,50,23.164426445961,Cmax
Golimumab,0.6,43,1,50,0,50,0.05464527376466974,Terminal clearance
Golimumab,0.6,43,3,50,0,50,6395.064144610791,AUC0-28d
Golimumab,0.6,43,3,50,0,50,69.49174001812935,Cmax
Golimumab,0.6,43,3,50,0,50,0.05483324267834093,Terminal clearance
Golimumab,0.6,43,10,50,0,50,21036.627350285453,AUC0-28d
Golimumab,0.6,43,10,50,0,50,231.6192485690117,Cmax
Golimumab,0.6,43,10,50,0,50,0.055526033386260394,Terminal clearance
Golimumab,0.6,43,30,50,0,50,60815.62228443672,AUC0-28d
Golimumab,0.6,43,30,50,0,50,694.6407079696655,Cmax
Golimumab,0.6,43,30,50,0,50,0.05752330582989767,Terminal clearance
Golimumab,0.6,44,0.1,50,0,50,203.0163754134441,AUC0-28d
Golimumab,0.6,44,0.1,50,0,50,2.3163377791643143,Cmax
Golimumab,0.6,44,0.1,50,0,50,0.05789647713129855,Terminal clearance
Golimumab,0.6,44,1,50,0,50,2031.2501012449404,AUC0-28d
Golimumab,0.6,44,1,50,0,50,23.163236662745476,Cmax
Golimumab,0.6,44,1,50,0,50,0.05778595742144497,Terminal clearance
Golimumab,0.6,44,3,50,0,50,6071.327607057247,AUC0-28d
Golimumab,0.6,44,3,50,0,50,69.48810142278671,Cmax
Golimumab,0.6,44,3,50,0,50,0.05798156263740198,Terminal clearance
Golimumab,0.6,44,10,50,0,50,19967.378999611825,AUC0-28d
Golimumab,0.6,44,10,50,0,50,231.6062593460083,Cmax
Golimumab,0.6,44,10,50,0,50,0.058725674551283566,Terminal clearance
Golimumab,0.6,44,30,50,0,50,57693.96350317331,AUC0-28d
Golimumab,0.6,44,30,50,0,50,694.5937807559967,Cmax
Golimumab,0.6,44,30,50,0,50,0.060870281698703364,Terminal clearance
Golimumab,0.6,45,0.1,50,0,50,390.49325469115155,AUC0-28d
Golimumab,0.6,45,0.1,50,0,50,2.3175011705607176,Cmax
Golimumab,0.6,45,0.1,50,0,50,0.026225785073788904,Terminal clearance
Golimumab,0.6,45,1,50,0,50,3902.94573164686,AUC0-28d
Golimumab,0.6,45,1,50,0,50,23.17498404532671,Cmax
Golimumab,0.6,45,1,50,0,50,0.026210558656703718,Terminal clearance
Golimumab,0.6,45,3,50,0,50,11677.040431770125,AUC0-28d
Golimumab,0.6,45,3,50,0,50,69.52410489320755,Cmax
Golimumab,0.6,45,3,50,0,50,0.02627678389374197,Terminal clearance
Golimumab,0.6,45,10,50,0,50,38544.44923096781,AUC0-28d
Golimumab,0.6,45,10,50,0,50,231.73577123880386,Cmax
Golimumab,0.6,45,10,50,0,50,0.026522429456607086,Terminal clearance
Golimumab,0.6,45,30,50,0,50,112390.48263338523,AUC0-28d
Golimumab,0.6,45,30,50,0,50,695.0770590305328,Cmax
Golimumab,0.6,45,30,50,0,50,0.027251684227172765,Terminal clearance
Golimumab,0.6,46,0.1,50,0,50,326.24569181291827,AUC0-28d
Golimumab,0.6,46,0.1,50,0,50,2.3172407196834683,Cmax
Golimumab,0.6,46,0.1,50,0,50,0.033519178269398577,Terminal clearance
Golimumab,0.6,46,1,50,0,50,3263.977249916623,AUC0-28d
Golimumab,0.6,46,1,50,0,50,23.172347992658615,Cmax
Golimumab,0.6,46,1,50,0,50,0.03343028803879063,Terminal clearance
Golimumab,0.6,46,3,50,0,50,9762.923261360302,AUC0-28d
Golimumab,0.6,46,3,50,0,50,69.51601150631905,Cmax
Golimumab,0.6,46,3,50,0,50,0.033519096069760924,Terminal clearance
Golimumab,0.6,46,10,50,0,50,32189.980094811315,AUC0-28d
Golimumab,0.6,46,10,50,0,50,231.70645558834076,Cmax
Golimumab,0.6,46,10,50,0,50,0.0338651818266057,Terminal clearance
Golimumab,0.6,46,30,50,0,50,93579.54154644166,AUC0-28d
Golimumab,0.6,46,30,50,0,50,694.9644520282745,Cmax
Golimumab,0.6,46,30,50,0,50,0.034891462314531996,Terminal clearance
Golimumab,0.6,47,0.1,50,0,50,411.1312726257261,AUC0-28d
Golimumab,0.6,47,0.1,50,0,50,2.3175723301246762,Cmax
Golimumab,0.6,47,0.1,50,0,50,0.024309164804221614,Terminal clearance
Golimumab,0.6,47,1,50,0,50,4111.525524438314,AUC0-28d
Golimumab,0.6,47,1,50,0,50,23.175693936645985,Cmax
Golimumab,0.6,47,1,50,0,50,0.024260415378972704,Terminal clearance
Golimumab,0.6,47,3,50,0,50,12302.863140671741,AUC0-28d
Golimumab,0.6,47,3,50,0,50,69.52628499269485,Cmax
Golimumab,0.6,47,3,50,0,50,0.02431712401570932,Terminal clearance
Golimumab,0.6,47,10,50,0,50,40625.55592252363,AUC0-28d
Golimumab,0.6,47,10,50,0,50,231.7436889410019,Cmax
Golimumab,0.6,47,10,50,0,50,0.02453627957076686,Terminal clearance
Golimumab,0.6,47,30,50,0,50,118574.79113916142,AUC0-28d
Golimumab,0.6,47,30,50,0,50,695.1078329086304,Cmax
Golimumab,0.6,47,30,50,0,50,0.025190494850715613,Terminal clearance
Golimumab,0.6,48,0.1,50,0,50,235.2221739453756,AUC0-28d
Golimumab,0.6,48,0.1,50,0,50,2.3166609182953835,Cmax
Golimumab,0.6,48,0.1,50,0,50,0.04941093290685086,Terminal clearance
Golimumab,0.6,48,1,50,0,50,2357.6227469134315,AUC0-28d
Golimumab,0.6,48,1,50,0,50,23.16651199758053,Cmax
Golimumab,0.6,48,1,50,0,50,0.04914701421293746,Terminal clearance
Golimumab,0.6,48,3,50,0,50,7049.234819053032,AUC0-28d
Golimumab,0.6,48,3,50,0,50,69.49812671542168,Cmax
Golimumab,0.6,48,3,50,0,50,0.049290342062349474,Terminal clearance
Golimumab,0.6,48,10,50,0,50,23201.357358371748,AUC0-28d
Golimumab,0.6,48,10,50,0,50,231.64209419488907,Cmax
Golimumab,0.6,48,10,50,0,50,0.04988326696439256,Terminal clearance
Golimumab,0.6,48,30,50,0,50,67148.9093921653,AUC0-28d
Golimumab,0.6,48,30,50,0,50,694.7240180969238,Cmax
Golimumab,0.6,48,30,50,0,50,0.0516187043814173,Terminal clearance
Golimumab,0.6,49,0.1,50,0,50,129.1508517726298,AUC0-28d
Golimumab,0.6,49,0.1,50,0,50,2.3149971859529614,Cmax
Golimumab,0.6,49,0.1,50,0,50,0.0922948057784298,Terminal clearance
Golimumab,0.6,49,1,50,0,50,1290.9393748516825,AUC0-28d
Golimumab,0.6,49,1,50,0,50,23.1497303545475,Cmax
Golimumab,0.6,49,1,50,0,50,0.0922924153108818,Terminal clearance
Golimumab,0.6,49,3,50,0,50,3856.4928457162773,AUC0-28d
Golimumab,0.6,49,3,50,0,50,69.44689580798149,Cmax
Golimumab,0.6,49,3,50,0,50,0.09265925468045079,Terminal clearance
Golimumab,0.6,49,10,50,0,50,12663.733315054697,AUC0-28d
Golimumab,0.6,49,10,50,0,50,231.46068066358566,Cmax
Golimumab,0.6,49,10,50,0,50,0.09399282910846594,Terminal clearance
Golimumab,0.6,49,30,50,0,50,36489.01584443146,AUC0-28d
Golimumab,0.6,49,30,50,0,50,694.0868990421295,Cmax
Golimumab,0.6,49,30,50,0,50,0.09770376379549921,Terminal clearance
Golimumab,0.6,50,0.1,50,0,50,194.03292723951037,AUC0-28d
Golimumab,0.6,50,0.1,50,0,50,2.316232653334737,Cmax
Golimumab,0.6,50,0.1,50,0,50,0.06079986404252321,Terminal clearance
Golimumab,0.6,50,1,50,0,50,1944.2357190900775,AUC0-28d
Golimumab,0.6,50,1,50,0,50,23.162188813090324,Cmax
Golimumab,0.6,50,1,50,0,50,0.06054637504970206,Terminal clearance
Golimumab,0.6,50,3,50,0,50,5811.566345513267,AUC0-28d
Golimumab,0.6,50,3,50,0,50,69.484898686409,Cmax
Golimumab,0.6,50,3,50,0,50,0.06074258212640367,Terminal clearance
Golimumab,0.6,50,10,50,0,50,19110.09087391547,AUC0-28d
Golimumab,0.6,50,10,50,0,50,231.59485244750977,Cmax
Golimumab,0.6,50,10,50,0,50,0.061530178471851445,Terminal clearance
Golimumab,0.6,50,30,50,0,50,55194.17605175473,AUC0-28d
Golimumab,0.6,50,30,50,0,50,694.5528266429901,Cmax
Golimumab,0.6,50,30,50,0,50,0.06380343881237185,Terminal clearance
Golimumab,0.6,51,0.1,50,0,50,336.16281806467896,AUC0-28d
Golimumab,0.6,51,0.1,50,0,50,2.317285096272826,Cmax
Golimumab,0.6,51,0.1,50,0,50,0.03223714071440322,Terminal clearance
Golimumab,0.6,51,1,50,0,50,3361.83570261051,AUC0-28d
Golimumab,0.6,51,1,50,0,50,23.172806404531002,Cmax
Golimumab,0.6,51,1,50,0,50,0.032177022478292634,Terminal clearance
Golimumab,0.6,51,3,50,0,50,10055.81218634934,AUC0-28d
Golimumab,0.6,51,3,50,0,50,69.51741966605186,Cmax
Golimumab,0.6,51,3,50,0,50,0.03226308404422052,Terminal clearance
Golimumab,0.6,51,10,50,0,50,33161.31462518486,AUC0-28d
Golimumab,0.6,51,10,50,0,50,231.71154463291168,Cmax
Golimumab,0.6,51,10,50,0,50,0.03259146891514155,Terminal clearance
Golimumab,0.6,51,30,50,0,50,96448.04899324525,AUC0-28d
Golimumab,0.6,51,30,50,0,50,694.9838583469391,Cmax
Golimumab,0.6,51,30,50,0,50,0.03356462850393357,Terminal clearance
Golimumab,0.6,52,0.1,50,0,50,87.87908057186284,AUC0-28d
Golimumab,0.6,52,0.1,50,0,50,2.3131914641708136,Cmax
Golimumab,0.6,52,0.1,50,0,50,0.1358716857961349,Terminal clearance
Golimumab,0.6,52,1,50,0,50,878.3597301574196,AUC0-28d
Golimumab,0.6,52,1,50,0,50,23.131576851010323,Cmax
Golimumab,0.6,52,1,50,0,50,0.13590700278576007,Terminal clearance
Golimumab,0.6,52,3,50,0,50,2624.0466932310514,AUC0-28d
Golimumab,0.6,52,3,50,0,50,69.39179375767708,Cmax
Golimumab,0.6,52,3,50,0,50,0.13644736779313968,Terminal clearance
Golimumab,0.6,52,10,50,0,50,8618.655556863781,AUC0-28d
Golimumab,0.6,52,10,50,0,50,231.26977050304413,Cmax
Golimumab,0.6,52,10,50,0,50,0.13838358398964207,Terminal clearance
Golimumab,0.6,52,30,50,0,50,24877.40026039914,AUC0-28d
Golimumab,0.6,52,30,50,0,50,693.4642360210419,Cmax
Golimumab,0.6,52,30,50,0,50,0.1436139667577312,Terminal clearance
Golimumab,0.6,53,0.1,50,0,50,248.65451144185715,AUC0-28d
Golimumab,0.6,53,0.1,50,0,50,2.3167680921033025,Cmax
Golimumab,0.6,53,0.1,50,0,50,0.04635424523704303,Terminal clearance
Golimumab,0.6,53,1,50,0,50,2486.43519421741,AUC0-28d
Golimumab,0.6,53,1,50,0,50,23.167574129998684,Cmax
Golimumab,0.6,53,1,50,0,50,0.046296209099384256,Terminal clearance
Golimumab,0.6,53,3,50,0,50,7433.652982590247,AUC0-28d
Golimumab,0.6,53,3,50,0,50,69.50137630105019,Cmax
Golimumab,0.6,53,3,50,0,50,0.046443127894787516,Terminal clearance
Golimumab,0.6,53,10,50,0,50,24471.808670136823,AUC0-28d
Golimumab,0.6,53,10,50,0,50,231.65374320745468,Cmax
Golimumab,0.6,53,10,50,0,50,0.0469941069253524,Terminal clearance
Golimumab,0.6,53,30,50,0,50,70870.28997804933,AUC0-28d
Golimumab,0.6,53,30,50,0,50,694.7668876647949,Cmax
Golimumab,0.6,53,30,50,0,50,0.04859909216566386,Terminal clearance
Golimumab,0.6,54,0.1,50,0,50,172.3887059896842,AUC0-28d
Golimumab,0.6,54,0.1,50,0,50,2.3159219613298774,Cmax
Golimumab,0.6,54,0.1,50,0,50,0.06874932758406757,Terminal clearance
Golimumab,0.6,54,1,50,0,50,1724.1972879454374,AUC0-28d
Golimumab,0.6,54,1,50,0,50,23.159058585762978,Cmax
Golimumab,0.6,54,1,50,0,50,0.06865530848267494,Terminal clearance
Golimumab,0.6,54,3,50,0,50,5152.303196496302,AUC0-28d
Golimumab,0.6,54,3,50,0,50,69.4753355383873,Cmax
Golimumab,0.6,54,3,50,0,50,0.06890621567190755,Terminal clearance
Golimumab,0.6,54,10,50,0,50,16932.948736748793,AUC0-28d
Golimumab,0.6,54,10,50,0,50,231.5608731508255,Cmax
Golimumab,0.6,54,10,50,0,50,0.06983992815576165,Terminal clearance
Golimumab,0.6,54,30,50,0,50,48855.54070243822,AUC0-28d
Golimumab,0.6,54,30,50,0,50,694.4321501255035,Cmax
Golimumab,0.6,54,30,50,0,50,0.07249669816624041,Terminal clearance
Golimumab,0.6,55,0.1,50,0,50,281.8075863197362,AUC0-28d
Golimumab,0.6,55,0.1,50,0,50,2.316999077796936,Cmax
Golimumab,0.6,55,0.1,50,0,50,0.04009868551163826,Terminal clearance
Golimumab,0.6,55,1,50,0,50,2816.916616738227,AUC0-28d
Golimumab,0.6,55,1,50,0,50,23.169893592596054,Cmax
Golimumab,0.6,55,1,50,0,50,0.040072593913020996,Terminal clearance
Golimumab,0.6,55,3,50,0,50,8423.093749895,AUC0-28d
Golimumab,0.6,55,3,50,0,50,69.5084815621376,Cmax
Golimumab,0.6,55,3,50,0,50,0.04019403027124136,Terminal clearance
Golimumab,0.6,55,10,50,0,50,27747.69315207347,AUC0-28d
Golimumab,0.6,55,10,50,0,50,231.6792853474617,Cmax
Golimumab,0.6,55,10,50,0,50,0.04064447358506869,Terminal clearance
Golimumab,0.6,55,30,50,0,50,80489.47413942356,AUC0-28d
Golimumab,0.6,55,30,50,0,50,694.8618729114532,Cmax
Golimumab,0.6,55,30,50,0,50,0.04196439913540709,Terminal clearance
Golimumab,0.6,56,0.1,50,0,50,338.3039272869726,AUC0-28d
Golimumab,0.6,56,0.1,50,0,50,2.317299820482731,Cmax
Golimumab,0.6,56,0.1,50,0,50,0.032021514318396484,Terminal clearance
Golimumab,0.6,56,1,50,0,50,3389.9031143175953,AUC0-28d
Golimumab,0.6,56,1,50,0,50,23.17293832451105,Cmax
Golimumab,0.6,56,1,50,0,50,0.031835788736838525,Terminal clearance
Golimumab,0.6,56,3,50,0,50,10141.622012553076,AUC0-28d
Golimumab,0.6,56,3,50,0,50,69.51782262325287,Cmax
Golimumab,0.6,56,3,50,0,50,0.031908900744587444,Terminal clearance
Golimumab,0.6,56,10,50,0,50,33448.071134540565,AUC0-28d
Golimumab,0.6,56,10,50,0,50,231.71300446987152,Cmax
Golimumab,0.6,56,10,50,0,50,0.03222802074345039,Terminal clearance
Golimumab,0.6,56,30,50,0,50,97297.14991472478,AUC0-28d
Golimumab,0.6,56,30,50,0,50,694.9894387722015,Cmax
Golimumab,0.6,56,30,50,0,50,0.033184978272845424,Terminal clearance
Golimumab,0.6,57,0.1,50,0,50,269.38583995966866,AUC0-28d
Golimumab,0.6,57,0.1,50,0,50,2.316921992227435,Cmax
Golimumab,0.6,57,0.1,50,0,50,0.04238481220867021,Terminal clearance
Golimumab,0.6,57,1,50,0,50,2701.022258543096,AUC0-28d
Golimumab,0.6,57,1,50,0,50,23.16914416104555,Cmax
Golimumab,0.6,57,1,50,0,50,0.04211339797652341,Terminal clearance
Golimumab,0.6,57,3,50,0,50,8077.919516669609,AUC0-28d
Golimumab,0.6,57,3,50,0,50,69.50618854165077,Cmax
Golimumab,0.6,57,3,50,0,50,0.04222390107126388,Terminal clearance
Golimumab,0.6,57,10,50,0,50,26606.62716218202,AUC0-28d
Golimumab,0.6,57,10,50,0,50,231.67103630304337,Cmax
Golimumab,0.6,57,10,50,0,50,0.042700298556705374,Terminal clearance
Golimumab,0.6,57,30,50,0,50,77137.40344798518,AUC0-28d
Golimumab,0.6,57,30,50,0,50,694.8310496807098,Cmax
Golimumab,0.6,57,30,50,0,50,0.04410982305475461,Terminal clearance
Golimumab,0.6,58,0.1,50,0,50,162.97704525772775,AUC0-28d
Golimumab,0.6,58,0.1,50,0,50,2.315761766396463,Cmax
Golimumab,0.6,58,0.1,50,0,50,0.0728291324841835,Terminal clearance
Golimumab,0.6,58,1,50,0,50,1629.0552760691835,AUC0-28d
Golimumab,0.6,58,1,50,0,50,23.157443448901176,Cmax
Golimumab,0.6,58,1,50,0,50,0.07280308624595366,Terminal clearance
Golimumab,0.6,58,3,50,0,50,4867.462354728529,AUC0-28d
Golimumab,0.6,58,3,50,0,50,69.47040501236916,Cmax
Golimumab,0.6,58,3,50,0,50,0.07307925393463385,Terminal clearance
Golimumab,0.6,58,10,50,0,50,15993.246040149626,AUC0-28d
Golimumab,0.6,58,10,50,0,50,231.54341626167297,Cmax
Golimumab,0.6,58,10,50,0,50,0.07408657621447856,Terminal clearance
Golimumab,0.6,58,30,50,0,50,46125.733169283725,AUC0-28d
Golimumab,0.6,58,30,50,0,50,694.3709034919739,Cmax
Golimumab,0.6,58,30,50,0,50,0.07693653072739025,Terminal clearance
Golimumab,0.6,59,0.1,50,0,50,278.83664587985413,AUC0-28d
Golimumab,0.6,59,0.1,50,0,50,2.3169798525050282,Cmax
Golimumab,0.6,59,0.1,50,0,50,0.040611000197213594,Terminal clearance
Golimumab,0.6,59,1,50,0,50,2787.7308323824586,AUC0-28d
Golimumab,0.6,59,1,50,0,50,23.16970892250538,Cmax
Golimumab,0.6,59,1,50,0,50,0.04057035553159263,Terminal clearance
Golimumab,0.6,59,3,50,0,50,8335.80187996409,AUC0-28d
Golimumab,0.6,59,3,50,0,50,69.50791642069817,Cmax
Golimumab,0.6,59,3,50,0,50,0.040692851336798064,Terminal clearance
Golimumab,0.6,59,10,50,0,50,27458.663401224854,AUC0-28d
Golimumab,0.6,59,10,50,0,50,231.67725384235382,Cmax
Golimumab,0.6,59,10,50,0,50,0.04115085162946688,Terminal clearance
Golimumab,0.6,59,30,50,0,50,79639.71849583906,AUC0-28d
Golimumab,0.6,59,30,50,0,50,694.8542611598969,Cmax
Golimumab,0.6,59,30,50,0,50,0.042493115295750485,Terminal clearance
Golimumab,0.6,60,0.1,50,0,50,192.90511246219359,AUC0-28d
Golimumab,0.6,60,0.1,50,0,50,2.316217442974448,Cmax
Golimumab,0.6,60,0.1,50,0,50,0.061172644935624,Terminal clearance
Golimumab,0.6,60,1,50,0,50,1932.8965653553387,AUC0-28d
Golimumab,0.6,60,1,50,0,50,23.162044644355774,Cmax
Golimumab,0.6,60,1,50,0,50,0.06092214146710733,Terminal clearance
Golimumab,0.6,60,3,50,0,50,5777.6278085505255,AUC0-28d
Golimumab,0.6,60,3,50,0,50,69.4844597876072,Cmax
Golimumab,0.6,60,3,50,0,50,0.061120129047218946,Terminal clearance
Golimumab,0.6,60,10,50,0,50,18998.00455372393,AUC0-28d
Golimumab,0.6,60,10,50,0,50,231.59328746795654,Cmax
Golimumab,0.6,60,10,50,0,50,0.061914208762345595,Terminal clearance
Golimumab,0.6,60,30,50,0,50,54867.44654642372,AUC0-28d
Golimumab,0.6,60,30,50,0,50,694.5472176074982,Cmax
Golimumab,0.6,60,30,50,0,50,0.06420520982749113,Terminal clearance
Golimumab,0.6,61,0.1,50,0,50,147.9853526778222,AUC0-28d
Golimumab,0.6,61,0.1,50,0,50,2.3154752561822534,Cmax
Golimumab,0.6,61,0.1,50,0,50,0.08043683024413176,Terminal clearance
Golimumab,0.6,61,1,50,0,50,1482.5990393646252,AUC0-28d
Golimumab,0.6,61,1,50,0,50,23.154558800160885,Cmax
Golimumab,0.6,61,1,50,0,50,0.08019890079139715,Terminal clearance
Golimumab,0.6,61,3,50,0,50,4430.415705586138,AUC0-28d
Golimumab,0.6,61,3,50,0,50,69.461605489254,Cmax
Golimumab,0.6,61,3,50,0,50,0.08048455894016832,Terminal clearance
Golimumab,0.6,61,10,50,0,50,14554.033384979664,AUC0-28d
Golimumab,0.6,61,10,50,0,50,231.51235377788544,Cmax
Golimumab,0.6,61,10,50,0,50,0.08160832008850914,Terminal clearance
Golimumab,0.6,61,30,50,0,50,41954.01606230719,AUC0-28d
Golimumab,0.6,61,30,50,0,50,694.263103723526,Cmax
Golimumab,0.6,61,30,50,0,50,0.08479022927067864,Terminal clearance
Golimumab,0.6,62,0.1,50,0,50,216.0720133466742,AUC0-28d
Golimumab,0.6,62,0.1,50,0,50,2.316475035622716,Cmax
Golimumab,0.6,62,0.1,50,0,50,0.0541080993667269,Terminal clearance
Golimumab,0.6,62,1,50,0,50,2158.988779354448,AUC0-28d
Golimumab,0.6,62,1,50,0,50,23.16462665051222,Cmax
Golimumab,0.6,62,1,50,0,50,0.054111911873433775,Terminal clearance
Golimumab,0.6,62,3,50,0,50,6452.953204041944,AUC0-28d
Golimumab,0.6,62,3,50,0,50,69.49235299229622,Cmax
Golimumab,0.6,62,3,50,0,50,0.054300678615529285,Terminal clearance
Golimumab,0.6,62,10,50,0,50,21227.692888362893,AUC0-28d
Golimumab,0.6,62,10,50,0,50,231.6214359998703,Cmax
Golimumab,0.6,62,10,50,0,50,0.05498552568051896,Terminal clearance
Golimumab,0.6,62,30,50,0,50,61373.676908703696,AUC0-28d
Golimumab,0.6,62,30,50,0,50,694.6486458778381,Cmax
Golimumab,0.6,62,30,50,0,50,0.056958141605707314,Terminal clearance
Golimumab,0.6,63,0.1,50,0,50,163.70550748318183,AUC0-28d
Golimumab,0.6,63,0.1,50,0,50,2.3157760268077254,Cmax
Golimumab,0.6,63,0.1,50,0,50,0.07249193727808095,Terminal clearance
Golimumab,0.6,63,1,50,0,50,1636.4407293210224,AUC0-28d
Golimumab,0.6,63,1,50,0,50,23.157576352357864,Cmax
Golimumab,0.6,63,1,50,0,50,0.07246485340277176,Terminal clearance
Golimumab,0.6,63,3,50,0,50,4889.597215292073,AUC0-28d
Golimumab,0.6,63,3,50,0,50,69.47080931067467,Cmax
Golimumab,0.6,63,3,50,0,50,0.07273849239842485,Terminal clearance
Golimumab,0.6,63,10,50,0,50,16066.284484553562,AUC0-28d
Golimumab,0.6,63,10,50,0,50,231.54484713077545,Cmax
Golimumab,0.6,63,10,50,0,50,0.07373953489817044,Terminal clearance
Golimumab,0.6,63,30,50,0,50,46337.79712526138,AUC0-28d
Golimumab,0.6,63,30,50,0,50,694.3759052753448,Cmax
Golimumab,0.6,63,30,50,0,50,0.07657372522771606,Terminal clearance
Golimumab,0.6,64,0.1,50,0,50,204.66525349672045,AUC0-28d
Golimumab,0.6,64,0.1,50,0,50,2.3163539506495,Cmax
Golimumab,0.6,64,0.1,50,0,50,0.05737282023571545,Terminal clearance
Golimumab,0.6,64,1,50,0,50,2045.7927259084788,AUC0-28d
Golimumab,0.6,64,1,50,0,50,23.16340097039938,Cmax
Golimumab,0.6,64,1,50,0,50,0.057342900644231226,Terminal clearance
Golimumab,0.6,64,3,50,0,50,6114.353697928137,AUC0-28d
Golimumab,0.6,64,3,50,0,50,69.48860388994217,Cmax
Golimumab,0.6,64,3,50,0,50,0.0575442803950975,Terminal clearance
Golimumab,0.6,64,10,50,0,50,20108.94664376348,AUC0-28d
Golimumab,0.6,64,10,50,0,50,231.60805302858353,Cmax
Golimumab,0.6,64,10,50,0,50,0.058283679253680686,Terminal clearance
Golimumab,0.6,64,30,50,0,50,58106.62007743485,AUC0-28d
Golimumab,0.6,64,30,50,0,50,694.6002430915833,Cmax
Golimumab,0.6,64,30,50,0,50,0.06040860476981899,Terminal clearance
Golimumab,0.6,65,0.1,50,0,50,101.6745898599488,AUC0-28d
Golimumab,0.6,65,0.1,50,0,50,2.313973216339946,Cmax
Golimumab,0.6,65,0.1,50,0,50,0.11739653045929334,Terminal clearance
Golimumab,0.6,65,1,50,0,50,1016.173697345218,AUC0-28d
Golimumab,0.6,65,1,50,0,50,23.1394225358963,Cmax
Golimumab,0.6,65,1,50,0,50,0.11743459934375665,Terminal clearance
Golimumab,0.6,65,3,50,0,50,3035.547418178553,AUC0-28d
Golimumab,0.6,65,3,50,0,50,69.41556832194328,Cmax
Golimumab,0.6,65,3,50,0,50,0.11790868934308847,Terminal clearance
Golimumab,0.6,65,10,50,0,50,9967.139246594523,AUC0-28d
Golimumab,0.6,65,10,50,0,50,231.35166031122208,Cmax
Golimumab,0.6,65,10,50,0,50,0.11961659854611591,Terminal clearance
Golimumab,0.6,65,30,50,0,50,28733.971198553074,AUC0-28d
Golimumab,0.6,65,30,50,0,50,693.7264029979706,Cmax
Golimumab,0.6,65,30,50,0,50,0.12428369538718487,Terminal clearance
Golimumab,0.6,66,0.1,50,0,50,128.56231832940313,AUC0-28d
Golimumab,0.6,66,0.1,50,0,50,2.3149796091020107,Cmax
Golimumab,0.6,66,0.1,50,0,50,0.09271606239044138,Terminal clearance
Golimumab,0.6,66,1,50,0,50,1284.8034017957175,AUC0-28d
Golimumab,0.6,66,1,50,0,50,23.149550534784794,Cmax
Golimumab,0.6,66,1,50,0,50,0.09273709152306336,Terminal clearance
Golimumab,0.6,66,3,50,0,50,3838.0898490607988,AUC0-28d
Golimumab,0.6,66,3,50,0,50,69.44634711742401,Cmax
Golimumab,0.6,66,3,50,0,50,0.09310825306448466,Terminal clearance
Golimumab,0.6,66,10,50,0,50,12603.130770025633,AUC0-28d
Golimumab,0.6,66,10,50,0,50,231.458760201931,Cmax
Golimumab,0.6,66,10,50,0,50,0.09444978744420707,Terminal clearance
Golimumab,0.6,66,30,50,0,50,36314.1226858223,AUC0-28d
Golimumab,0.6,66,30,50,0,50,694.0804188251495,Cmax
Golimumab,0.6,66,30,50,0,50,0.09817966734067919,Terminal clearance
Golimumab,0.6,67,0.1,50,0,50,222.39069593185056,AUC0-28d
Golimumab,0.6,67,0.1,50,0,50,2.3165448289364576,Cmax
Golimumab,0.6,67,0.1,50,0,50,0.05252149032720275,Terminal clearance
Golimumab,0.6,67,1,50,0,50,2228.421564963213,AUC0-28d
Golimumab,0.6,67,1,50,0,50,23.165327198803425,Cmax
Golimumab,0.6,67,1,50,0,50,0.052292597456071885,Terminal clearance
Golimumab,0.6,67,3,50,0,50,6662.3601259801935,AUC0-28d
Golimumab,0.6,67,3,50,0,50,69.4944977760315,Cmax
Golimumab,0.6,67,3,50,0,50,0.05245043591821177,Terminal clearance
Golimumab,0.6,67,10,50,0,50,21921.819446998416,AUC0-28d
Golimumab,0.6,67,10,50,0,50,231.62910264730453,Cmax
Golimumab,0.6,67,10,50,0,50,0.053096367492042336,Terminal clearance
Golimumab,0.6,67,30,50,0,50,63404.41095384945,AUC0-28d
Golimumab,0.6,67,30,50,0,50,694.6765186786652,Cmax
Golimumab,0.6,67,30,50,0,50,0.05497958649634978,Terminal clearance
Golimumab,0.6,68,0.1,50,0,50,287.4614518213901,AUC0-28d
Golimumab,0.6,68,0.1,50,0,50,2.3170346533879638,Cmax
Golimumab,0.6,68,0.1,50,0,50,0.03920466667048544,Terminal clearance
Golimumab,0.6,68,1,50,0,50,2877.2677842880457,AUC0-28d
Golimumab,0.6,68,1,50,0,50,23.17026624083519,Cmax
Golimumab,0.6,68,1,50,0,50,0.03907690224206359,Terminal clearance
Golimumab,0.6,68,3,50,0,50,8604.749489842263,AUC0-28d
Golimumab,0.6,68,3,50,0,50,69.50962632894516,Cmax
Golimumab,0.6,68,3,50,0,50,0.039185995237637335,Terminal clearance
Golimumab,0.6,68,10,50,0,50,28350.586627944147,AUC0-28d
Golimumab,0.6,68,10,50,0,50,231.68341076374054,Cmax
Golimumab,0.6,68,10,50,0,50,0.03961778175443153,Terminal clearance
Golimumab,0.6,68,30,50,0,50,82263.82737305791,AUC0-28d
Golimumab,0.6,68,30,50,0,50,694.8773460388184,Cmax
Golimumab,0.6,68,30,50,0,50,0.04089162402547557,Terminal clearance
Golimumab,0.6,69,0.1,50,0,50,256.82099052114404,AUC0-28d
Golimumab,0.6,69,0.1,50,0,50,2.3168331691995263,Cmax
Golimumab,0.6,69,0.1,50,0,50,0.04476893147605827,Terminal clearance
Golimumab,0.6,69,1,50,0,50,2574.411218700052,AUC0-28d
Golimumab,0.6,69,1,50,0,50,23.168249242007732,Cmax
Golimumab,0.6,69,1,50,0,50,0.04451201018936706,Terminal clearance
Golimumab,0.6,69,3,50,0,50,7698.553995586091,AUC0-28d
Golimumab,0.6,69,3,50,0,50,69.50344714522362,Cmax
Golimumab,0.6,69,3,50,0,50,0.04463413381607983,Terminal clearance
Golimumab,0.6,69,10,50,0,50,25350.302785272248,AUC0-28d
Golimumab,0.6,69,10,50,0,50,231.66118079423904,Cmax
Golimumab,0.6,69,10,50,0,50,0.045149930379666275,Terminal clearance
Golimumab,0.6,69,30,50,0,50,73448.50108019338,AUC0-28d
Golimumab,0.6,69,30,50,0,50,694.7944099903107,Cmax
Golimumab,0.6,69,30,50,0,50,0.046669708951586904,Terminal clearance
Golimumab,0.6,70,0.1,50,0,50,267.8401157306368,AUC0-28d
Golimumab,0.6,70,0.1,50,0,50,2.316904429346323,Cmax
Golimumab,0.6,70,0.1,50,0,50,0.042566028828003546,Terminal clearance
Golimumab,0.6,70,1,50,0,50,2677.1654552275336,AUC0-28d
Golimumab,0.6,70,1,50,0,50,23.168974868953228,Cmax
Golimumab,0.6,70,1,50,0,50,0.04253830430707786,Terminal clearance
Golimumab,0.6,70,3,50,0,50,8004.4971596718815,AUC0-28d
Golimumab,0.6,70,3,50,0,50,69.5056700706482,Cmax
Golimumab,0.6,70,3,50,0,50,0.04267127124111264,Terminal clearance
Golimumab,0.6,70,10,50,0,50,26361.18193705534,AUC0-28d
Golimumab,0.6,70,10,50,0,50,231.66917073726654,Cmax
Golimumab,0.6,70,10,50,0,50,0.043161611786153686,Terminal clearance
Golimumab,0.6,70,30,50,0,50,76414.48085016139,AUC0-28d
Golimumab,0.6,70,30,50,0,50,694.8240966796875,Cmax
Golimumab,0.6,70,30,50,0,50,0.044593749515413166,Terminal clearance
Golimumab,0.6,71,0.1,50,0,50,225.67103643320266,AUC0-28d
Golimumab,0.6,71,0.1,50,0,50,2.3165697818621993,Cmax
Golimumab,0.6,71,0.1,50,0,50,0.05161732644832561,Terminal clearance
Golimumab,0.6,71,1,50,0,50,2255.63481475058,AUC0-28d
Golimumab,0.6,71,1,50,0,50,23.165580824017525,Cmax
Golimumab,0.6,71,1,50,0,50,0.05159189533759067,Terminal clearance
Golimumab,0.6,71,3,50,0,50,6742.410067007467,AUC0-28d
Golimumab,0.6,71,3,50,0,50,69.49527356028557,Cmax
Golimumab,0.6,71,3,50,0,50,0.05176638334216774,Terminal clearance
Golimumab,0.6,71,10,50,0,50,22184.84625222065,AUC0-28d
Golimumab,0.6,71,10,50,0,50,231.63188016414642,Cmax
Golimumab,0.6,71,10,50,0,50,0.052407424162529394,Terminal clearance
Golimumab,0.6,71,30,50,0,50,64172.33378287792,AUC0-28d
Golimumab,0.6,71,30,50,0,50,694.6866474151611,Cmax
Golimumab,0.6,71,30,50,0,50,0.054260803833895456,Terminal clearance
Golimumab,0.6,72,0.1,50,0,50,121.6616389099468,AUC0-28d
Golimumab,0.6,72,0.1,50,0,50,2.314767443574965,Cmax
Golimumab,0.6,72,0.1,50,0,50,0.0980206014281127,Terminal clearance
Golimumab,0.6,72,1,50,0,50,1215.9871408816014,AUC0-28d
Golimumab,0.6,72,1,50,0,50,23.147411182522774,Cmax
Golimumab,0.6,72,1,50,0,50,0.09803872866312928,Terminal clearance
Golimumab,0.6,72,3,50,0,50,3632.4989757973954,AUC0-28d
Golimumab,0.6,72,3,50,0,50,69.4398373067379,Cmax
Golimumab,0.6,72,3,50,0,50,0.09843132696434699,Terminal clearance
Golimumab,0.6,72,10,50,0,50,11927.254719343315,AUC0-28d
Golimumab,0.6,72,10,50,0,50,231.43599897623062,Cmax
Golimumab,0.6,72,10,50,0,50,0.09985586384322613,Terminal clearance
Golimumab,0.6,72,30,50,0,50,34365.96283002963,AUC0-28d
Golimumab,0.6,72,30,50,0,50,694.004011631012,Cmax
Golimumab,0.6,72,30,50,0,50,0.10380267872433437,Terminal clearance
Golimumab,0.6,73,0.1,50,0,50,371.6216763894231,AUC0-28d
Golimumab,0.6,73,0.1,50,0,50,2.3174348194152117,Cmax
Golimumab,0.6,73,0.1,50,0,50,0.02817533185715221,Terminal clearance
Golimumab,0.6,73,1,50,0,50,3718.4861672443644,AUC0-28d
Golimumab,0.6,73,1,50,0,50,23.174304485321045,Cmax
Golimumab,0.6,73,1,50,0,50,0.02808610190257365,Terminal clearance
Golimumab,0.6,73,3,50,0,50,11125.145235989738,AUC0-28d
Golimumab,0.6,73,3,50,0,50,69.52201697230339,Cmax
Golimumab,0.6,73,3,50,0,50,0.028153558037112655,Terminal clearance
Golimumab,0.6,73,10,50,0,50,36711.96991587771,AUC0-28d
Golimumab,0.6,73,10,50,0,50,231.72819471359253,Cmax
Golimumab,0.6,73,10,50,0,50,0.028422650532770266,Terminal clearance
Golimumab,0.6,73,30,50,0,50,106955.92718670014,AUC0-28d
Golimumab,0.6,73,30,50,0,50,695.0477685928345,Cmax
Golimumab,0.6,73,30,50,0,50,0.02922582885001786,Terminal clearance
Golimumab,0.6,74,0.1,50,0,50,240.3334877300879,AUC0-28d
Golimumab,0.6,74,0.1,50,0,50,2.3167020343244076,Cmax
Golimumab,0.6,74,0.1,50,0,50,0.04821063357652156,Terminal clearance
Golimumab,0.6,74,1,50,0,50,2406.3372240087756,AUC0-28d
Golimumab,0.6,74,1,50,0,50,23.166925616562366,Cmax
Golimumab,0.6,74,1,50,0,50,0.048035648902841774,Terminal clearance
Golimumab,0.6,74,3,50,0,50,7194.514892096947,AUC0-28d
Golimumab,0.6,74,3,50,0,50,69.49939173460007,Cmax
Golimumab,0.6,74,3,50,0,50,0.04818204694910372,Terminal clearance
Golimumab,0.6,74,10,50,0,50,23681.310633184094,AUC0-28d
Golimumab,0.6,74,10,50,0,50,231.64662981033325,Cmax
Golimumab,0.6,74,10,50,0,50,0.04875896999214624,Terminal clearance
Golimumab,0.6,74,30,50,0,50,68554.13876964504,AUC0-28d
Golimumab,0.6,74,30,50,0,50,694.7406749725342,Cmax
Golimumab,0.6,74,30,50,0,50,0.050443663729241875,Terminal clearance
Golimumab,0.6,75,0.1,50,0,50,190.56942393236224,AUC0-28d
Golimumab,0.6,75,0.1,50,0,50,2.316187052987516,Cmax
Golimumab,0.6,75,0.1,50,0,50,0.061946205319398616,Terminal clearance
Golimumab,0.6,75,1,50,0,50,1908.5091765719833,AUC0-28d
Golimumab,0.6,75,1,50,0,50,23.16172868013382,Cmax
Golimumab,0.6,75,1,50,0,50,0.061742170342943076,Terminal clearance
Golimumab,0.6,75,3,50,0,50,5704.403782263136,AUC0-28d
Golimumab,0.6,75,3,50,0,50,69.48349258303642,Cmax
Golimumab,0.6,75,3,50,0,50,0.06194836162710868,Terminal clearance
Golimumab,0.6,75,10,50,0,50,18755.918063789122,AUC0-28d
Golimumab,0.6,75,10,50,0,50,231.5898460149765,Cmax
Golimumab,0.6,75,10,50,0,50,0.06275810557339241,Terminal clearance
Golimumab,0.6,75,30,50,0,50,54161.69446160037,AUC0-28d
Golimumab,0.6,75,30,50,0,50,694.534916639328,Cmax
Golimumab,0.6,75,30,50,0,50,0.06508847026803692,Terminal clearance
Golimumab,0.6,76,0.1,50,0,50,201.42725244725972,AUC0-28d
Golimumab,0.6,76,0.1,50,0,50,2.31631578784436,Cmax
Golimumab,0.6,76,0.1,50,0,50,0.05835381260989729,Terminal clearance
Golimumab,0.6,76,1,50,0,50,2013.143865168815,AUC0-28d
Golimumab,0.6,76,1,50,0,50,23.163021706044674,Cmax
Golimumab,0.6,76,1,50,0,50,0.058336036241217346,Terminal clearance
Golimumab,0.6,76,3,50,0,50,6016.57298912063,AUC0-28d
Golimumab,0.6,76,3,50,0,50,69.487444460392,Cmax
Golimumab,0.6,76,3,50,0,50,0.058543273053503375,Terminal clearance
Golimumab,0.6,76,10,50,0,50,19785.82301565724,AUC0-28d
Golimumab,0.6,76,10,50,0,50,231.60391920804977,Cmax
Golimumab,0.6,76,10,50,0,50,0.05930022115116848,Terminal clearance
Golimumab,0.6,76,30,50,0,50,57163.6580668847,AUC0-28d
Golimumab,0.6,76,30,50,0,50,694.5853500366211,Cmax
Golimumab,0.6,76,30,50,0,50,0.06147230094328958,Terminal clearance
Golimumab,0.6,77,0.1,50,0,50,148.22272049998608,AUC0-28d
Golimumab,0.6,77,0.1,50,0,50,2.315483059734106,Cmax
Golimumab,0.6,77,0.1,50,0,50,0.08030801898106807,Terminal clearance
Golimumab,0.6,77,1,50,0,50,1485.5612621842604,AUC0-28d
Golimumab,0.6,77,1,50,0,50,23.154625810682774,Cmax
Golimumab,0.6,77,1,50,0,50,0.08003780079411757,Terminal clearance
Golimumab,0.6,77,3,50,0,50,4439.47909807437,AUC0-28d
Golimumab,0.6,77,3,50,0,50,69.4618091583252,Cmax
Golimumab,0.6,77,3,50,0,50,0.08031776929175408,Terminal clearance
Golimumab,0.6,77,10,50,0,50,14584.14561292725,AUC0-28d
Golimumab,0.6,77,10,50,0,50,231.51307028532028,Cmax
Golimumab,0.6,77,10,50,0,50,0.08143659172500069,Terminal clearance
Golimumab,0.6,77,30,50,0,50,42041.43428567605,AUC0-28d
Golimumab,0.6,77,30,50,0,50,694.2655742168427,Cmax
Golimumab,0.6,77,30,50,0,50,0.08461033773568528,Terminal clearance
Golimumab,0.6,78,0.1,50,0,50,209.85628561972368,AUC0-28d
Golimumab,0.6,78,0.1,50,0,50,2.3164148088544607,Cmax
Golimumab,0.6,78,0.1,50,0,50,0.05588767657265643,Terminal clearance
Golimumab,0.6,78,1,50,0,50,2100.4950501735816,AUC0-28d
Golimumab,0.6,78,1,50,0,50,23.16401369869709,Cmax
Golimumab,0.6,78,1,50,0,50,0.05574811963750958,Terminal clearance
Golimumab,0.6,78,3,50,0,50,6278.8030310563245,AUC0-28d
Golimumab,0.6,78,3,50,0,50,69.49047821760178,Cmax
Golimumab,0.6,78,3,50,0,50,0.05593074474188711,Terminal clearance
Golimumab,0.6,78,10,50,0,50,20653.20237805245,AUC0-28d
Golimumab,0.6,78,10,50,0,50,231.61473923921585,Cmax
Golimumab,0.6,78,10,50,0,50,0.05663858014364014,Terminal clearance
Golimumab,0.6,78,30,50,0,50,59696.304382370494,AUC0-28d
Golimumab,0.6,78,30,50,0,50,694.6243851184845,Cmax
Golimumab,0.6,78,30,50,0,50,0.05868629813064483,Terminal clearance
Golimumab,0.6,79,0.1,50,0,50,225.55586451036814,AUC0-28d
Golimumab,0.6,79,0.1,50,0,50,2.316567691974342,Cmax
Golimumab,0.6,79,0.1,50,0,50,0.05166106700051359,Terminal clearance
Golimumab,0.6,79,1,50,0,50,2255.1704125277197,AUC0-28d
Golimumab,0.6,79,1,50,0,50,23.16557666659355,Cmax
Golimumab,0.6,79,1,50,0,50,0.051604489235739355,Terminal clearance
Golimumab,0.6,79,3,50,0,50,6741.161864503426,AUC0-28d
Golimumab,0.6,79,3,50,0,50,69.4952622950077,Cmax
Golimumab,0.6,79,3,50,0,50,0.0517771717103135,Terminal clearance
Golimumab,0.6,79,10,50,0,50,22180.88178264094,AUC0-28d
Golimumab,0.6,79,10,50,0,50,231.63183975219727,Cmax
Golimumab,0.6,79,10,50,0,50,0.05241777604765145,Terminal clearance
Golimumab,0.6,79,30,50,0,50,64160.8723043385,AUC0-28d
Golimumab,0.6,79,30,50,0,50,694.6864964962006,Cmax
Golimumab,0.6,79,30,50,0,50,0.054271448021300905,Terminal clearance
Golimumab,0.6,80,0.1,50,0,50,307.80468167310255,AUC0-28d
Golimumab,0.6,80,0.1,50,0,50,2.317148493602872,Cmax
Golimumab,0.6,80,0.1,50,0,50,0.03607482898751431,Terminal clearance
Golimumab,0.6,80,1,50,0,50,3080.4947429322547,AUC0-28d
Golimumab,0.6,80,1,50,0,50,23.171418093144894,Cmax
Golimumab,0.6,80,1,50,0,50,0.0359586325958632,Terminal clearance
Golimumab,0.6,80,3,50,0,50,9213.43973766761,AUC0-28d
Golimumab,0.6,80,3,50,0,50,69.51315888762474,Cmax
Golimumab,0.6,80,3,50,0,50,0.03605581008377607,Terminal clearance
Golimumab,0.6,80,10,50,0,50,30367.96963838741,AUC0-28d
Golimumab,0.6,80,10,50,0,50,231.69615125656128,Cmax
Golimumab,0.6,80,10,50,0,50,0.036439439110460325,Terminal clearance
Golimumab,0.6,80,30,50,0,50,88204.95715194353,AUC0-28d
Golimumab,0.6,80,30,50,0,50,694.9253532886505,Cmax
Golimumab,0.6,80,30,50,0,50,0.037575165624047585,Terminal clearance
Golimumab,0.6,81,0.1,50,0,50,307.52611608170145,AUC0-28d
Golimumab,0.6,81,0.1,50,0,50,2.3171474877744913,Cmax
Golimumab,0.6,81,0.1,50,0,50,0.03610213388031473,Terminal clearance
Golimumab,0.6,81,1,50,0,50,3076.989014282028,AUC0-28d
Golimumab,0.6,81,1,50,0,50,23.171399652957916,Cmax
Golimumab,0.6,81,1,50,0,50,0.03600891670015008,Terminal clearance
Golimumab,0.6,81,3,50,0,50,9202.834535699967,AUC0-28d
Golimumab,0.6,81,3,50,0,50,69.51310139894485,Cmax
Golimumab,0.6,81,3,50,0,50,0.036107163664604744,Terminal clearance
Golimumab,0.6,81,10,50,0,50,30332.697686583495,AUC0-28d
Golimumab,0.6,81,10,50,0,50,231.69594115018845,Cmax
Golimumab,0.6,81,10,50,0,50,0.03649184327958313,Terminal clearance
Golimumab,0.6,81,30,50,0,50,88100.90009240629,AUC0-28d
Golimumab,0.6,81,30,50,0,50,694.9245564937592,Cmax
Golimumab,0.6,81,30,50,0,50,0.03762988482332085,Terminal clearance
Golimumab,0.6,82,0.1,50,0,50,305.58936206838445,AUC0-28d
Golimumab,0.6,82,0.1,50,0,50,2.3171381168067455,Cmax
Golimumab,0.6,82,0.1,50,0,50,0.036422100275022185,Terminal clearance
Golimumab,0.6,82,1,50,0,50,3060.769880058962,AUC0-28d
Golimumab,0.6,82,1,50,0,50,23.171313732862473,Cmax
Golimumab,0.6,82,1,50,0,50,0.03624856441789901,Terminal clearance
Golimumab,0.6,82,3,50,0,50,9154.937597883803,AUC0-28d
Golimumab,0.6,82,3,50,0,50,69.5128390789032,Cmax
Golimumab,0.6,82,3,50,0,50,0.03634198512095789,Terminal clearance
Golimumab,0.6,82,10,50,0,50,30174.70289774238,AUC0-28d
Golimumab,0.6,82,10,50,0,50,231.69499611854553,Cmax
Golimumab,0.6,82,10,50,0,50,0.036728298414340714,Terminal clearance
Golimumab,0.6,82,30,50,0,50,87635.91198524517,AUC0-28d
Golimumab,0.6,82,30,50,0,50,694.9209923744202,Cmax
Golimumab,0.6,82,30,50,0,50,0.03787596589811688,Terminal clearance
Golimumab,0.6,83,0.1,50,0,50,172.96575228397833,AUC0-28d
Golimumab,0.6,83,0.1,50,0,50,2.3159328186884522,Cmax
Golimumab,0.6,83,0.1,50,0,50,0.06851060935525119,Terminal clearance
Golimumab,0.6,83,1,50,0,50,1730.4940020671697,AUC0-28d
Golimumab,0.6,83,1,50,0,50,23.159160442650318,Cmax
Golimumab,0.6,83,1,50,0,50,0.06839778439428057,Terminal clearance
Golimumab,0.6,83,3,50,0,50,5171.306061301713,AUC0-28d
Golimumab,0.6,83,3,50,0,50,69.47564560174942,Cmax
Golimumab,0.6,83,3,50,0,50,0.0686439479390504,Terminal clearance
Golimumab,0.6,83,10,50,0,50,16995.83829085007,AUC0-28d
Golimumab,0.6,83,10,50,0,50,231.56197553873062,Cmax
Golimumab,0.6,83,10,50,0,50,0.06957185000848926,Terminal clearance
Golimumab,0.6,83,30,50,0,50,49038.519630606286,AUC0-28d
Golimumab,0.6,83,30,50,0,50,694.4360375404358,Cmax
Golimumab,0.6,83,30,50,0,50,0.07221604357419818,Terminal clearance
Golimumab,0.6,84,0.1,50,0,50,250.45411611112598,AUC0-28d
Golimumab,0.6,84,0.1,50,0,50,2.3167849481105804,Cmax
Golimumab,0.6,84,0.1,50,0,50,0.046054246305802626,Terminal clearance
Golimumab,0.6,84,1,50,0,50,2509.7679885136686,AUC0-28d
Golimumab,0.6,84,1,50,0,50,23.167760029435158,Cmax
Golimumab,0.6,84,1,50,0,50,0.045817905301234634,Terminal clearance
Golimumab,0.6,84,3,50,0,50,7504.7412945118085,AUC0-28d
Golimumab,0.6,84,3,50,0,50,69.50194725394249,Cmax
Golimumab,0.6,84,3,50,0,50,0.04594815546182479,Terminal clearance
Golimumab,0.6,84,10,50,0,50,24708.497092364752,AUC0-28d
Golimumab,0.6,84,10,50,0,50,231.65579813718796,Cmax
Golimumab,0.6,84,10,50,0,50,0.04648621576796139,Terminal clearance
Golimumab,0.6,84,30,50,0,50,71565.51755842965,AUC0-28d
Golimumab,0.6,84,30,50,0,50,694.7744808197021,Cmax
Golimumab,0.6,84,30,50,0,50,0.048066756518603274,Terminal clearance
Golimumab,0.6,85,0.1,50,0,50,288.9320312843662,AUC0-28d
Golimumab,0.6,85,0.1,50,0,50,2.317043370567262,Cmax
Golimumab,0.6,85,0.1,50,0,50,0.03897356351980849,Terminal clearance
Golimumab,0.6,85,1,50,0,50,2892.8558727033396,AUC0-28d
Golimumab,0.6,85,1,50,0,50,23.170360073447227,Cmax
Golimumab,0.6,85,1,50,0,50,0.038825580802828184,Terminal clearance
Golimumab,0.6,85,3,50,0,50,8651.668002054506,AUC0-28d
Golimumab,0.6,85,3,50,0,50,69.5099145770073,Cmax
Golimumab,0.6,85,3,50,0,50,0.03893160083222571,Terminal clearance
Golimumab,0.6,85,10,50,0,50,28506.321167776263,AUC0-28d
Golimumab,0.6,85,10,50,0,50,231.68445020914078,Cmax
Golimumab,0.6,85,10,50,0,50,0.0393587322698733,Terminal clearance
Golimumab,0.6,85,30,50,0,50,82722.3187878202,AUC0-28d
Golimumab,0.6,85,30,50,0,50,694.8812491893768,Cmax
Golimumab,0.6,85,30,50,0,50,0.040620985726780384,Terminal clearance
Golimumab,0.6,86,0.1,50,0,50,249.58904398571966,AUC0-28d
Golimumab,0.6,86,0.1,50,0,50,2.3167752726003528,Cmax
Golimumab,0.6,86,0.1,50,0,50,0.046173054362117334,Terminal clearance
Golimumab,0.6,86,1,50,0,50,2496.658241788721,AUC0-28d
Golimumab,0.6,86,1,50,0,50,23.167654529213905,Cmax
Golimumab,0.6,86,1,50,0,50,0.046083100789185816,Terminal clearance
Golimumab,0.6,86,3,50,0,50,7464.44996138628,AUC0-28d
Golimumab,0.6,86,3,50,0,50,69.50162360072136,Cmax
Golimumab,0.6,86,3,50,0,50,0.046226943739238933,Terminal clearance
Golimumab,0.6,86,10,50,0,50,24573.943823177742,AUC0-28d
Golimumab,0.6,86,10,50,0,50,231.65463262796402,Cmax
Golimumab,0.6,86,10,50,0,50,0.04677367420465232,Terminal clearance
Golimumab,0.6,86,30,50,0,50,71169.9389521652,AUC0-28d
Golimumab,0.6,86,30,50,0,50,694.7701799869537,Cmax
Golimumab,0.6,86,30,50,0,50,0.04836842351227824,Terminal clearance
Golimumab,0.6,87,0.1,50,0,50,137.48938404027086,AUC0-28d
Golimumab,0.6,87,0.1,50,0,50,2.315228618681431,Cmax
Golimumab,0.6,87,0.1,50,0,50,0.08666884010745876,Terminal clearance
Golimumab,0.6,87,1,50,0,50,1376.7956573999118,AUC0-28d
Golimumab,0.6,87,1,50,0,50,23.15207040309906,Cmax
Golimumab,0.6,87,1,50,0,50,0.08647313122703813,Terminal clearance
Golimumab,0.6,87,3,50,0,50,4113.833091871607,AUC0-28d
Golimumab,0.6,87,3,50,0,50,69.45402207970619,Cmax
Golimumab,0.6,87,3,50,0,50,0.08679225838504645,Terminal clearance
Golimumab,0.6,87,10,50,0,50,13511.302443131059,AUC0-28d
Golimumab,0.6,87,10,50,0,50,231.48567563295364,Cmax
Golimumab,0.6,87,10,50,0,50,0.08802257895430717,Terminal clearance
Golimumab,0.6,87,30,50,0,50,38937.181984716684,AUC0-28d
Golimumab,0.6,87,30,50,0,50,694.1716597080231,Cmax
Golimumab,0.6,87,30,50,0,50,0.09148182398215593,Terminal clearance
Golimumab,0.6,88,0.1,50,0,50,285.3039680462872,AUC0-28d
Golimumab,0.6,88,0.1,50,0,50,2.3170239189639688,Cmax
Golimumab,0.6,88,0.1,50,0,50,0.03955318719949351,Terminal clearance
Golimumab,0.6,88,1,50,0,50,2856.598065815666,AUC0-28d
Golimumab,0.6,88,1,50,0,50,23.170142836868763,Cmax
Golimumab,0.6,88,1,50,0,50,0.039417336787566266,Terminal clearance
Golimumab,0.6,88,3,50,0,50,8543.26216305639,AUC0-28d
Golimumab,0.6,88,3,50,0,50,69.50924625992775,Cmax
Golimumab,0.6,88,3,50,0,50,0.039524236472392886,Terminal clearance
Golimumab,0.6,88,10,50,0,50,28147.386941912944,AUC0-28d
Golimumab,0.6,88,10,50,0,50,231.6820421218872,Cmax
Golimumab,0.6,88,10,50,0,50,0.03995990272730098,Terminal clearance
Golimumab,0.6,88,30,50,0,50,81666.44274230293,AUC0-28d
Golimumab,0.6,88,30,50,0,50,694.8722004890442,Cmax
Golimumab,0.6,88,30,50,0,50,0.04124839084286276,Terminal clearance
Golimumab,0.6,89,0.1,50,0,50,185.63216378962224,AUC0-28d
Golimumab,0.6,89,0.1,50,0,50,2.316126661375165,Cmax
Golimumab,0.6,89,0.1,50,0,50,0.06367556080722596,Terminal clearance
Golimumab,0.6,89,1,50,0,50,1862.039548120794,AUC0-28d
Golimumab,0.6,89,1,50,0,50,23.16111385077238,Cmax
Golimumab,0.6,89,1,50,0,50,0.06337432304597297,Terminal clearance
Golimumab,0.6,89,3,50,0,50,5566.465429945438,AUC0-28d
Golimumab,0.6,89,3,50,0,50,69.48161387443542,Cmax
Golimumab,0.6,89,3,50,0,50,0.06356885412598516,Terminal clearance
Golimumab,0.6,89,10,50,0,50,18301.88712837968,AUC0-28d
Golimumab,0.6,89,10,50,0,50,231.58316642045975,Cmax
Golimumab,0.6,89,10,50,0,50,0.0643986617958907,Terminal clearance
Golimumab,0.6,89,30,50,0,50,52840.28583312579,AUC0-28d
Golimumab,0.6,89,30,50,0,50,694.5110936164856,Cmax
Golimumab,0.6,89,30,50,0,50,0.06680233421317922,Terminal clearance
Golimumab,0.6,90,0.1,50,0,50,257.7384332455741,AUC0-28d
Golimumab,0.6,90,0.1,50,0,50,2.316836843267083,Cmax
Golimumab,0.6,90,0.1,50,0,50,0.04451994946770408,Terminal clearance
Golimumab,0.6,90,1,50,0,50,2578.471326504967,AUC0-28d
Golimumab,0.6,90,1,50,0,50,23.16827543824911,Cmax
Golimumab,0.6,90,1,50,0,50,0.044423669802825465,Terminal clearance
Golimumab,0.6,90,3,50,0,50,7709.5144009350925,AUC0-28d
Golimumab,0.6,90,3,50,0,50,69.50352492928505,Cmax
Golimumab,0.6,90,3,50,0,50,0.04455925384265791,Terminal clearance
Golimumab,0.6,90,10,50,0,50,25385.19071648226,AUC0-28d
Golimumab,0.6,90,10,50,0,50,231.66146385669708,Cmax
Golimumab,0.6,90,10,50,0,50,0.04507833299730108,Terminal clearance
Golimumab,0.6,90,30,50,0,50,73549.70758985111,AUC0-28d
Golimumab,0.6,90,30,50,0,50,694.7954521179199,Cmax
Golimumab,0.6,90,30,50,0,50,0.04659615603765517,Terminal clearance
Golimumab,0.6,91,0.1,50,0,50,226.36697964129314,AUC0-28d
Golimumab,0.6,91,0.1,50,0,50,2.316577920690179,Cmax
Golimumab,0.6,91,0.1,50,0,50,0.051462275350436876,Terminal clearance
Golimumab,0.6,91,1,50,0,50,2263.871571309397,AUC0-28d
Golimumab,0.6,91,1,50,0,50,23.165660083293915,Cmax
Golimumab,0.6,91,1,50,0,50,0.05138811142020142,Terminal clearance
Golimumab,0.6,91,3,50,0,50,6767.372272326482,AUC0-28d
Golimumab,0.6,91,3,50,0,50,69.49551621079445,Cmax
Golimumab,0.6,91,3,50,0,50,0.05155768634506448,Terminal clearance
Golimumab,0.6,91,10,50,0,50,22267.745551882777,AUC0-28d
Golimumab,0.6,91,10,50,0,50,231.63274562358856,Cmax
Golimumab,0.6,91,10,50,0,50,0.052193863410002095,Terminal clearance
Golimumab,0.6,91,30,50,0,50,64415.14361898728,AUC0-28d
Golimumab,0.6,91,30,50,0,50,694.68980884552,Cmax
Golimumab,0.6,91,30,50,0,50,0.0540369986789803,Terminal clearance
Golimumab,0.6,92,0.1,50,0,50,193.84111291328736,AUC0-28d
Golimumab,0.6,92,0.1,50,0,50,2.31623369269073,Cmax
Golimumab,0.6,92,0.1,50,0,50,0.06084420608627868,Terminal clearance
Golimumab,0.6,92,1,50,0,50,1943.5805902321,AUC0-28d
Golimumab,0.6,92,1,50,0,50,23.16218501329422,Cmax
Golimumab,0.6,92,1,50,0,50,0.06057239454732799,Terminal clearance
Golimumab,0.6,92,3,50,0,50,5810.20438688424,AUC0-28d
Golimumab,0.6,92,3,50,0,50,69.48488572239876,Cmax
Golimumab,0.6,92,3,50,0,50,0.0607595106354026,Terminal clearance
Golimumab,0.6,92,10,50,0,50,19106.351849996005,AUC0-28d
Golimumab,0.6,92,10,50,0,50,231.59480559825897,Cmax
Golimumab,0.6,92,10,50,0,50,0.06154352779453265,Terminal clearance
Golimumab,0.6,92,30,50,0,50,55183.92857821891,AUC0-28d
Golimumab,0.6,92,30,50,0,50,694.5526542663574,Cmax
Golimumab,0.6,92,30,50,0,50,0.0638161917269924,Terminal clearance
Golimumab,0.6,93,0.1,50,0,50,314.5393164981178,AUC0-28d
Golimumab,0.6,93,0.1,50,0,50,2.3171806326135993,Cmax
Golimumab,0.6,93,0.1,50,0,50,0.03509797544427709,Terminal clearance
Golimumab,0.6,93,1,50,0,50,3145.923785746442,AUC0-28d
Golimumab,0.6,93,1,50,0,50,23.171758957207203,Cmax
Golimumab,0.6,93,1,50,0,50,0.03502674884983972,Terminal clearance
Golimumab,0.6,93,3,50,0,50,9408.982972190792,AUC0-28d
Golimumab,0.6,93,3,50,0,50,69.51420664787292,Cmax
Golimumab,0.6,93,3,50,0,50,0.035123754524580275,Terminal clearance
Golimumab,0.6,93,10,50,0,50,31015.79322314464,AUC0-28d
Golimumab,0.6,93,10,50,0,50,231.69993370771408,Cmax
Golimumab,0.6,93,10,50,0,50,0.03549447317961702,Terminal clearance
Golimumab,0.6,93,30,50,0,50,90114.55510754787,AUC0-28d
Golimumab,0.6,93,30,50,0,50,694.9396777153015,Cmax
Golimumab,0.6,93,30,50,0,50,0.036590042008025035,Terminal clearance
Golimumab,0.6,94,0.1,50,0,50,313.72739090013,AUC0-28d
Golimumab,0.6,94,0.1,50,0,50,2.317176944576204,Cmax
Golimumab,0.6,94,0.1,50,0,50,0.03521740803048479,Terminal clearance
Golimumab,0.6,94,1,50,0,50,3138.274354766336,AUC0-28d
Golimumab,0.6,94,1,50,0,50,23.171719886362553,Cmax
Golimumab,0.6,94,1,50,0,50,0.03513417406103119,Terminal clearance
Golimumab,0.6,94,3,50,0,50,9386.167727414004,AUC0-28d
Golimumab,0.6,94,3,50,0,50,69.51408630609512,Cmax
Golimumab,0.6,94,3,50,0,50,0.03523085554145077,Terminal clearance
Golimumab,0.6,94,10,50,0,50,30940.254549559977,AUC0-28d
Golimumab,0.6,94,10,50,0,50,231.69950079917908,Cmax
Golimumab,0.6,94,10,50,0,50,0.035602942998968906,Terminal clearance
Golimumab,0.6,94,30,50,0,50,89891.87800402961,AUC0-28d
Golimumab,0.6,94,30,50,0,50,694.9380340576172,Cmax
Golimumab,0.6,94,30,50,0,50,0.03670306303564087,Terminal clearance
Golimumab,0.6,95,0.1,50,0,50,423.91727912903673,AUC0-28d
Golimumab,0.6,95,0.1,50,0,50,2.317613306455314,Cmax
Golimumab,0.6,95,0.1,50,0,50,0.023186225412918895,Terminal clearance
Golimumab,0.6,95,1,50,0,50,4239.253270179454,AUC0-28d
Golimumab,0.6,95,1,50,0,50,23.176099754869938,Cmax
Golimumab,0.6,95,1,50,0,50,0.02314199061793568,Terminal clearance
Golimumab,0.6,95,3,50,0,50,12685.826030349079,AUC0-28d
Golimumab,0.6,95,3,50,0,50,69.52753069996834,Cmax
Golimumab,0.6,95,3,50,0,50,0.02319496547806743,Terminal clearance
Golimumab,0.6,95,10,50,0,50,41899.32924817452,AUC0-28d
Golimumab,0.6,95,10,50,0,50,231.7482147216797,Cmax
Golimumab,0.6,95,10,50,0,50,0.023399950921423746,Terminal clearance
Golimumab,0.6,95,30,50,0,50,122365.41555736151,AUC0-28d
Golimumab,0.6,95,30,50,0,50,695.1254975795746,Cmax
Golimumab,0.6,95,30,50,0,50,0.02401254188970489,Terminal clearance
Golimumab,0.6,96,0.1,50,0,50,262.0190542697816,AUC0-28d
Golimumab,0.6,96,0.1,50,0,50,2.316870261915028,Cmax
Golimumab,0.6,96,0.1,50,0,50,0.04369012743081769,Terminal clearance
Golimumab,0.6,96,1,50,0,50,2622.9185917276327,AUC0-28d
Golimumab,0.6,96,1,50,0,50,23.16860018670559,Cmax
Golimumab,0.6,96,1,50,0,50,0.04356370803602662,Terminal clearance
Golimumab,0.6,96,3,50,0,50,7843.18693488962,AUC0-28d
Golimumab,0.6,96,3,50,0,50,69.5045191347599,Cmax
Golimumab,0.6,96,3,50,0,50,0.043689732398075325,Terminal clearance
Golimumab,0.6,96,10,50,0,50,25828.428259785032,AUC0-28d
Golimumab,0.6,96,10,50,0,50,231.66503190994263,Cmax
Golimumab,0.6,96,10,50,0,50,0.04419244770796814,Terminal clearance
Golimumab,0.6,96,30,50,0,50,74851.24883285932,AUC0-28d
Golimumab,0.6,96,30,50,0,50,694.8086965084076,Cmax
Golimumab,0.6,96,30,50,0,50,0.04566969856955372,Terminal clearance
Golimumab,0.6,97,0.1,50,0,50,130.70076128163242,AUC0-28d
Golimumab,0.6,97,0.1,50,0,50,2.3150422777980566,Cmax
Golimumab,0.6,97,0.1,50,0,50,0.09118338986884814,Terminal clearance
Golimumab,0.6,97,1,50,0,50,1306.4865067505425,AUC0-28d
Golimumab,0.6,97,1,50,0,50,23.150177612900734,Cmax
Golimumab,0.6,97,1,50,0,50,0.0911816682771162,Terminal clearance
Golimumab,0.6,97,3,50,0,50,3903.0115236235993,AUC0-28d
Golimumab,0.6,97,3,50,0,50,69.44825559854507,Cmax
Golimumab,0.6,97,3,50,0,50,0.09154226363636493,Terminal clearance
Golimumab,0.6,97,10,50,0,50,12816.818030665956,AUC0-28d
Golimumab,0.6,97,10,50,0,50,231.46544533967972,Cmax
Golimumab,0.6,97,10,50,0,50,0.09285726372179343,Terminal clearance
Golimumab,0.6,97,30,50,0,50,36930.81025544708,AUC0-28d
Golimumab,0.6,97,30,50,0,50,694.1029880046844,Cmax
Golimumab,0.6,97,30,50,0,50,0.09652123635354458,Terminal clearance
Golimumab,0.6,98,0.1,50,0,50,279.6912070558517,AUC0-28d
Golimumab,0.6,98,0.1,50,0,50,2.316985599696636,Cmax
Golimumab,0.6,98,0.1,50,0,50,0.04048259591183249,Terminal clearance
Golimumab,0.6,98,1,50,0,50,2797.6525253104774,AUC0-28d
Golimumab,0.6,98,1,50,0,50,23.16977273672819,Cmax
Golimumab,0.6,98,1,50,0,50,0.040401824961279816,Terminal clearance
Golimumab,0.6,98,3,50,0,50,8365.82471340714,AUC0-28d
Golimumab,0.6,98,3,50,0,50,69.5081134736538,Cmax
Golimumab,0.6,98,3,50,0,50,0.0405207841058562,Terminal clearance
Golimumab,0.6,98,10,50,0,50,27558.47270703177,AUC0-28d
Golimumab,0.6,98,10,50,0,50,231.6779601573944,Cmax
Golimumab,0.6,98,10,50,0,50,0.04097510009446303,Terminal clearance
Golimumab,0.6,98,30,50,0,50,79933.47544202734,AUC0-28d
Golimumab,0.6,98,30,50,0,50,694.8569111824036,Cmax
Golimumab,0.6,98,30,50,0,50,0.04230929342541111,Terminal clearance
Golimumab,0.6,99,0.1,50,0,50,209.54618641229675,AUC0-28d
Golimumab,0.6,99,0.1,50,0,50,2.316408349201083,Cmax
Golimumab,0.6,99,0.1,50,0,50,0.05593227578029579,Terminal clearance
Golimumab,0.6,99,1,50,0,50,2094.272092170941,AUC0-28d
Golimumab,0.6,99,1,50,0,50,23.163942240178585,Cmax
Golimumab,0.6,99,1,50,0,50,0.055919962400537496,Terminal clearance
Golimumab,0.6,99,3,50,0,50,6259.394490775555,AUC0-28d
Golimumab,0.6,99,3,50,0,50,69.49025845527649,Cmax
Golimumab,0.6,99,3,50,0,50,0.05611535658485481,Terminal clearance
Golimumab,0.6,99,10,50,0,50,20588.144309632105,AUC0-28d
Golimumab,0.6,99,10,50,0,50,231.6139538884163,Cmax
Golimumab,0.6,99,10,50,0,50,0.056830511378117614,Terminal clearance
Golimumab,0.6,99,30,50,0,50,59505.544768296095,AUC0-28d
Golimumab,0.6,99,30,50,0,50,694.62153840065,Cmax
Golimumab,0.6,99,30,50,0,50,0.05888826035409696,Terminal clearance
Golimumab,0.6,100,0.1,50,0,50,304.68290415047284,AUC0-28d
Golimumab,0.6,100,0.1,50,0,50,2.3171294163912535,Cmax
Golimumab,0.6,100,0.1,50,0,50,0.03650015049353851,Terminal clearance
Golimumab,0.6,100,1,50,0,50,3046.1773247076894,AUC0-28d
Golimumab,0.6,100,1,50,0,50,23.17123096436262,Cmax
Golimumab,0.6,100,1,50,0,50,0.03645683281923747,Terminal clearance
Golimumab,0.6,100,3,50,0,50,9109.899135211672,AUC0-28d
Golimumab,0.6,100,3,50,0,50,69.51258543133736,Cmax
Golimumab,0.6,100,3,50,0,50,0.036561845359567365,Terminal clearance
Golimumab,0.6,100,10,50,0,50,30023.844068240745,AUC0-28d
Golimumab,0.6,100,10,50,0,50,231.6940822005272,Cmax
Golimumab,0.6,100,10,50,0,50,0.03695519515122652,Terminal clearance
Golimumab,0.6,100,30,50,0,50,87190.03882688402,AUC0-28d
Golimumab,0.6,100,30,50,0,50,694.9175312519073,Cmax
Golimumab,0.6,100,30,50,0,50,0.0381137080013594,Terminal clearance
Nivolumab,0.3,1,0.1,50,0,50,376.4551369743941,AUC0-28d
Nivolumab,0.3,1,0.1,50,0,50,2.255575549155474,Cmax
Nivolumab,0.3,1,0.1,50,0,50,0.027309998199369065,Terminal clearance
Nivolumab,0.3,1,1,50,0,50,3766.98495147551,AUC0-28d
Nivolumab,0.3,1,1,50,0,50,22.556658113598825,Cmax
Nivolumab,0.3,1,1,50,0,50,0.027264788240680973,Terminal clearance
Nivolumab,0.3,1,3,50,0,50,11273.575835838921,AUC0-28d
Nivolumab,0.3,1,3,50,0,50,67.6695369207859,Cmax
Nivolumab,0.3,1,3,50,0,50,0.027319279483340873,Terminal clearance
Nivolumab,0.3,1,10,50,0,50,37215.99811225517,AUC0-28d
Nivolumab,0.3,1,10,50,0,50,225.55466519355775,Cmax
Nivolumab,0.3,1,10,50,0,50,0.027568432455279054,Terminal clearance
Nivolumab,0.3,1,30,50,0,50,108506.37463118156,AUC0-28d
Nivolumab,0.3,1,30,50,0,50,676.5367446041107,Cmax
Nivolumab,0.3,1,30,50,0,50,0.028327419941432,Terminal clearance
Nivolumab,0.3,2,0.1,50,0,50,304.1726318829422,AUC0-28d
Nivolumab,0.3,2,0.1,50,0,50,2.255241577476263,Cmax
Nivolumab,0.3,2,0.1,50,0,50,0.03632124693463907,Terminal clearance
Nivolumab,0.3,2,1,50,0,50,3043.6378918261776,AUC0-28d
Nivolumab,0.3,2,1,50,0,50,22.55351258814335,Cmax
Nivolumab,0.3,2,1,50,0,50,0.0362607295834285,Terminal clearance
Nivolumab,0.3,2,3,50,0,50,9104.26785949255,AUC0-28d
Nivolumab,0.3,2,3,50,0,50,67.65993508815765,Cmax
Nivolumab,0.3,2,3,50,0,50,0.0363542792776468,Terminal clearance
Nivolumab,0.3,2,10,50,0,50,30012.112054391746,AUC0-28d
Nivolumab,0.3,2,10,50,0,50,225.51995198011397,Cmax
Nivolumab,0.3,2,10,50,0,50,0.03673571990775718,Terminal clearance
Nivolumab,0.3,2,30,50,0,50,87192.39249064714,AUC0-28d
Nivolumab,0.3,2,30,50,0,50,676.403800945282,Cmax
Nivolumab,0.3,2,30,50,0,50,0.0378716232873712,Terminal clearance
Nivolumab,0.3,3,0.1,50,0,50,375.5653754679622,AUC0-28d
Nivolumab,0.3,3,0.1,50,0,50,2.2555487135052683,Cmax
Nivolumab,0.3,3,0.1,50,0,50,0.027412465977325114,Terminal clearance
Nivolumab,0.3,3,1,50,0,50,3758.0948458614653,AUC0-28d
Nivolumab,0.3,3,1,50,0,50,22.556602005660533,Cmax
Nivolumab,0.3,3,1,50,0,50,0.027355648639225766,Terminal clearance
Nivolumab,0.3,3,3,50,0,50,11245.502460676365,AUC0-28d
Nivolumab,0.3,3,3,50,0,50,67.66941447973251,Cmax
Nivolumab,0.3,3,3,50,0,50,0.027416136675446408,Terminal clearance
Nivolumab,0.3,3,10,50,0,50,37120.05813778136,AUC0-28d
Nivolumab,0.3,3,10,50,0,50,225.55426488876344,Cmax
Nivolumab,0.3,3,10,50,0,50,0.027670214782631163,Terminal clearance
Nivolumab,0.3,3,30,50,0,50,108218.88000481996,AUC0-28d
Nivolumab,0.3,3,30,50,0,50,676.5352206611633,Cmax
Nivolumab,0.3,3,30,50,0,50,0.02843455428747512,Terminal clearance
Nivolumab,0.3,4,0.1,50,0,50,391.1514204731402,AUC0-28d
Nivolumab,0.3,4,0.1,50,0,50,2.255609980262816,Cmax
Nivolumab,0.3,4,0.1,50,0,50,0.025823624200763964,Terminal clearance
Nivolumab,0.3,4,1,50,0,50,3913.2161117185483,AUC0-28d
Nivolumab,0.3,4,1,50,0,50,22.557150836586953,Cmax
Nivolumab,0.3,4,1,50,0,50,0.025781612130081094,Terminal clearance
Nivolumab,0.3,4,3,50,0,50,11710.554813937762,AUC0-28d
Nivolumab,0.3,4,3,50,0,50,67.6710832285881,Cmax
Nivolumab,0.3,4,3,50,0,50,0.02583706426810951,Terminal clearance
Nivolumab,0.3,4,10,50,0,50,38665.96192863961,AUC0-28d
Nivolumab,0.3,4,10,50,0,50,225.56030896902084,Cmax
Nivolumab,0.3,4,10,50,0,50,0.026070315029872615,Terminal clearance
Nivolumab,0.3,4,30,50,0,50,112809.90023085658,AUC0-28d
Nivolumab,0.3,4,30,50,0,50,676.5586729526519,Cmax
Nivolumab,0.3,4,30,50,0,50,0.02677356289174102,Terminal clearance
Nivolumab,0.3,5,0.1,50,0,50,270.71124586292535,AUC0-28d
Nivolumab,0.3,5,0.1,50,0,50,2.255045672878623,Cmax
Nivolumab,0.3,5,0.1,50,0,50,0.0418313841071887,Terminal clearance
Nivolumab,0.3,5,1,50,0,50,2708.8448068949083,AUC0-28d
Nivolumab,0.3,5,1,50,0,50,22.551579920947553,Cmax
Nivolumab,0.3,5,1,50,0,50,0.041767588687654164,Terminal clearance
Nivolumab,0.3,5,3,50,0,50,8101.265483181216,AUC0-28d
Nivolumab,0.3,5,3,50,0,50,67.65401614665986,Cmax
Nivolumab,0.3,5,3,50,0,50,0.04188387681668389,Terminal clearance
Nivolumab,0.3,5,10,50,0,50,26687.735214398,AUC0-28d
Nivolumab,0.3,5,10,50,0,50,225.49862008571625,Cmax
Nivolumab,0.3,5,10,50,0,50,0.04235119646277581,Terminal clearance
Nivolumab,0.3,5,30,50,0,50,77403.90825355513,AUC0-28d
Nivolumab,0.3,5,30,50,0,50,676.3234900569915,Cmax
Nivolumab,0.3,5,30,50,0,50,0.04373198124939801,Terminal clearance
Nivolumab,0.3,6,0.1,50,0,50,403.6858398816113,AUC0-28d
Nivolumab,0.3,6,0.1,50,0,50,2.255648985505104,Cmax
Nivolumab,0.3,6,0.1,50,0,50,0.024638979333121813,Terminal clearance
Nivolumab,0.3,6,1,50,0,50,4042.2006345274367,AUC0-28d
Nivolumab,0.3,6,1,50,0,50,22.55757335394621,Cmax
Nivolumab,0.3,6,1,50,0,50,0.02454992977668789,Terminal clearance
Nivolumab,0.3,6,3,50,0,50,12098.158190075485,AUC0-28d
Nivolumab,0.3,6,3,50,0,50,67.67238830924035,Cmax
Nivolumab,0.3,6,3,50,0,50,0.024596998429070278,Terminal clearance
Nivolumab,0.3,6,10,50,0,50,39955.78717998547,AUC0-28d
Nivolumab,0.3,6,10,50,0,50,225.56505571365358,Cmax
Nivolumab,0.3,6,10,50,0,50,0.024813106298607585,Terminal clearance
Nivolumab,0.3,6,30,50,0,50,116646.01538810601,AUC0-28d
Nivolumab,0.3,6,30,50,0,50,676.5771538066864,Cmax
Nivolumab,0.3,6,30,50,0,50,0.025469340210207896,Terminal clearance
Nivolumab,0.3,7,0.1,50,0,50,475.58418945342635,AUC0-28d
Nivolumab,0.3,7,0.1,50,0,50,2.2558505737781527,Cmax
Nivolumab,0.3,7,0.1,50,0,50,0.018729190941757574,Terminal clearance
Nivolumab,0.3,7,1,50,0,50,4760.70268951064,AUC0-28d
Nivolumab,0.3,7,1,50,0,50,22.55958564698696,Cmax
Nivolumab,0.3,7,1,50,0,50,0.018669888027109192,Terminal clearance
Nivolumab,0.3,7,3,50,0,50,14253.972403343323,AUC0-28d
Nivolumab,0.3,7,3,50,0,50,67.67856979846954,Cmax
Nivolumab,0.3,7,3,50,0,50,0.01869871277649541,Terminal clearance
Nivolumab,0.3,7,10,50,0,50,47135.67671919808,AUC0-28d
Nivolumab,0.3,7,10,50,0,50,225.58755893468856,Cmax
Nivolumab,0.3,7,10,50,0,50,0.018844397596389322,Terminal clearance
Nivolumab,0.3,7,30,50,0,50,138084.16671419152,AUC0-28d
Nivolumab,0.3,7,30,50,0,50,676.6656211662292,Cmax
Nivolumab,0.3,7,30,50,0,50,0.019293069316482902,Terminal clearance
Nivolumab,0.3,8,0.1,50,0,50,367.11059236604666,AUC0-28d
Nivolumab,0.3,8,0.1,50,0,50,2.2555244667828083,Cmax
Nivolumab,0.3,8,0.1,50,0,50,0.028310850623741342,Terminal clearance
Nivolumab,0.3,8,1,50,0,50,3674.1923961460016,AUC0-28d
Nivolumab,0.3,8,1,50,0,50,22.556301146149636,Cmax
Nivolumab,0.3,8,1,50,0,50,0.028254009772092227,Terminal clearance
Nivolumab,0.3,8,3,50,0,50,10995.263234498005,AUC0-28d
Nivolumab,0.3,8,3,50,0,50,67.66847767949105,Cmax
Nivolumab,0.3,8,3,50,0,50,0.02831185269434668,Terminal clearance
Nivolumab,0.3,8,10,50,0,50,36290.76114241785,AUC0-28d
Nivolumab,0.3,8,10,50,0,50,225.55085638046265,Cmax
Nivolumab,0.3,8,10,50,0,50,0.028574756235938265,Terminal clearance
Nivolumab,0.3,8,30,50,0,50,105760.9560221876,AUC0-28d
Nivolumab,0.3,8,30,50,0,50,676.5220266151429,Cmax
Nivolumab,0.3,8,30,50,0,50,0.029373343968558507,Terminal clearance
Nivolumab,0.3,9,0.1,50,0,50,280.27637886516817,AUC0-28d
Nivolumab,0.3,9,0.1,50,0,50,2.255154421441257,Cmax
Nivolumab,0.3,9,0.1,50,0,50,0.04012508956679483,Terminal clearance
Nivolumab,0.3,9,1,50,0,50,2802.8226844731844,AUC0-28d
Nivolumab,0.3,9,1,50,0,50,22.552209334969522,Cmax
Nivolumab,0.3,9,1,50,0,50,0.04010666962157091,Terminal clearance
Nivolumab,0.3,9,3,50,0,50,8383.017608777065,AUC0-28d
Nivolumab,0.3,9,3,50,0,50,67.65584162354469,Cmax
Nivolumab,0.3,9,3,50,0,50,0.04021584299130016,Terminal clearance
Nivolumab,0.3,9,10,50,0,50,27622.073141719462,AUC0-28d
Nivolumab,0.3,9,10,50,0,50,225.50509318828583,Cmax
Nivolumab,0.3,9,10,50,0,50,0.04065529858057321,Terminal clearance
Nivolumab,0.3,9,30,50,0,50,80153.09884849787,AUC0-28d
Nivolumab,0.3,9,30,50,0,50,676.347696313858,Cmax
Nivolumab,0.3,9,30,50,0,50,0.04196035884902732,Terminal clearance
Nivolumab,0.3,10,0.1,50,0,50,357.80165814699546,AUC0-28d
Nivolumab,0.3,10,0.1,50,0,50,2.255470365807414,Cmax
Nivolumab,0.3,10,0.1,50,0,50,0.029350695881051,Terminal clearance
Nivolumab,0.3,10,1,50,0,50,3580.2771263975487,AUC0-28d
Nivolumab,0.3,10,1,50,0,50,22.55592253178358,Cmax
Nivolumab,0.3,10,1,50,0,50,0.029295083755304995,Terminal clearance
Nivolumab,0.3,10,3,50,0,50,10712.538492854217,AUC0-28d
Nivolumab,0.3,10,3,50,0,50,67.6673529970646,Cmax
Nivolumab,0.3,10,3,50,0,50,0.029362088624235564,Terminal clearance
Nivolumab,0.3,10,10,50,0,50,35349.56512501327,AUC0-28d
Nivolumab,0.3,10,10,50,0,50,225.54680825471877,Cmax
Nivolumab,0.3,10,10,50,0,50,0.029642302435802213,Terminal clearance
Nivolumab,0.3,10,30,50,0,50,102969.10581315421,AUC0-28d
Nivolumab,0.3,10,30,50,0,50,676.5064300441742,Cmax
Nivolumab,0.3,10,30,50,0,50,0.030484310379751217,Terminal clearance
Nivolumab,0.3,11,0.1,50,0,50,330.3238354459801,AUC0-28d
Nivolumab,0.3,11,0.1,50,0,50,2.255365196056664,Cmax
Nivolumab,0.3,11,0.1,50,0,50,0.03267713194462654,Terminal clearance
Nivolumab,0.3,11,1,50,0,50,3304.9454927240577,AUC0-28d
Nivolumab,0.3,11,1,50,0,50,22.554776289463042,Cmax
Nivolumab,0.3,11,1,50,0,50,0.03263318313935753,Terminal clearance
Nivolumab,0.3,11,3,50,0,50,9887.746562657623,AUC0-28d
Nivolumab,0.3,11,3,50,0,50,67.66381334543229,Cmax
Nivolumab,0.3,11,3,50,0,50,0.0327106586946115,Terminal clearance
Nivolumab,0.3,11,10,50,0,50,32612.08966058338,AUC0-28d
Nivolumab,0.3,11,10,50,0,50,225.5339723944664,Cmax
Nivolumab,0.3,11,10,50,0,50,0.033036725875223764,Terminal clearance
Nivolumab,0.3,11,30,50,0,50,94869.10728797018,AUC0-28d
Nivolumab,0.3,11,30,50,0,50,676.457157049179,Cmax
Nivolumab,0.3,11,30,50,0,50,0.03401628352962899,Terminal clearance
Nivolumab,0.3,12,0.1,50,0,50,416.6178435615299,AUC0-28d
Nivolumab,0.3,12,0.1,50,0,50,2.255685306638479,Cmax
Nivolumab,0.3,12,0.1,50,0,50,0.023439190126086855,Terminal clearance
Nivolumab,0.3,12,1,50,0,50,4168.863941880923,AUC0-28d
Nivolumab,0.3,12,1,50,0,50,22.55796665340662,Cmax
Nivolumab,0.3,12,1,50,0,50,0.023397577245693024,Terminal clearance
Nivolumab,0.3,12,3,50,0,50,12478.517693737627,AUC0-28d
Nivolumab,0.3,12,3,50,0,50,67.6736035823822,Cmax
Nivolumab,0.3,12,3,50,0,50,0.02344047190689821,Terminal clearance
Nivolumab,0.3,12,10,50,0,50,41222.63540977958,AUC0-28d
Nivolumab,0.3,12,10,50,0,50,225.5694823884964,Cmax
Nivolumab,0.3,12,10,50,0,50,0.023640669023480027,Terminal clearance
Nivolumab,0.3,12,30,50,0,50,120419.34904415392,AUC0-28d
Nivolumab,0.3,12,30,50,0,50,676.5944504547119,Cmax
Nivolumab,0.3,12,30,50,0,50,0.02425353612457834,Terminal clearance
Nivolumab,0.3,13,0.1,50,0,50,413.36544067432845,AUC0-28d
Nivolumab,0.3,13,0.1,50,0,50,2.2556728515028954,Cmax
Nivolumab,0.3,13,0.1,50,0,50,0.023732020668582,Terminal clearance
Nivolumab,0.3,13,1,50,0,50,4135.594755164982,AUC0-28d
Nivolumab,0.3,13,1,50,0,50,22.5578602463007,Cmax
Nivolumab,0.3,13,1,50,0,50,0.02369364904982644,Terminal clearance
Nivolumab,0.3,13,3,50,0,50,12377.944020168805,AUC0-28d
Nivolumab,0.3,13,3,50,0,50,67.6732845568657,Cmax
Nivolumab,0.3,13,3,50,0,50,0.023740252183955247,Terminal clearance
Nivolumab,0.3,13,10,50,0,50,40886.634114881526,AUC0-28d
Nivolumab,0.3,13,10,50,0,50,225.56832655191423,Cmax
Nivolumab,0.3,13,10,50,0,50,0.023945728417580893,Terminal clearance
Nivolumab,0.3,13,30,50,0,50,119417.18278047319,AUC0-28d
Nivolumab,0.3,13,30,50,0,50,676.5899371051788,Cmax
Nivolumab,0.3,13,30,50,0,50,0.024570221870451107,Terminal clearance
Nivolumab,0.3,14,0.1,50,0,50,369.38447817681345,AUC0-28d
Nivolumab,0.3,14,0.1,50,0,50,2.255523338206112,Cmax
Nivolumab,0.3,14,0.1,50,0,50,0.028076067966905788,Terminal clearance
Nivolumab,0.3,14,1,50,0,50,3698.8079125818163,AUC0-28d
Nivolumab,0.3,14,1,50,0,50,22.556384296417235,Cmax
Nivolumab,0.3,14,1,50,0,50,0.02798851637117965,Terminal clearance
Nivolumab,0.3,14,3,50,0,50,11069.07670245219,AUC0-28d
Nivolumab,0.3,14,3,50,0,50,67.66875423789024,Cmax
Nivolumab,0.3,14,3,50,0,50,0.028044516271353535,Terminal clearance
Nivolumab,0.3,14,10,50,0,50,36535.64802097617,AUC0-28d
Nivolumab,0.3,14,10,50,0,50,225.55187350273133,Cmax
Nivolumab,0.3,14,10,50,0,50,0.028304197008831872,Terminal clearance
Nivolumab,0.3,14,30,50,0,50,106486.71000887922,AUC0-28d
Nivolumab,0.3,14,30,50,0,50,676.5259697914123,Cmax
Nivolumab,0.3,14,30,50,0,50,0.029092375157322124,Terminal clearance
Nivolumab,0.3,15,0.1,50,0,50,436.33416670449037,AUC0-28d
Nivolumab,0.3,15,0.1,50,0,50,2.255749121531844,Cmax
Nivolumab,0.3,15,0.1,50,0,50,0.02175768858631253,Terminal clearance
Nivolumab,0.3,15,1,50,0,50,4367.847874847434,AUC0-28d
Nivolumab,0.3,15,1,50,0,50,22.558554818630217,Cmax
Nivolumab,0.3,15,1,50,0,50,0.02169698936038477,Terminal clearance
Nivolumab,0.3,15,3,50,0,50,13075.680790237273,AUC0-28d
Nivolumab,0.3,15,3,50,0,50,67.67539807915688,Cmax
Nivolumab,0.3,15,3,50,0,50,0.0217330634439792,Terminal clearance
Nivolumab,0.3,15,10,50,0,50,43210.51590748006,AUC0-28d
Nivolumab,0.3,15,10,50,0,50,225.5760007429123,Cmax
Nivolumab,0.3,15,10,50,0,50,0.02191242809830716,Terminal clearance
Nivolumab,0.3,15,30,50,0,50,126346.82572151002,AUC0-28d
Nivolumab,0.3,15,30,50,0,50,676.6200080013275,Cmax
Nivolumab,0.3,15,30,50,0,50,0.02246405002210506,Terminal clearance
Nivolumab,0.3,16,0.1,50,0,50,474.1148298566717,AUC0-28d
Nivolumab,0.3,16,0.1,50,0,50,2.25582602519542,Cmax
Nivolumab,0.3,16,0.1,50,0,50,0.018845187554947296,Terminal clearance
Nivolumab,0.3,16,1,50,0,50,4746.193752095036,AUC0-28d
Nivolumab,0.3,16,1,50,0,50,22.559531018435955,Cmax
Nivolumab,0.3,16,1,50,0,50,0.01877280087100104,Terminal clearance
Nivolumab,0.3,16,3,50,0,50,14208.920086877242,AUC0-28d
Nivolumab,0.3,16,3,50,0,50,67.67844265818596,Cmax
Nivolumab,0.3,16,3,50,0,50,0.01880638743910715,Terminal clearance
Nivolumab,0.3,16,10,50,0,50,46982.9404466248,AUC0-28d
Nivolumab,0.3,16,10,50,0,50,225.58713026046752,Cmax
Nivolumab,0.3,16,10,50,0,50,0.018955723593409697,Terminal clearance
Nivolumab,0.3,16,30,50,0,50,137624.05417681308,AUC0-28d
Nivolumab,0.3,16,30,50,0,50,676.6639384937287,Cmax
Nivolumab,0.3,16,30,50,0,50,0.019408916557893362,Terminal clearance
Nivolumab,0.3,17,0.1,50,0,50,358.44581631171474,AUC0-28d
Nivolumab,0.3,17,0.1,50,0,50,2.255476160980761,Cmax
Nivolumab,0.3,17,0.1,50,0,50,0.029275250998681297,Terminal clearance
Nivolumab,0.3,17,1,50,0,50,3587.417759733956,AUC0-28d
Nivolumab,0.3,17,1,50,0,50,22.555954751968383,Cmax
Nivolumab,0.3,17,1,50,0,50,0.0292156609068122,Terminal clearance
Nivolumab,0.3,17,3,50,0,50,10734.678755315275,AUC0-28d
Nivolumab,0.3,17,3,50,0,50,67.66744585037232,Cmax
Nivolumab,0.3,17,3,50,0,50,0.029278868039793238,Terminal clearance
Nivolumab,0.3,17,10,50,0,50,35424.27526858149,AUC0-28d
Nivolumab,0.3,17,10,50,0,50,225.54713928937912,Cmax
Nivolumab,0.3,17,10,50,0,50,0.029556116417983704,Terminal clearance
Nivolumab,0.3,17,30,50,0,50,103191.6079452342,AUC0-28d
Nivolumab,0.3,17,30,50,0,50,676.507697095871,Cmax
Nivolumab,0.3,17,30,50,0,50,0.030394056965021465,Terminal clearance
Nivolumab,0.3,18,0.1,50,0,50,331.6698768994912,AUC0-28d
Nivolumab,0.3,18,0.1,50,0,50,2.25541281927377,Cmax
Nivolumab,0.3,18,0.1,50,0,50,0.032493152595312304,Terminal clearance
Nivolumab,0.3,18,1,50,0,50,3315.9077723353307,AUC0-28d
Nivolumab,0.3,18,1,50,0,50,22.554863660335542,Cmax
Nivolumab,0.3,18,1,50,0,50,0.032489785286201285,Terminal clearance
Nivolumab,0.3,18,3,50,0,50,9920.501381930302,AUC0-28d
Nivolumab,0.3,18,3,50,0,50,67.66399339556693,Cmax
Nivolumab,0.3,18,3,50,0,50,0.032568916589047085,Terminal clearance
Nivolumab,0.3,18,10,50,0,50,32721.47406673253,AUC0-28d
Nivolumab,0.3,18,10,50,0,50,225.53453960895538,Cmax
Nivolumab,0.3,18,10,50,0,50,0.032892279446497266,Terminal clearance
Nivolumab,0.3,18,30,50,0,50,95193.6159395021,AUC0-28d
Nivolumab,0.3,18,30,50,0,50,676.4592671775818,Cmax
Nivolumab,0.3,18,30,50,0,50,0.03386523885582839,Terminal clearance
Nivolumab,0.3,19,0.1,50,0,50,400.59350942966734,AUC0-28d
Nivolumab,0.3,19,0.1,50,0,50,2.2556323043256996,Cmax
Nivolumab,0.3,19,0.1,50,0,50,0.024908835894565006,Terminal clearance
Nivolumab,0.3,19,1,50,0,50,4006.701931072116,AUC0-28d
Nivolumab,0.3,19,1,50,0,50,22.557452414035797,Cmax
Nivolumab,0.3,19,1,50,0,50,0.02488008041930293,Terminal clearance
Nivolumab,0.3,19,3,50,0,50,11990.502979220793,AUC0-28d
Nivolumab,0.3,19,3,50,0,50,67.67202759981156,Cmax
Nivolumab,0.3,19,3,50,0,50,0.024934197617800045,Terminal clearance
Nivolumab,0.3,19,10,50,0,50,39596.39010131035,AUC0-28d
Nivolumab,0.3,19,10,50,0,50,225.56375367879866,Cmax
Nivolumab,0.3,19,10,50,0,50,0.02515651938150672,Terminal clearance
Nivolumab,0.3,19,30,50,0,50,115575.7496931974,AUC0-28d
Nivolumab,0.3,19,30,50,0,50,676.5720946502686,Cmax
Nivolumab,0.3,19,30,50,0,50,0.025825960139579544,Terminal clearance
Nivolumab,0.3,20,0.1,50,0,50,368.83459497999615,AUC0-28d
Nivolumab,0.3,20,0.1,50,0,50,2.2555469050630927,Cmax
Nivolumab,0.3,20,0.1,50,0,50,0.028120798785783562,Terminal clearance
Nivolumab,0.3,20,1,50,0,50,3689.7341649315053,AUC0-28d
Nivolumab,0.3,20,1,50,0,50,22.556372961699964,Cmax
Nivolumab,0.3,20,1,50,0,50,0.0280831860747032,Terminal clearance
Nivolumab,0.3,20,3,50,0,50,11040.79777231474,AUC0-28d
Nivolumab,0.3,20,3,50,0,50,67.66866129755974,Cmax
Nivolumab,0.3,20,3,50,0,50,0.028145620703228753,Terminal clearance
Nivolumab,0.3,20,10,50,0,50,36440.4552491544,AUC0-28d
Nivolumab,0.3,20,10,50,0,50,225.55148555517198,Cmax
Nivolumab,0.3,20,10,50,0,50,0.028408688890600522,Terminal clearance
Nivolumab,0.3,20,30,50,0,50,106203.3666518986,AUC0-28d
Nivolumab,0.3,20,30,50,0,50,676.5244437599182,Cmax
Nivolumab,0.3,20,30,50,0,50,0.02920152411439307,Terminal clearance
Nivolumab,0.3,21,0.1,50,0,50,347.3456065232853,AUC0-28d
Nivolumab,0.3,21,0.1,50,0,50,2.2554427578300236,Cmax
Nivolumab,0.3,21,0.1,50,0,50,0.030559334224723227,Terminal clearance
Nivolumab,0.3,21,1,50,0,50,3475.0280127306137,AUC0-28d
Nivolumab,0.3,21,1,50,0,50,22.5555132201314,Cmax
Nivolumab,0.3,21,1,50,0,50,0.030519512847576293,Terminal clearance
Nivolumab,0.3,21,3,50,0,50,10397.457913566508,AUC0-28d
Nivolumab,0.3,21,3,50,0,50,67.66606532096863,Cmax
Nivolumab,0.3,21,3,50,0,50,0.03058950317905559,Terminal clearance
Nivolumab,0.3,21,10,50,0,50,34304.059710431626,AUC0-28d
Nivolumab,0.3,21,10,50,0,50,225.54211529016496,Cmax
Nivolumab,0.3,21,10,50,0,50,0.030885521537869293,Terminal clearance
Nivolumab,0.3,21,30,50,0,50,99873.750991807,AUC0-28d
Nivolumab,0.3,21,30,50,0,50,676.4883529758454,Cmax
Nivolumab,0.3,21,30,50,0,50,0.03177700627111018,Terminal clearance
Nivolumab,0.3,22,0.1,50,0,50,401.85216991187133,AUC0-28d
Nivolumab,0.3,22,0.1,50,0,50,2.2556519605964422,Cmax
Nivolumab,0.3,22,0.1,50,0,50,0.024802084717094493,Terminal clearance
Nivolumab,0.3,22,1,50,0,50,4024.710979390448,AUC0-28d
Nivolumab,0.3,22,1,50,0,50,22.55752686202526,Cmax
Nivolumab,0.3,22,1,50,0,50,0.02471714735178576,Terminal clearance
Nivolumab,0.3,22,3,50,0,50,12047.793321123347,AUC0-28d
Nivolumab,0.3,22,3,50,0,50,67.67223140716553,Cmax
Nivolumab,0.3,22,3,50,0,50,0.024756483350597967,Terminal clearance
Nivolumab,0.3,22,10,50,0,50,39791.82894049319,AUC0-28d
Nivolumab,0.3,22,10,50,0,50,225.5644738793373,Cmax
Nivolumab,0.3,22,10,50,0,50,0.024970074067312303,Terminal clearance
Nivolumab,0.3,22,30,50,0,50,116161.77850975566,AUC0-28d
Nivolumab,0.3,22,30,50,0,50,676.5748856449127,Cmax
Nivolumab,0.3,22,30,50,0,50,0.025630377034375585,Terminal clearance
Nivolumab,0.3,23,0.1,50,0,50,467.61878207669145,AUC0-28d
Nivolumab,0.3,23,0.1,50,0,50,2.2558024501800538,Cmax
Nivolumab,0.3,23,0.1,50,0,50,0.019311975635749955,Terminal clearance
Nivolumab,0.3,23,1,50,0,50,4680.486140865335,AUC0-28d
Nivolumab,0.3,23,1,50,0,50,22.559361389279367,Cmax
Nivolumab,0.3,23,1,50,0,50,0.019254680829394372,Terminal clearance
Nivolumab,0.3,23,3,50,0,50,14012.614990559676,AUC0-28d
Nivolumab,0.3,23,3,50,0,50,67.67793810009957,Cmax
Nivolumab,0.3,23,3,50,0,50,0.019287165265163008,Terminal clearance
Nivolumab,0.3,23,10,50,0,50,46330.02447394486,AUC0-28d
Nivolumab,0.3,23,10,50,0,50,225.58530504465102,Cmax
Nivolumab,0.3,23,10,50,0,50,0.019440381464827964,Terminal clearance
Nivolumab,0.3,23,30,50,0,50,135670.05936217174,AUC0-28d
Nivolumab,0.3,23,30,50,0,50,676.6567211723327,Cmax
Nivolumab,0.3,23,30,50,0,50,0.019908897262170794,Terminal clearance
Nivolumab,0.3,24,0.1,50,0,50,310.0235257782827,AUC0-28d
Nivolumab,0.3,24,0.1,50,0,50,2.2552930922433734,Cmax
Nivolumab,0.3,24,0.1,50,0,50,0.03545294469827432,Terminal clearance
Nivolumab,0.3,24,1,50,0,50,3101.465755545668,AUC0-28d
Nivolumab,0.3,24,1,50,0,50,22.55383011251688,Cmax
Nivolumab,0.3,24,1,50,0,50,0.03541378021202118,Terminal clearance
Nivolumab,0.3,24,3,50,0,50,9277.931959004409,AUC0-28d
Nivolumab,0.3,24,3,50,0,50,67.66086014032363,Cmax
Nivolumab,0.3,24,3,50,0,50,0.03550228805459022,Terminal clearance
Nivolumab,0.3,24,10,50,0,50,30588.90421099172,AUC0-28d
Nivolumab,0.3,24,10,50,0,50,225.52324840307236,Cmax
Nivolumab,0.3,24,10,50,0,50,0.03586939206862272,Terminal clearance
Nivolumab,0.3,24,30,50,0,50,88894.63493001941,AUC0-28d
Nivolumab,0.3,24,30,50,0,50,676.4162793159485,Cmax
Nivolumab,0.3,24,30,50,0,50,0.03696771744607221,Terminal clearance
Nivolumab,0.3,25,0.1,50,0,50,361.60060482349206,AUC0-28d
Nivolumab,0.3,25,0.1,50,0,50,2.255512590892613,Cmax
Nivolumab,0.3,25,0.1,50,0,50,0.02891815127964692,Terminal clearance
Nivolumab,0.3,25,1,50,0,50,3618.866519275902,AUC0-28d
Nivolumab,0.3,25,1,50,0,50,22.55609851360321,Cmax
Nivolumab,0.3,25,1,50,0,50,0.02886331356079559,Terminal clearance
Nivolumab,0.3,25,3,50,0,50,10829.41667340254,AUC0-28d
Nivolumab,0.3,25,3,50,0,50,67.66783780097961,Cmax
Nivolumab,0.3,25,3,50,0,50,0.02892323198656346,Terminal clearance
Nivolumab,0.3,25,10,50,0,50,35739.86702844515,AUC0-28d
Nivolumab,0.3,25,10,50,0,50,225.54851616382598,Cmax
Nivolumab,0.3,25,10,50,0,50,0.029194304212981807,Terminal clearance
Nivolumab,0.3,25,30,50,0,50,104127.82978764568,AUC0-28d
Nivolumab,0.3,25,30,50,0,50,676.5129929542542,Cmax
Nivolumab,0.3,25,30,50,0,50,0.030017307092323017,Terminal clearance
Nivolumab,0.3,26,0.1,50,0,50,429.3252254467026,AUC0-28d
Nivolumab,0.3,26,0.1,50,0,50,2.2557273277640344,Cmax
Nivolumab,0.3,26,0.1,50,0,50,0.02234048744213021,Terminal clearance
Nivolumab,0.3,26,1,50,0,50,4296.454510540497,AUC0-28d
Nivolumab,0.3,26,1,50,0,50,22.558348117768766,Cmax
Nivolumab,0.3,26,1,50,0,50,0.02229242426651023,Terminal clearance
Nivolumab,0.3,26,3,50,0,50,12861.18184794764,AUC0-28d
Nivolumab,0.3,26,3,50,0,50,67.67476812124252,Cmax
Nivolumab,0.3,26,3,50,0,50,0.022331743345093764,Terminal clearance
Nivolumab,0.3,26,10,50,0,50,42496.046769551554,AUC0-28d
Nivolumab,0.3,26,10,50,0,50,225.5737148284912,Cmax
Nivolumab,0.3,26,10,50,0,50,0.022518654551390457,Terminal clearance
Nivolumab,0.3,26,30,50,0,50,124214.87049933634,AUC0-28d
Nivolumab,0.3,26,30,50,0,50,676.6110321235657,Cmax
Nivolumab,0.3,26,30,50,0,50,0.023091640995313113,Terminal clearance
Nivolumab,0.3,27,0.1,50,0,50,381.6582548948852,AUC0-28d
Nivolumab,0.3,27,0.1,50,0,50,2.255568146780133,Cmax
Nivolumab,0.3,27,0.1,50,0,50,0.026782211055221564,Terminal clearance
Nivolumab,0.3,27,1,50,0,50,3820.669963745466,AUC0-28d
Nivolumab,0.3,27,1,50,0,50,22.556824327111244,Cmax
Nivolumab,0.3,27,1,50,0,50,0.026710771756878766,Terminal clearance
Nivolumab,0.3,27,3,50,0,50,11434.242441352784,AUC0-28d
Nivolumab,0.3,27,3,50,0,50,67.67010413527488,Cmax
Nivolumab,0.3,27,3,50,0,50,0.026763771149800605,Terminal clearance
Nivolumab,0.3,27,10,50,0,50,37749.03078310386,AUC0-28d
Nivolumab,0.3,27,10,50,0,50,225.55677410364152,Cmax
Nivolumab,0.3,27,10,50,0,50,0.02700676518377351,Terminal clearance
Nivolumab,0.3,27,30,50,0,50,110087.56399870165,AUC0-28d
Nivolumab,0.3,27,30,50,0,50,676.5449546813965,Cmax
Nivolumab,0.3,27,30,50,0,50,0.027744628917637487,Terminal clearance
Nivolumab,0.3,28,0.1,50,0,50,380.47267388181575,AUC0-28d
Nivolumab,0.3,28,0.1,50,0,50,2.2555345315113664,Cmax
Nivolumab,0.3,28,0.1,50,0,50,0.026904488884159392,Terminal clearance
Nivolumab,0.3,28,1,50,0,50,3809.795716324309,AUC0-28d
Nivolumab,0.3,28,1,50,0,50,22.556762845516204,Cmax
Nivolumab,0.3,28,1,50,0,50,0.026823102344400915,Terminal clearance
Nivolumab,0.3,28,3,50,0,50,11402.149976400653,AUC0-28d
Nivolumab,0.3,28,3,50,0,50,67.669973601102825,Cmax
Nivolumab,0.3,28,3,50,0,50,0.02687408174920679,Terminal clearance
Nivolumab,0.3,28,10,50,0,50,37643.08656061557,AUC0-28d
Nivolumab,0.3,28,10,50,0,50,225.55634821414947,Cmax
Nivolumab,0.3,28,10,50,0,50,0.02711748109701856,Terminal clearance
Nivolumab,0.3,28,30,50,0,50,109773.66553604565,AUC0-28d
Nivolumab,0.3,28,30,50,0,50,676.5433353614807,Cmax
Nivolumab,0.3,28,30,50,0,50,0.027859235268091042,Terminal clearance
Nivolumab,0.3,29,0.1,50,0,50,429.03813046677186,AUC0-28d
Nivolumab,0.3,29,0.1,50,0,50,2.2557260278612374,Cmax
Nivolumab,0.3,29,0.1,50,0,50,0.022381879079687104,Terminal clearance
Nivolumab,0.3,29,1,50,0,50,4300.18817476915,AUC0-28d
Nivolumab,0.3,29,1,50,0,50,22.558361845612527,Cmax
Nivolumab,0.3,29,1,50,0,50,0.02226671450474274,Terminal clearance
Nivolumab,0.3,29,3,50,0,50,12874.990159378796,AUC0-28d
Nivolumab,0.3,29,3,50,0,50,67.67481250286102,Cmax
Nivolumab,0.3,29,3,50,0,50,0.02229464177736786,Terminal clearance
Nivolumab,0.3,29,10,50,0,50,42545.35303682417,AUC0-28d
Nivolumab,0.3,29,10,50,0,50,225.57387825727463,Cmax
Nivolumab,0.3,29,10,50,0,50,0.02247693003038763,Terminal clearance
Nivolumab,0.3,29,30,50,0,50,124364.85565339812,AUC0-28d
Nivolumab,0.3,29,30,50,0,50,676.6116733074189,Cmax
Nivolumab,0.3,29,30,50,0,50,0.02304716418869038,Terminal clearance
Nivolumab,0.3,30,0.1,50,0,50,288.7398273584558,AUC0-28d
Nivolumab,0.3,30,0.1,50,0,50,2.255168168321252,Cmax
Nivolumab,0.3,30,0.1,50,0,50,0.03871683199766362,Terminal clearance
Nivolumab,0.3,30,1,50,0,50,2887.6117138187165,AUC0-28d
Nivolumab,0.3,30,1,50,0,50,22.552672035098077,Cmax
Nivolumab,0.3,30,1,50,0,50,0.03868821237133237,Terminal clearance
Nivolumab,0.3,30,3,50,0,50,8636.278765152349,AUC0-28d
Nivolumab,0.3,30,3,50,0,50,67.6573323237896,Cmax
Nivolumab,0.3,30,3,50,0,50,0.03879583060833651,Terminal clearance
Nivolumab,0.3,30,10,50,0,50,28459.942441550327,AUC0-28d
Nivolumab,0.3,30,10,50,0,50,225.51053889989853,Cmax
Nivolumab,0.3,30,10,50,0,50,0.03921621329852887,Terminal clearance
Nivolumab,0.3,30,30,50,0,50,82617.90524222392,AUC0-28d
Nivolumab,0.3,30,30,50,0,50,676.368223247528,Cmax
Nivolumab,0.3,30,30,50,0,50,0.0404596120107956,Terminal clearance
Nivolumab,0.3,31,0.1,50,0,50,368.45484346047664,AUC0-28d
Nivolumab,0.3,31,0.1,50,0,50,2.25550738312304,Cmax
Nivolumab,0.3,31,0.1,50,0,50,0.028169428503540324,Terminal clearance
Nivolumab,0.3,31,1,50,0,50,3686.688015828311,AUC0-28d
Nivolumab,0.3,31,1,50,0,50,22.556326687335968,Cmax
Nivolumab,0.3,31,1,50,0,50,0.028115746397694666,Terminal clearance
Nivolumab,0.3,31,3,50,0,50,11031.307091405,AUC0-28d
Nivolumab,0.3,31,3,50,0,50,67.66860020756721,Cmax
Nivolumab,0.3,31,3,50,0,50,0.028179541821425444,Terminal clearance
Nivolumab,0.3,31,10,50,0,50,36408.15485574122,AUC0-28d
Nivolumab,0.3,31,10,50,0,50,225.55133552789687,Cmax
Nivolumab,0.3,31,10,50,0,50,0.028444139234031655,Terminal clearance
Nivolumab,0.3,31,30,50,0,50,106106.7509340795,AUC0-28d
Nivolumab,0.3,31,30,50,0,50,676.5239056110382,Cmax
Nivolumab,0.3,31,30,50,0,50,0.029238811935412706,Terminal clearance
Nivolumab,0.3,32,0.1,50,0,50,420.9185945227093,AUC0-28d
Nivolumab,0.3,32,0.1,50,0,50,2.2557094473019244,Cmax
Nivolumab,0.3,32,0.1,50,0,50,0.023069959379001866,Terminal clearance
Nivolumab,0.3,32,1,50,0,50,4212.051835649095,AUC0-28d
Nivolumab,0.3,32,1,50,0,50,22.558104997873308,Cmax
Nivolumab,0.3,32,1,50,0,50,0.023016159718318573,Terminal clearance
Nivolumab,0.3,32,3,50,0,50,12606.841390490366,AUC0-28d
Nivolumab,0.3,32,3,50,0,50,67.67400449633598,Cmax
Nivolumab,0.3,32,3,50,0,50,0.02306169632573336,Terminal clearance
Nivolumab,0.3,32,10,50,0,50,41647.38814822475,AUC0-28d
Nivolumab,0.3,32,10,50,0,50,225.5709175682068,Cmax
Nivolumab,0.3,32,10,50,0,50,0.023259839046773825,Terminal clearance
Nivolumab,0.3,32,30,50,0,50,121682.54034953042,AUC0-28d
Nivolumab,0.3,32,30,50,0,50,676.6000554180146,Cmax
Nivolumab,0.3,32,30,50,0,50,0.02386008445540861,Terminal clearance
Nivolumab,0.3,33,0.1,50,0,50,483.3842926561852,AUC0-28d
Nivolumab,0.3,33,0.1,50,0,50,2.255865753814578,Cmax
Nivolumab,0.3,33,0.1,50,0,50,0.018184138286827044,Terminal clearance
Nivolumab,0.3,33,1,50,0,50,4841.321501520452,AUC0-28d
Nivolumab,0.3,33,1,50,0,50,22.559777858555318,Cmax
Nivolumab,0.3,33,1,50,0,50,0.01809685235878894,Terminal clearance
Nivolumab,0.3,33,3,50,0,50,14495.928379832303,AUC0-28d
Nivolumab,0.3,33,3,50,0,50,67.67916781902314,Cmax
Nivolumab,0.3,33,3,50,0,50,0.018123571331188516,Terminal clearance
Nivolumab,0.3,33,10,50,0,50,47942.09070693139,AUC0-28d
Nivolumab,0.3,33,10,50,0,50,225.58974912405014,Cmax
Nivolumab,0.3,33,10,50,0,50,0.018263323338558422,Terminal clearance
Nivolumab,0.3,33,30,50,0,50,140500.96805097657,AUC0-28d
Nivolumab,0.3,33,30,50,0,50,676.6742955970764,Cmax
Nivolumab,0.3,33,30,50,0,50,0.01869350723273244,Terminal clearance
Nivolumab,0.3,34,0.1,50,0,50,373.08684922946065,AUC0-28d
Nivolumab,0.3,34,0.1,50,0,50,2.255549251958728,Cmax
Nivolumab,0.3,34,0.1,50,0,50,0.027661427725198334,Terminal clearance
Nivolumab,0.3,34,1,50,0,50,3731.117282539701,AUC0-28d
Nivolumab,0.3,34,1,50,0,50,22.55651232868433,Cmax
Nivolumab,0.3,34,1,50,0,50,0.027639148337196894,Terminal clearance
Nivolumab,0.3,34,3,50,0,50,11164.434621543889,AUC0-28d
Nivolumab,0.3,34,3,50,0,50,67.66911868929863,Cmax
Nivolumab,0.3,34,3,50,0,50,0.02770221483712489,Terminal clearance
Nivolumab,0.3,34,10,50,0,50,36850.74064802788,AUC0-28d
Nivolumab,0.3,34,10,50,0,50,225.55317257881165,Cmax
Nivolumab,0.3,34,10,50,0,50,0.027960163120020143,Terminal clearance
Nivolumab,0.3,34,30,50,0,50,107419.96879224843,AUC0-28d
Nivolumab,0.3,34,30,50,0,50,676.5309829998016,Cmax
Nivolumab,0.3,34,30,50,0,50,0.028735698576587407,Terminal clearance
Nivolumab,0.3,35,0.1,50,0,50,437.46707221001384,AUC0-28d
Nivolumab,0.3,35,0.1,50,0,50,2.2557559337839486,Cmax
Nivolumab,0.3,35,0.1,50,0,50,0.021661486186804326,Terminal clearance
Nivolumab,0.3,35,1,50,0,50,4376.037929649234,AUC0-28d
Nivolumab,0.3,35,1,50,0,50,22.55857905447483,Cmax
Nivolumab,0.3,35,1,50,0,50,0.021626121174351146,Terminal clearance
Nivolumab,0.3,35,3,50,0,50,13098.058405535587,AUC0-28d
Nivolumab,0.3,35,3,50,0,50,67.67546204090118,Cmax
Nivolumab,0.3,35,3,50,0,50,0.021669833854519288,Terminal clearance
Nivolumab,0.3,35,10,50,0,50,43281.70027278986,AUC0-28d
Nivolumab,0.3,35,10,50,0,50,225.57622404336928,Cmax
Nivolumab,0.3,35,10,50,0,50,0.021852231815249774,Terminal clearance
Nivolumab,0.3,35,30,50,0,50,126556.10818122949,AUC0-28d
Nivolumab,0.3,35,30,50,0,50,676.6208740520477,Cmax
Nivolumab,0.3,35,30,50,0,50,0.022403090551457124,Terminal clearance
Nivolumab,0.3,36,0.1,50,0,50,342.36949217285104,AUC0-28d
Nivolumab,0.3,36,0.1,50,0,50,2.2554261827096345,Cmax
Nivolumab,0.3,36,0.1,50,0,50,0.03118332480319274,Terminal clearance
Nivolumab,0.3,36,1,50,0,50,3429.7152651524975,AUC0-28d
Nivolumab,0.3,36,1,50,0,50,22.5553277528286,Cmax
Nivolumab,0.3,36,1,50,0,50,0.031070375474522408,Terminal clearance
Nivolumab,0.3,36,3,50,0,50,10262.93375440551,AUC0-28d
Nivolumab,0.3,36,3,50,0,50,67.66549375534058,Cmax
Nivolumab,0.3,36,3,50,0,50,0.03113358623934128,Terminal clearance
Nivolumab,0.3,36,10,50,0,50,33858.851997297694,AUC0-28d
Nivolumab,0.3,36,10,50,0,50,225.54004240751266,Cmax
Nivolumab,0.3,36,10,50,0,50,0.031434490676522084,Terminal clearance
Nivolumab,0.3,36,30,50,0,50,98557.2866332772,AUC0-28d
Nivolumab,0.3,36,30,50,0,50,676.4803914356231,Cmax
Nivolumab,0.3,36,30,50,0,50,0.03234756862160732,Terminal clearance
Nivolumab,0.3,37,0.1,50,0,50,455.169448024195,AUC0-28d
Nivolumab,0.3,37,0.1,50,0,50,2.255790582448244,Cmax
Nivolumab,0.3,37,0.1,50,0,50,0.02025238161515558,Terminal clearance
Nivolumab,0.3,37,1,50,0,50,4555.557407218386,AUC0-28d
Nivolumab,0.3,37,1,50,0,50,22.559056330919265,Cmax
Nivolumab,0.3,37,1,50,0,50,0.02019894178320998,Terminal clearance
Nivolumab,0.3,37,3,50,0,50,13638.088505948288,AUC0-28d
Nivolumab,0.3,37,3,50,0,50,67.67696083426476,Cmax
Nivolumab,0.3,37,3,50,0,50,0.020233213927966336,Terminal clearance
Nivolumab,0.3,37,10,50,0,50,45082.564041622856,AUC0-28d
Nivolumab,0.3,37,10,50,0,50,225.58170839309693,Cmax
Nivolumab,0.3,37,10,50,0,50,0.020396467922570355,Terminal clearance
Nivolumab,0.3,37,30,50,0,50,131938.25475907387,AUC0-28d
Nivolumab,0.3,37,30,50,0,50,676.6424932956695,Cmax
Nivolumab,0.3,37,30,50,0,50,0.020896577423333278,Terminal clearance
Nivolumab,0.3,38,0.1,50,0,50,449.2143076055423,AUC0-28d
Nivolumab,0.3,38,0.1,50,0,50,2.255781507603824,Cmax
Nivolumab,0.3,38,0.1,50,0,50,0.02071430498131794,Terminal clearance
Nivolumab,0.3,38,1,50,0,50,4494.896202406162,AUC0-28d
Nivolumab,0.3,38,1,50,0,50,22.558901365101338,Cmax
Nivolumab,0.3,38,1,50,0,50,0.02067122058585114,Terminal clearance
Nivolumab,0.3,38,3,50,0,50,13455.67324456302,AUC0-28d
Nivolumab,0.3,38,3,50,0,50,67.67646715402603,Cmax
Nivolumab,0.3,38,3,50,0,50,0.02070842651161375,Terminal clearance
Nivolumab,0.3,38,10,50,0,50,44474.32245374906,AUC0-28d
Nivolumab,0.3,38,10,50,0,50,225.57989675283432,Cmax
Nivolumab,0.3,38,10,50,0,50,0.020877746286013656,Terminal clearance
Nivolumab,0.3,38,30,50,0,50,130119.57364029689,AUC0-28d
Nivolumab,0.3,38,30,50,0,50,676.6353435039521,Cmax
Nivolumab,0.3,38,30,50,0,50,0.02139436612559108,Terminal clearance
Nivolumab,0.3,39,0.1,50,0,50,295.3939013665195,AUC0-28d
Nivolumab,0.3,39,0.1,50,0,50,2.2551904325559735,Cmax
Nivolumab,0.3,39,0.1,50,0,50,0.03765696122787314,Terminal clearance
Nivolumab,0.3,39,1,50,0,50,2954.810189039754,AUC0-28d
Nivolumab,0.3,39,1,50,0,50,22.55303496360779,Cmax
Nivolumab,0.3,39,1,50,0,50,0.03761562870712841,Terminal clearance
Nivolumab,0.3,39,3,50,0,50,8837.782722465508,AUC0-28d
Nivolumab,0.3,39,3,50,0,50,67.65847702145577,Cmax
Nivolumab,0.3,39,3,50,0,50,0.03771736284130776,Terminal clearance
Nivolumab,0.3,39,10,50,0,50,29128.1101610376,AUC0-28d
Nivolumab,0.3,39,10,50,0,50,225.51469458580016,Cmax
Nivolumab,0.3,39,10,50,0,50,0.0381205562131297,Terminal clearance
Nivolumab,0.3,39,30,50,0,50,84586.25885034679,AUC0-28d
Nivolumab,0.3,39,30,50,0,50,676.3839172840119,Cmax
Nivolumab,0.3,39,30,50,0,50,0.03931629328973771,Terminal clearance
Nivolumab,0.3,40,0.1,50,0,50,331.12694423946436,AUC0-28d
Nivolumab,0.3,40,0.1,50,0,50,2.255374134927988,Cmax
Nivolumab,0.3,40,0.1,50,0,50,0.03257816035009985,Terminal clearance
Nivolumab,0.3,40,1,50,0,50,3313.3096211923435,AUC0-28d
Nivolumab,0.3,40,1,50,0,50,22.554817777574062,Cmax
Nivolumab,0.3,40,1,50,0,50,0.03252504166777995,Terminal clearance
Nivolumab,0.3,40,3,50,0,50,9912.666609231504,AUC0-28d
Nivolumab,0.3,40,3,50,0,50,67.66393021702767,Cmax
Nivolumab,0.3,40,3,50,0,50,0.032602558626741,Terminal clearance
Nivolumab,0.3,40,10,50,0,50,32694.450173890982,AUC0-28d
Nivolumab,0.3,40,10,50,0,50,225.53438610076904,Cmax
Nivolumab,0.3,40,10,50,0,50,0.03292759946345874,Terminal clearance
Nivolumab,0.3,40,30,50,0,50,95112.16504306476,AUC0-28d
Nivolumab,0.3,40,30,50,0,50,676.4587304210663,Cmax
Nivolumab,0.3,40,30,50,0,50,0.03390287382937433,Terminal clearance
Nivolumab,0.3,41,0.1,50,0,50,328.98553219896996,AUC0-28d
Nivolumab,0.3,41,0.1,50,0,50,2.255347625613213,Cmax
Nivolumab,0.3,41,0.1,50,0,50,0.03285276343404951,Terminal clearance
Nivolumab,0.3,41,1,50,0,50,3293.3297572632255,AUC0-28d
Nivolumab,0.3,41,1,50,0,50,22.554715830385685,Cmax
Nivolumab,0.3,41,1,50,0,50,0.03278756071426312,Terminal clearance
Nivolumab,0.3,41,3,50,0,50,9854.35929120752,AUC0-28d
Nivolumab,0.3,41,3,50,0,50,67.6636562693119,Cmax
Nivolumab,0.3,41,3,50,0,50,0.03285768386911017,Terminal clearance
Nivolumab,0.3,41,10,50,0,50,32503.59460822315,AUC0-28d
Nivolumab,0.3,41,10,50,0,50,225.53342780590057,Cmax
Nivolumab,0.3,41,10,50,0,50,0.03318172421274678,Terminal clearance
Nivolumab,0.3,41,30,50,0,50,94550.74198524326,AUC0-28d
Nivolumab,0.3,41,30,50,0,50,676.4550859069824,Cmax
Nivolumab,0.3,41,30,50,0,50,0.034165858209956934,Terminal clearance
Nivolumab,0.3,42,0.1,50,0,50,334.03902786504017,AUC0-28d
Nivolumab,0.3,42,0.1,50,0,50,2.2554007774963973,Cmax
Nivolumab,0.3,42,0.1,50,0,50,0.03219691029546796,Terminal clearance
Nivolumab,0.3,42,1,50,0,50,3341.286725400177,AUC0-28d
Nivolumab,0.3,42,1,50,0,50,22.554955382347107,Cmax
Nivolumab,0.3,42,1,50,0,50,0.032165855107495804,Terminal clearance
Nivolumab,0.3,42,3,50,0,50,9996.474376276079,AUC0-28d
Nivolumab,0.3,42,3,50,0,50,67.66432164549828,Cmax
Nivolumab,0.3,42,3,50,0,50,0.03224293215425834,Terminal clearance
Nivolumab,0.3,42,10,50,0,50,32972.796650295706,AUC0-28d
Nivolumab,0.3,42,10,50,0,50,225.5357742881775,Cmax
Nivolumab,0.3,42,10,50,0,50,0.032562609857274064,Terminal clearance
Nivolumab,0.3,42,30,50,0,50,95935.33503650839,AUC0-28d
Nivolumab,0.3,42,30,50,0,50,676.4640227985382,Cmax
Nivolumab,0.3,42,30,50,0,50,0.03352264928453097,Terminal clearance
Nivolumab,0.3,43,0.1,50,0,50,406.46404219760564,AUC0-28d
Nivolumab,0.3,43,0.1,50,0,50,2.2556878139823677,Cmax
Nivolumab,0.3,43,0.1,50,0,50,0.024355939614339267,Terminal clearance
Nivolumab,0.3,43,1,50,0,50,4064.060074995852,AUC0-28d
Nivolumab,0.3,43,1,50,0,50,22.55766953587532,Cmax
Nivolumab,0.3,43,1,50,0,50,0.024343543924408222,Terminal clearance
Nivolumab,0.3,43,3,50,0,50,12162.348204865588,AUC0-28d
Nivolumab,0.3,43,3,50,0,50,67.67261752724647,Cmax
Nivolumab,0.3,43,3,50,0,50,0.02439671852194107,Terminal clearance
Nivolumab,0.3,43,10,50,0,50,40167.98443192448,AUC0-28d
Nivolumab,0.3,43,10,50,0,50,225.5658244729042,Cmax
Nivolumab,0.3,43,10,50,0,50,0.024612270740575592,Terminal clearance
Nivolumab,0.3,43,30,50,0,50,117276.50270193492,AUC0-28d
Nivolumab,0.3,43,30,50,0,50,676.5801091003418,Cmax
Nivolumab,0.3,43,30,50,0,50,0.02526163101936339,Terminal clearance
Nivolumab,0.3,44,0.1,50,0,50,354.43198481213733,AUC0-28d
Nivolumab,0.3,44,0.1,50,0,50,2.255494003370404,Cmax
Nivolumab,0.3,44,0.1,50,0,50,0.029726577966603992,Terminal clearance
Nivolumab,0.3,44,1,50,0,50,3544.979520213492,AUC0-28d
Nivolumab,0.3,44,1,50,0,50,22.555816102921963,Cmax
Nivolumab,0.3,44,1,50,0,50,0.0296984725420484,Terminal clearance
Nivolumab,0.3,44,3,50,0,50,10606.792306321298,AUC0-28d
Nivolumab,0.3,44,3,50,0,50,67.66694860219955,Cmax
Nivolumab,0.3,44,3,50,0,50,0.029767322588729595,Terminal clearance
Nivolumab,0.3,44,10,50,0,50,34998.789009120526,AUC0-28d
Nivolumab,0.3,44,10,50,0,50,225.54527247667312,Cmax
Nivolumab,0.3,44,10,50,0,50,0.03005259901679575,Terminal clearance
Nivolumab,0.3,44,30,50,0,50,101930.52443213627,AUC0-28d
Nivolumab,0.3,44,30,50,0,50,676.5004686355591,Cmax
Nivolumab,0.3,44,30,50,0,50,0.03091072161526933,Terminal clearance
Nivolumab,0.3,45,0.1,50,0,50,348.1966397584087,AUC0-28d
Nivolumab,0.3,45,0.1,50,0,50,2.255473512224853,Cmax
Nivolumab,0.3,45,0.1,50,0,50,0.030459626475660376,Terminal clearance
Nivolumab,0.3,45,1,50,0,50,3483.1095039457327,AUC0-28d
Nivolumab,0.3,45,1,50,0,50,22.55556939333677,Cmax
Nivolumab,0.3,45,1,50,0,50,0.030422893884858606,Terminal clearance
Nivolumab,0.3,45,3,50,0,50,10421.417352200435,AUC0-28d
Nivolumab,0.3,45,3,50,0,50,67.66618227958679,Cmax
Nivolumab,0.3,45,3,50,0,50,0.03049380561099023,Terminal clearance
Nivolumab,0.3,45,10,50,0,50,34383.216405443265,AUC0-28d
Nivolumab,0.3,45,10,50,0,50,225.5424893140793,Cmax
Nivolumab,0.3,45,10,50,0,50,0.03078911523358261,Terminal clearance
Nivolumab,0.3,45,30,50,0,50,100107.69125963088,AUC0-28d
Nivolumab,0.3,45,30,50,0,50,676.4897543907166,Cmax
Nivolumab,0.3,45,30,50,0,50,0.03167691163533194,Terminal clearance
Nivolumab,0.3,46,0.1,50,0,50,439.08891399922584,AUC0-28d
Nivolumab,0.3,46,0.1,50,0,50,2.2557555449008944,Cmax
Nivolumab,0.3,46,0.1,50,0,50,0.021540968114888377,Terminal clearance
Nivolumab,0.3,46,1,50,0,50,4398.57402457768,AUC0-28d
Nivolumab,0.3,46,1,50,0,50,22.558640840649606,Cmax
Nivolumab,0.3,46,1,50,0,50,0.021447391974684572,Terminal clearance
Nivolumab,0.3,46,3,50,0,50,13168.868710074321,AUC0-28d
Nivolumab,0.3,46,3,50,0,50,67.67566550016403,Cmax
Nivolumab,0.3,46,3,50,0,50,0.021478352150145038,Terminal clearance
Nivolumab,0.3,46,10,50,0,50,43521.99535841381,AUC0-28d
Nivolumab,0.3,46,10,50,0,50,225.57697870492936,Cmax
Nivolumab,0.3,46,10,50,0,50,0.021653292607253967,Terminal clearance
Nivolumab,0.3,46,30,50,0,50,127277.6002207634,AUC0-28d
Nivolumab,0.3,46,30,50,0,50,676.6238578891754,Cmax
Nivolumab,0.3,46,30,50,0,50,0.022195493508419744,Terminal clearance
Nivolumab,0.3,47,0.1,50,0,50,414.505782993976,AUC0-28d
Nivolumab,0.3,47,0.1,50,0,50,2.2556713476404546,Cmax
Nivolumab,0.3,47,0.1,50,0,50,0.023648372751312364,Terminal clearance
Nivolumab,0.3,47,1,50,0,50,4150.73959670669,AUC0-28d
Nivolumab,0.3,47,1,50,0,50,22.55790317028761,Cmax
Nivolumab,0.3,47,1,50,0,50,0.02355963093770046,Terminal clearance
Nivolumab,0.3,47,3,50,0,50,12423.822691047779,AUC0-28d
Nivolumab,0.3,47,3,50,0,50,67.67342622995376,Cmax
Nivolumab,0.3,47,3,50,0,50,0.023602967942274313,Terminal clearance
Nivolumab,0.3,47,10,50,0,50,41039.40955346341,AUC0-28d
Nivolumab,0.3,47,10,50,0,50,225.568848862648,Cmax
Nivolumab,0.3,47,10,50,0,50,0.023806392710203038,Terminal clearance
Nivolumab,0.3,47,30,50,0,50,119872.07639226952,AUC0-28d
Nivolumab,0.3,47,30,50,0,50,676.5919922351837,Cmax
Nivolumab,0.3,47,30,50,0,50,0.024425870360472095,Terminal clearance
Nivolumab,0.3,48,0.1,50,0,50,436.5520146686367,AUC0-28d
Nivolumab,0.3,48,0.1,50,0,50,2.255733704902232,Cmax
Nivolumab,0.3,48,0.1,50,0,50,0.021762448128061062,Terminal clearance
Nivolumab,0.3,48,1,50,0,50,4373.260567606382,AUC0-28d
Nivolumab,0.3,48,1,50,0,50,22.55855457931757,Cmax
Nivolumab,0.3,48,1,50,0,50,0.02165259044970231,Terminal clearance
Nivolumab,0.3,48,3,50,0,50,13091.373283205998,AUC0-28d
Nivolumab,0.3,48,3,50,0,50,67.67543193101884,Cmax
Nivolumab,0.3,48,3,50,0,50,0.021689301420698415,Terminal clearance
Nivolumab,0.3,48,10,50,0,50,43261.31685774359,AUC0-28d
Nivolumab,0.3,48,10,50,0,50,225.5761530327797,Cmax
Nivolumab,0.3,48,10,50,0,50,0.021869612026063925,Terminal clearance
Nivolumab,0.3,48,30,50,0,50,126496.83716130875,AUC0-28d
Nivolumab,0.3,48,30,50,0,50,676.6206206417083,Cmax
Nivolumab,0.3,48,30,50,0,50,0.02242039279120772,Terminal clearance
Nivolumab,0.3,49,0.1,50,0,50,369.0995896345424,AUC0-28d
Nivolumab,0.3,49,0.1,50,0,50,2.2555342568457126,Cmax
Nivolumab,0.3,49,0.1,50,0,50,0.02809500481020527,Terminal clearance
Nivolumab,0.3,49,1,50,0,50,3693.2790526827976,AUC0-28d
Nivolumab,0.3,49,1,50,0,50,22.556373831927775,Cmax
Nivolumab,0.3,49,1,50,0,50,0.02804582642560164,Terminal clearance
Nivolumab,0.3,49,3,50,0,50,11051.786582808976,AUC0-28d
Nivolumab,0.3,49,3,50,0,50,67.66869384407997,Cmax
Nivolumab,0.3,49,3,50,0,50,0.028106249923881266,Terminal clearance
Nivolumab,0.3,49,10,50,0,50,36477.438146468885,AUC0-28d
Nivolumab,0.3,49,10,50,0,50,225.5516345381737,Cmax
Nivolumab,0.3,49,10,50,0,50,0.028368042724590578,Terminal clearance
Nivolumab,0.3,49,30,50,0,50,106313.46927697133,AUC0-28d
Nivolumab,0.3,49,30,50,0,50,676.5250362110138,Cmax
Nivolumab,0.3,49,30,50,0,50,0.02915905548151381,Terminal clearance
Nivolumab,0.3,50,0.1,50,0,50,332.6087656500883,AUC0-28d
Nivolumab,0.3,50,0.1,50,0,50,2.2553884909674524,Cmax
Nivolumab,0.3,50,0.1,50,0,50,0.03238671029931906,Terminal clearance
Nivolumab,0.3,50,1,50,0,50,3327.695043255977,AUC0-28d
Nivolumab,0.3,50,1,50,0,50,22.554888918697834,Cmax
Nivolumab,0.3,50,1,50,0,50,0.03233941126088881,Terminal clearance
Nivolumab,0.3,50,3,50,0,50,9955.510402184374,AUC0-28d
Nivolumab,0.3,50,3,50,0,50,67.66413063049316,Cmax
Nivolumab,0.3,50,3,50,0,50,0.032417774542041776,Terminal clearance
Nivolumab,0.3,50,10,50,0,50,32836.24613238173,AUC0-28d
Nivolumab,0.3,50,10,50,0,50,225.53509481430055,Cmax
Nivolumab,0.3,50,10,50,0,50,0.032740868770991666,Terminal clearance
Nivolumab,0.3,50,30,50,0,50,95530.95140204308,AUC0-28d
Nivolumab,0.3,50,30,50,0,50,676.4614309120178,Cmax
Nivolumab,0.3,50,30,50,0,50,0.03370865986866973,Terminal clearance
Nivolumab,0.3,51,0.1,50,0,50,387.4141062790057,AUC0-28d
Nivolumab,0.3,51,0.1,50,0,50,2.2556071357056497,Cmax
Nivolumab,0.3,51,0.1,50,0,50,0.02618727933030367,Terminal clearance
Nivolumab,0.3,51,1,50,0,50,3873.7284537856917,AUC0-28d
Nivolumab,0.3,51,1,50,0,50,22.557024631798267,Cmax
Nivolumab,0.3,51,1,50,0,50,0.026170702753684306,Terminal clearance
Nivolumab,0.3,51,3,50,0,50,11591.2851230792,AUC0-28d
Nivolumab,0.3,51,3,50,0,50,67.67067265510559,Cmax
Nivolumab,0.3,51,3,50,0,50,0.026231481438805302,Terminal clearance
Nivolumab,0.3,51,10,50,0,50,38268.28382281284,AUC0-28d
Nivolumab,0.3,51,10,50,0,50,225.55879581689834,Cmax
Nivolumab,0.3,51,10,50,0,50,0.026471549895451484,Terminal clearance
Nivolumab,0.3,51,30,50,0,50,111627.25030697296,AUC0-28d
Nivolumab,0.3,51,30,50,0,50,676.5527686309814,Cmax
Nivolumab,0.3,51,30,50,0,50,0.027190442856016173,Terminal clearance
Nivolumab,0.3,52,0.1,50,0,50,429.01958265286385,AUC0-28d
Nivolumab,0.3,52,0.1,50,0,50,2.2557165369391443,Cmax
Nivolumab,0.3,52,0.1,50,0,50,0.022366887537146583,Terminal clearance
Nivolumab,0.3,52,1,50,0,50,4293.478700863447,AUC0-28d
Nivolumab,0.3,52,1,50,0,50,22.558330321609972,Cmax
Nivolumab,0.3,52,1,50,0,50,0.02231745420018923,Terminal clearance
Nivolumab,0.3,52,3,50,0,50,12852.122387155609,AUC0-28d
Nivolumab,0.3,52,3,50,0,50,67.67473548769951,Cmax
Nivolumab,0.3,52,3,50,0,50,0.022357262559148723,Terminal clearance
Nivolumab,0.3,52,10,50,0,50,42465.61002188768,AUC0-28d
Nivolumab,0.3,52,10,50,0,50,225.57360987901689,Cmax
Nivolumab,0.3,52,10,50,0,50,0.02254478206013178,Terminal clearance
Nivolumab,0.3,52,30,50,0,50,124123.78414135602,AUC0-28d
Nivolumab,0.3,52,30,50,0,50,676.6106352996826,Cmax
Nivolumab,0.3,52,30,50,0,50,0.02311881719572502,Terminal clearance
Nivolumab,0.3,53,0.1,50,0,50,416.0203244200308,AUC0-28d
Nivolumab,0.3,53,0.1,50,0,50,2.255681145861745,Cmax
Nivolumab,0.3,53,0.1,50,0,50,0.02350421735037421,Terminal clearance
Nivolumab,0.3,53,1,50,0,50,4163.442518567276,AUC0-28d
Nivolumab,0.3,53,1,50,0,50,22.557946137785912,Cmax
Nivolumab,0.3,53,1,50,0,50,0.023444494315196362,Terminal clearance
Nivolumab,0.3,53,3,50,0,50,12461.067453878197,AUC0-28d
Nivolumab,0.3,53,3,50,0,50,67.67354484200477,Cmax
Nivolumab,0.3,53,3,50,0,50,0.023491277753490154,Terminal clearance
Nivolumab,0.3,53,10,50,0,50,41162.26488580028,AUC0-28d
Nivolumab,0.3,53,10,50,0,50,225.56927196741105,Cmax
Nivolumab,0.3,53,10,50,0,50,0.0236947307630424,Terminal clearance
Nivolumab,0.3,53,30,50,0,50,120237.07812449726,AUC0-28d
Nivolumab,0.3,53,30,50,0,50,676.5936331367493,Cmax
Nivolumab,0.3,53,30,50,0,50,0.024310619703764722,Terminal clearance
Nivolumab,0.3,54,0.1,50,0,50,343.08159461670925,AUC0-28d
Nivolumab,0.3,54,0.1,50,0,50,2.255424942635,Cmax
Nivolumab,0.3,54,0.1,50,0,50,0.031081300442111416,Terminal clearance
Nivolumab,0.3,54,1,50,0,50,3433.894496424167,AUC0-28d
Nivolumab,0.3,54,1,50,0,50,22.555341023802757,Cmax
Nivolumab,0.3,54,1,50,0,50,0.03101637978593371,Terminal clearance
Nivolumab,0.3,54,3,50,0,50,10274.648316860299,AUC0-28d
Nivolumab,0.3,54,3,50,0,50,67.66554048657417,Cmax
Nivolumab,0.3,54,3,50,0,50,0.03108502796183716,Terminal clearance
Nivolumab,0.3,54,10,50,0,50,33896.8550803405,AUC0-28d
Nivolumab,0.3,54,10,50,0,50,225.54021958589553,Cmax
Nivolumab,0.3,54,10,50,0,50,0.03138696904727834,Terminal clearance
Nivolumab,0.3,54,30,50,0,50,98669.03333710518,AUC0-28d
Nivolumab,0.3,54,30,50,0,50,676.4810764789581,Cmax
Nivolumab,0.3,54,30,50,0,50,0.03229855487352036,Terminal clearance
Nivolumab,0.3,55,0.1,50,0,50,432.07015549043626,AUC0-28d
Nivolumab,0.3,55,0.1,50,0,50,2.2557201891765,Cmax
Nivolumab,0.3,55,0.1,50,0,50,0.022128830401081597,Terminal clearance
Nivolumab,0.3,55,1,50,0,50,4328.957262803791,AUC0-28d
Nivolumab,0.3,55,1,50,0,50,22.558429201245307,Cmax
Nivolumab,0.3,55,1,50,0,50,0.022021939422129887,Terminal clearance
Nivolumab,0.3,55,3,50,0,50,12959.684823214744,AUC0-28d
Nivolumab,0.3,55,3,50,0,50,67.67505120635033,Cmax
Nivolumab,0.3,55,3,50,0,50,0.022055366021593113,Terminal clearance
Nivolumab,0.3,55,10,50,0,50,42824.75535814078,AUC0-28d
Nivolumab,0.3,55,10,50,0,50,225.5747702407837,Cmax
Nivolumab,0.3,55,10,50,0,50,0.022237839101250885,Terminal clearance
Nivolumab,0.3,55,30,50,0,50,125195.86486500829,AUC0-28d
Nivolumab,0.3,55,30,50,0,50,676.615185546875,Cmax
Nivolumab,0.3,55,30,50,0,50,0.022800729150628224,Terminal clearance
Nivolumab,0.3,56,0.1,50,0,50,350.8237151346703,AUC0-28d
Nivolumab,0.3,56,0.1,50,0,50,2.2554745537787677,Cmax
Nivolumab,0.3,56,0.1,50,0,50,0.03014776564864872,Terminal clearance
Nivolumab,0.3,56,1,50,0,50,3508.97678478938,AUC0-28d
Nivolumab,0.3,56,1,50,0,50,22.55566633671522,Cmax
Nivolumab,0.3,56,1,50,0,50,0.03011708607640157,Terminal clearance
Nivolumab,0.3,56,3,50,0,50,10498.746998874207,AUC0-28d
Nivolumab,0.3,56,3,50,0,50,67.66649939060211,Cmax
Nivolumab,0.3,56,3,50,0,50,0.030187985437588768,Terminal clearance
Nivolumab,0.3,56,10,50,0,50,34639.71021368481,AUC0-28d
Nivolumab,0.3,56,10,50,0,50,225.54365367889403,Cmax
Nivolumab,0.3,56,10,50,0,50,0.030479512024075273,Terminal clearance
Nivolumab,0.3,56,30,50,0,50,100866.82091102308,AUC0-28d
Nivolumab,0.3,56,30,50,0,50,676.4942475509644,Cmax
Nivolumab,0.3,56,30,50,0,50,0.03135497246435217,Terminal clearance
Nivolumab,0.3,57,0.1,50,0,50,388.33502021483406,AUC0-28d
Nivolumab,0.3,57,0.1,50,0,50,2.255583916939795,Cmax
Nivolumab,0.3,57,0.1,50,0,50,0.026111040577110608,Terminal clearance
Nivolumab,0.3,57,1,50,0,50,3886.874822207158,AUC0-28d
Nivolumab,0.3,57,1,50,0,50,22.55704625695944,Cmax
Nivolumab,0.3,57,1,50,0,50,0.026042882007684467,Terminal clearance
Nivolumab,0.3,57,3,50,0,50,11631.989302601152,AUC0-28d
Nivolumab,0.3,57,3,50,0,50,67.67080040454864,Cmax
Nivolumab,0.3,57,3,50,0,50,0.026096959708310455,Terminal clearance
Nivolumab,0.3,57,10,50,0,50,38405.17491276608,AUC0-28d
Nivolumab,0.3,57,10,50,0,50,225.5593127322197,Cmax
Nivolumab,0.3,57,10,50,0,50,0.026332927684130366,Terminal clearance
Nivolumab,0.3,57,30,50,0,50,112035.29391653229,AUC0-28d
Nivolumab,0.3,57,30,50,0,50,676.554817495346,Cmax
Nivolumab,0.3,57,30,50,0,50,0.027045873948575706,Terminal clearance
Nivolumab,0.3,58,0.1,50,0,50,415.0560275938757,AUC0-28d
Nivolumab,0.3,58,0.1,50,0,50,2.255670344159007,Cmax
Nivolumab,0.3,58,0.1,50,0,50,0.023594535182087536,Terminal clearance
Nivolumab,0.3,58,1,50,0,50,4154.756273340471,AUC0-28d
Nivolumab,0.3,58,1,50,0,50,22.557913047373294,Cmax
Nivolumab,0.3,58,1,50,0,50,0.023522338157286174,Terminal clearance
Nivolumab,0.3,58,3,50,0,50,12435.211523547725,AUC0-28d
Nivolumab,0.3,58,3,50,0,50,67.67345982074738,Cmax
Nivolumab,0.3,58,3,50,0,50,0.023568441379733428,Terminal clearance
Nivolumab,0.3,58,10,50,0,50,41076.42644149133,AUC0-28d
Nivolumab,0.3,58,10,50,0,50,225.56897678613663,Cmax
Nivolumab,0.3,58,10,50,0,50,0.02377257645536199,Terminal clearance
Nivolumab,0.3,58,30,50,0,50,119981.54367931618,AUC0-28d
Nivolumab,0.3,58,30,50,0,50,676.5924823474884,Cmax
Nivolumab,0.3,58,30,50,0,50,0.02439120248321132,Terminal clearance
Nivolumab,0.3,59,0.1,50,0,50,394.48050845597123,AUC0-28d
Nivolumab,0.3,59,0.1,50,0,50,2.2556122401356697,Cmax
Nivolumab,0.3,59,0.1,50,0,50,0.025509229802252842,Terminal clearance
Nivolumab,0.3,59,1,50,0,50,3948.567805406315,AUC0-28d
Nivolumab,0.3,59,1,50,0,50,22.55726105093956,Cmax
Nivolumab,0.3,59,1,50,0,50,0.025438157132618433,Terminal clearance
Nivolumab,0.3,59,3,50,0,50,11816.935281573598,AUC0-28d
Nivolumab,0.3,59,3,50,0,50,67.67144306778908,Cmax
Nivolumab,0.3,59,3,50,0,50,0.025490306336466276,Terminal clearance
Nivolumab,0.3,59,10,50,0,50,39020.001884974954,AUC0-28d
Nivolumab,0.3,59,10,50,0,50,225.5616345000267,Cmax
Nivolumab,0.3,59,10,50,0,50,0.02571854345838603,Terminal clearance
Nivolumab,0.3,59,30,50,0,50,113862.43998246732,AUC0-28d
Nivolumab,0.3,59,30,50,0,50,676.5638358402252,Cmax
Nivolumab,0.3,59,30,50,0,50,0.026408513370179056,Terminal clearance
Nivolumab,0.3,60,0.1,50,0,50,368.42640991365823,AUC0-28d
Nivolumab,0.3,60,0.1,50,0,50,2.2555392905697227,Cmax
Nivolumab,0.3,60,0.1,50,0,50,0.02816974329716462,Terminal clearance
Nivolumab,0.3,60,1,50,0,50,3686.4459639219986,AUC0-28d
Nivolumab,0.3,60,1,50,0,50,22.556354034245015,Cmax
Nivolumab,0.3,60,1,50,0,50,0.028119277360658026,Terminal clearance
Nivolumab,0.3,60,3,50,0,50,11031.073208154805,AUC0-28d
Nivolumab,0.3,60,3,50,0,50,67.66861926555633,Cmax
Nivolumab,0.3,60,3,50,0,50,0.02818091251106759,Terminal clearance
Nivolumab,0.3,60,10,50,0,50,36408.21909224836,AUC0-28d
Nivolumab,0.3,60,10,50,0,50,225.55134736299516,Cmax
Nivolumab,0.3,60,10,50,0,50,0.02844428330570692,Terminal clearance
Nivolumab,0.3,60,30,50,0,50,106107.77623946221,AUC0-28d
Nivolumab,0.3,60,30,50,0,50,676.5239146614075,Cmax
Nivolumab,0.3,60,30,50,0,50,0.02923850679957937,Terminal clearance
Nivolumab,0.3,61,0.1,50,0,50,379.0643496399017,AUC0-28d
Nivolumab,0.3,61,0.1,50,0,50,2.2555475087836383,Cmax
Nivolumab,0.3,61,0.1,50,0,50,0.02706011538588618,Terminal clearance
Nivolumab,0.3,61,1,50,0,50,3797.926148058,AUC0-28d
Nivolumab,0.3,61,1,50,0,50,22.556735368072985,Cmax
Nivolumab,0.3,61,1,50,0,50,0.026947400135928494,Terminal clearance
Nivolumab,0.3,61,3,50,0,50,11367.239743799772,AUC0-28d
Nivolumab,0.3,61,3,50,0,50,67.66985690355301,Cmax
Nivolumab,0.3,61,3,50,0,50,0.02699474364522989,Terminal clearance
Nivolumab,0.3,61,10,50,0,50,37527.839013686775,AUC0-28d
Nivolumab,0.3,61,10,50,0,50,225.55589882850646,Cmax
Nivolumab,0.3,61,10,50,0,50,0.02723848972633067,Terminal clearance
Nivolumab,0.3,61,30,50,0,50,109432.15592318114,AUC0-28d
Nivolumab,0.3,61,30,50,0,50,676.5415712356568,Cmax
Nivolumab,0.3,61,30,50,0,50,0.02798456608515268,Terminal clearance
Nivolumab,0.3,62,0.1,50,0,50,384.3240362259951,AUC0-28d
Nivolumab,0.3,62,0.1,50,0,50,2.255579674579203,Cmax
Nivolumab,0.3,62,0.1,50,0,50,0.02650846060774826,Terminal clearance
Nivolumab,0.3,62,1,50,0,50,3845.899616962207,AUC0-28d
Nivolumab,0.3,62,1,50,0,50,22.556913612484934,Cmax
Nivolumab,0.3,62,1,50,0,50,0.026452694507672885,Terminal clearance
Nivolumab,0.3,62,3,50,0,50,11509.034730928677,AUC0-28d
Nivolumab,0.3,62,3,50,0,50,67.67037242650986,Cmax
Nivolumab,0.3,62,3,50,0,50,0.02650888272906888,Terminal clearance
Nivolumab,0.3,62,10,50,0,50,37996.399193082754,AUC0-28d
Nivolumab,0.3,62,10,50,0,50,225.55773849010467,Cmax
Nivolumab,0.3,62,10,50,0,50,0.026750319213673338,Terminal clearance
Nivolumab,0.3,62,30,50,0,50,110821.00758410974,AUC0-28d
Nivolumab,0.3,62,30,50,0,50,676.5487001419067,Cmax
Nivolumab,0.3,62,30,50,0,50,0.027479040846437302,Terminal clearance
Nivolumab,0.3,63,0.1,50,0,50,303.65442250492345,AUC0-28d
Nivolumab,0.3,63,0.1,50,0,50,2.2552682010084393,Cmax
Nivolumab,0.3,63,0.1,50,0,50,0.036376935376288395,Terminal clearance
Nivolumab,0.3,63,1,50,0,50,3034.8711191620837,AUC0-28d
Nivolumab,0.3,63,1,50,0,50,22.553494661450387,Cmax
Nivolumab,0.3,63,1,50,0,50,0.036388656343891844,Terminal clearance
Nivolumab,0.3,63,3,50,0,50,9077.696111112853,AUC0-28d
Nivolumab,0.3,63,3,50,0,50,67.65981508374215,Cmax
Nivolumab,0.3,63,3,50,0,50,0.03648691019713271,Terminal clearance
Nivolumab,0.3,63,10,50,0,50,29924.426074785442,AUC0-28d
Nivolumab,0.3,63,10,50,0,50,225.51945751667023,Cmax
Nivolumab,0.3,63,10,50,0,50,0.036870181638776346,Terminal clearance
Nivolumab,0.3,63,30,50,0,50,86934.76510945836,AUC0-28d
Nivolumab,0.3,63,30,50,0,50,676.4018878364564,Cmax
Nivolumab,0.3,63,30,50,0,50,0.03801127302727636,Terminal clearance
Nivolumab,0.3,64,0.1,50,0,50,374.1136659021488,AUC0-28d
Nivolumab,0.3,64,0.1,50,0,50,2.2555436906591058,Cmax
Nivolumab,0.3,64,0.1,50,0,50,0.027562562681992996,Terminal clearance
Nivolumab,0.3,64,1,50,0,50,3743.8592255871436,AUC0-28d
Nivolumab,0.3,64,1,50,0,50,22.55655166298151,Cmax
Nivolumab,0.3,64,1,50,0,50,0.02750627468143733,Terminal clearance
Nivolumab,0.3,64,3,50,0,50,11203.31613082824,AUC0-28d
Nivolumab,0.3,64,3,50,0,50,67.66925975322724,Cmax
Nivolumab,0.3,64,3,50,0,50,0.02756511851642361,Terminal clearance
Nivolumab,0.3,64,10,50,0,50,36980.66647226849,AUC0-28d
Nivolumab,0.3,64,10,50,0,50,225.55370045900344,Cmax
Nivolumab,0.3,64,10,50,0,50,0.02782002887093397,Terminal clearance
Nivolumab,0.3,64,30,50,0,50,107806.02099467815,AUC0-28d
Nivolumab,0.3,64,30,50,0,50,676.5330409145355,Cmax
Nivolumab,0.3,64,30,50,0,50,0.028589787210089864,Terminal clearance
Nivolumab,0.3,65,0.1,50,0,50,484.56288524851715,AUC0-28d
Nivolumab,0.3,65,0.1,50,0,50,2.2558717230334877,Cmax
Nivolumab,0.3,65,0.1,50,0,50,0.018101265495044438,Terminal clearance
Nivolumab,0.3,65,1,50,0,50,4854.04975067637,AUC0-28d
Nivolumab,0.3,65,1,50,0,50,22.55981081843376,Cmax
Nivolumab,0.3,65,1,50,0,50,0.018008993725901656,Terminal clearance
Nivolumab,0.3,65,3,50,0,50,14535.015335508244,AUC0-28d
Nivolumab,0.3,65,3,50,0,50,67.67926554560661,Cmax
Nivolumab,0.3,65,3,50,0,50,0.01803263335770814,Terminal clearance
Nivolumab,0.3,65,10,50,0,50,48073.80245232378,AUC0-28d
Nivolumab,0.3,65,10,50,0,50,225.59010034799576,Cmax
Nivolumab,0.3,65,10,50,0,50,0.01817011803532304,Terminal clearance
Nivolumab,0.3,65,30,50,0,50,140897.27360956158,AUC0-28d
Nivolumab,0.3,65,30,50,0,50,676.6756984043121,Cmax
Nivolumab,0.3,65,30,50,0,50,0.01859687243741485,Terminal clearance
Nivolumab,0.3,66,0.1,50,0,50,377.58677603239164,AUC0-28d
Nivolumab,0.3,66,0.1,50,0,50,2.255588654242456,Cmax
Nivolumab,0.3,66,0.1,50,0,50,0.027189307653561874,Terminal clearance
Nivolumab,0.3,66,1,50,0,50,3776.3515134430386,AUC0-28d
Nivolumab,0.3,66,1,50,0,50,22.556697621941566,Cmax
Nivolumab,0.3,66,1,50,0,50,0.02716461107734946,Terminal clearance
Nivolumab,0.3,66,3,50,0,50,11300.349416466888,AUC0-28d
Nivolumab,0.3,66,3,50,0,50,67.66963917255401,Cmax
Nivolumab,0.3,66,3,50,0,50,0.02722466219014964,Terminal clearance
Nivolumab,0.3,66,10,50,0,50,37302.938175179734,AUC0-28d
Nivolumab,0.3,66,10,50,0,50,225.55501363277435,Cmax
Nivolumab,0.3,66,10,50,0,50,0.027475480291583337,Terminal clearance
Nivolumab,0.3,66,30,50,0,50,108762.41742998044,AUC0-28d
Nivolumab,0.3,66,30,50,0,50,676.5380854511261,Cmax
Nivolumab,0.3,66,30,50,0,50,0.02823190148131826,Terminal clearance
Nivolumab,0.3,67,0.1,50,0,50,389.05139119087755,AUC0-28d
Nivolumab,0.3,67,0.1,50,0,50,2.2556116472929717,Cmax
Nivolumab,0.3,67,0.1,50,0,50,0.02602758784770148,Terminal clearance
Nivolumab,0.3,67,1,50,0,50,3891.793644602859,AUC0-28d
Nivolumab,0.3,67,1,50,0,50,22.55708604812622,Cmax
Nivolumab,0.3,67,1,50,0,50,0.025993074408151597,Terminal clearance
Nivolumab,0.3,67,3,50,0,50,11646.512767687414,AUC0-28d
Nivolumab,0.3,67,3,50,0,50,67.67086715102195,Cmax
Nivolumab,0.3,67,3,50,0,50,0.026048654114238658,Terminal clearance
Nivolumab,0.3,67,10,50,0,50,38453.47475340742,AUC0-28d
Nivolumab,0.3,67,10,50,0,50,225.5595074892044,Cmax
Nivolumab,0.3,67,10,50,0,50,0.026284109071655078,Terminal clearance
Nivolumab,0.3,67,30,50,0,50,112178.96058628333,AUC0-28d
Nivolumab,0.3,67,30,50,0,50,676.5555408287048,Cmax
Nivolumab,0.3,67,30,50,0,50,0.026995155322281063,Terminal clearance
Nivolumab,0.3,68,0.1,50,0,50,373.0277499755318,AUC0-28d
Nivolumab,0.3,68,0.1,50,0,50,2.2555219159275293,Cmax
Nivolumab,0.3,68,0.1,50,0,50,0.027685795967068542,Terminal clearance
Nivolumab,0.3,68,1,50,0,50,3735.434617757615,AUC0-28d
Nivolumab,0.3,68,1,50,0,50,22.556506606936455,Cmax
Nivolumab,0.3,68,1,50,0,50,0.02759774894202163,Terminal clearance
Nivolumab,0.3,68,3,50,0,50,11178.98481340672,AUC0-28d
Nivolumab,0.3,68,3,50,0,50,67.66915976405144,Cmax
Nivolumab,0.3,68,3,50,0,50,0.027652005390412154,Terminal clearance
Nivolumab,0.3,68,10,50,0,50,36901.00186308737,AUC0-28d
Nivolumab,0.3,68,10,50,0,50,225.55337186098097,Cmax
Nivolumab,0.3,68,10,50,0,50,0.02790622963664688,Terminal clearance
Nivolumab,0.3,68,30,50,0,50,107570.68981571414,AUC0-28d
Nivolumab,0.3,68,30,50,0,50,676.5317836093902,Cmax
Nivolumab,0.3,68,30,50,0,50,0.028678762811543874,Terminal clearance
Nivolumab,0.3,69,0.1,50,0,50,433.7752479196016,AUC0-28d
Nivolumab,0.3,69,0.1,50,0,50,2.255738828368485,Cmax
Nivolumab,0.3,69,0.1,50,0,50,0.021971110478605185,Terminal clearance
Nivolumab,0.3,69,1,50,0,50,4340.036541541357,AUC0-28d
Nivolumab,0.3,69,1,50,0,50,22.558471167981626,Cmax
Nivolumab,0.3,69,1,50,0,50,0.02192427757333934,Terminal clearance
Nivolumab,0.3,69,3,50,0,50,12990.250055715782,AUC0-28d
Nivolumab,0.3,69,3,50,0,50,67.67514545202255,Cmax
Nivolumab,0.3,69,3,50,0,50,0.021968168921467475,Terminal clearance
Nivolumab,0.3,69,10,50,0,50,42922.92205722376,AUC0-28d
Nivolumab,0.3,69,10,50,0,50,225.57508421897887,Cmax
Nivolumab,0.3,69,10,50,0,50,0.02215390272657281,Terminal clearance
Nivolumab,0.3,69,30,50,0,50,125485.51761127157,AUC0-28d
Nivolumab,0.3,69,30,50,0,50,676.616405954361,Cmax
Nivolumab,0.3,69,30,50,0,50,0.022715248911809587,Terminal clearance
Nivolumab,0.3,70,0.1,50,0,50,293.64484776603433,AUC0-28d
Nivolumab,0.3,70,0.1,50,0,50,2.255156749300659,Cmax
Nivolumab,0.3,70,0.1,50,0,50,0.037941514961228814,Terminal clearance
Nivolumab,0.3,70,1,50,0,50,2939.6737332714674,AUC0-28d
Nivolumab,0.3,70,1,50,0,50,22.552933516800405,Cmax
Nivolumab,0.3,70,1,50,0,50,0.0378573152066952,Terminal clearance
Nivolumab,0.3,70,3,50,0,50,8793.428221254671,AUC0-28d
Nivolumab,0.3,70,3,50,0,50,67.6582166492939,Cmax
Nivolumab,0.3,70,3,50,0,50,0.037952447047774555,Terminal clearance
Nivolumab,0.3,70,10,50,0,50,28982.3987355893,AUC0-28d
Nivolumab,0.3,70,10,50,0,50,225.51379859924316,Cmax
Nivolumab,0.3,70,10,50,0,50,0.038356324585017455,Terminal clearance
Nivolumab,0.3,70,30,50,0,50,84158.1325281664,AUC0-28d
Nivolumab,0.3,70,30,50,0,50,676.3805554199218,Cmax
Nivolumab,0.3,70,30,50,0,50,0.03956123854193936,Terminal clearance
Nivolumab,0.3,71,0.1,50,0,50,388.15768382060895,AUC0-28d
Nivolumab,0.3,71,0.1,50,0,50,2.2555947268009184,Cmax
Nivolumab,0.3,71,0.1,50,0,50,0.02612874455164564,Terminal clearance
Nivolumab,0.3,71,1,50,0,50,3885.6115904738836,AUC0-28d
Nivolumab,0.3,71,1,50,0,50,22.557053131759165,Cmax
Nivolumab,0.3,71,1,50,0,50,0.026056174071238673,Terminal clearance
Nivolumab,0.3,71,3,50,0,50,11628.56926938297,AUC0-28d
Nivolumab,0.3,71,3,50,0,50,67.67079596638679,Cmax
Nivolumab,0.3,71,3,50,0,50,0.026108654223567132,Terminal clearance
Nivolumab,0.3,71,10,50,0,50,38394.3482989037,AUC0-28d
Nivolumab,0.3,71,10,50,0,50,225.55927566051483,Cmax
Nivolumab,0.3,71,10,50,0,50,0.02634401339669524,Terminal clearance
Nivolumab,0.3,71,30,50,0,50,112003.6353050824,AUC0-28d
Nivolumab,0.3,71,30,50,0,50,676.5546594619751,Cmax
Nivolumab,0.3,71,30,50,0,50,0.027057114541839407,Terminal clearance
Nivolumab,0.3,72,0.1,50,0,50,432.7928314300819,AUC0-28d
Nivolumab,0.3,72,0.1,50,0,50,2.2557263270020487,Cmax
Nivolumab,0.3,72,0.1,50,0,50,0.022064598102965224,Terminal clearance
Nivolumab,0.3,72,1,50,0,50,4334.157030874202,AUC0-28d
Nivolumab,0.3,72,1,50,0,50,22.558446344733238,Cmax
Nivolumab,0.3,72,1,50,0,50,0.02197651230565203,Terminal clearance
Nivolumab,0.3,72,3,50,0,50,12974.248406530996,AUC0-28d
Nivolumab,0.3,72,3,50,0,50,67.67509332537651,Cmax
Nivolumab,0.3,72,3,50,0,50,0.02201394817536205,Terminal clearance
Nivolumab,0.3,72,10,50,0,50,42871.80345474334,AUC0-28d
Nivolumab,0.3,72,10,50,0,50,225.57491817951203,Cmax
Nivolumab,0.3,72,10,50,0,50,0.02219762846570975,Terminal clearance
Nivolumab,0.3,72,30,50,0,50,125334.92100980302,AUC0-28d
Nivolumab,0.3,72,30,50,0,50,676.6157703399658,Cmax
Nivolumab,0.3,72,30,50,0,50,0.02275967247021026,Terminal clearance
Nivolumab,0.3,73,0.1,50,0,50,454.95898504283883,AUC0-28d
Nivolumab,0.3,73,0.1,50,0,50,2.2557915396988393,Cmax
Nivolumab,0.3,73,0.1,50,0,50,0.02027740211073578,Terminal clearance
Nivolumab,0.3,73,1,50,0,50,4556.396068385918,AUC0-28d
Nivolumab,0.3,73,1,50,0,50,22.559061225950717,Cmax
Nivolumab,0.3,73,1,50,0,50,0.020194405430666387,Terminal clearance
Nivolumab,0.3,73,3,50,0,50,13641.548203340795,AUC0-28d
Nivolumab,0.3,73,3,50,0,50,67.67697188615799,Cmax
Nivolumab,0.3,73,3,50,0,50,0.020224879343589425,Terminal clearance
Nivolumab,0.3,73,10,50,0,50,45095.20533883286,AUC0-28d
Nivolumab,0.3,73,10,50,0,50,225.58174842357636,Cmax
Nivolumab,0.3,73,10,50,0,50,0.02038676804884876,Terminal clearance
Nivolumab,0.3,73,30,50,0,50,131976.99251519103,AUC0-28d
Nivolumab,0.3,73,30,50,0,50,676.6426464557647,Cmax
Nivolumab,0.3,73,30,50,0,50,0.02088617096930191,Terminal clearance
Nivolumab,0.3,74,0.1,50,0,50,347.4240466902083,AUC0-28d
Nivolumab,0.3,74,0.1,50,0,50,2.255429106131196,Cmax
Nivolumab,0.3,74,0.1,50,0,50,0.030570552723381047,Terminal clearance
Nivolumab,0.3,74,1,50,0,50,3479.4916412152975,AUC0-28d
Nivolumab,0.3,74,1,50,0,50,22.55551909416914,Cmax
Nivolumab,0.3,74,1,50,0,50,0.03046970442808046,Terminal clearance
Nivolumab,0.3,74,3,50,0,50,10411.660463323924,AUC0-28d
Nivolumab,0.3,74,3,50,0,50,67.66611744761467,Cmax
Nivolumab,0.3,74,3,50,0,50,0.030533643268016726,Terminal clearance
Nivolumab,0.3,74,10,50,0,50,34351.978136299556,AUC0-28d
Nivolumab,0.3,74,10,50,0,50,225.54233249902725,Cmax
Nivolumab,0.3,74,10,50,0,50,0.030827357602204463,Terminal clearance
Nivolumab,0.3,74,30,50,0,50,100016.11509334756,AUC0-28d
Nivolumab,0.3,74,30,50,0,50,676.489198141098,Cmax
Nivolumab,0.3,74,30,50,0,50,0.03171615152203867,Terminal clearance
Nivolumab,0.3,75,0.1,50,0,50,463.00268192199087,AUC0-28d
Nivolumab,0.3,75,0.1,50,0,50,2.255804720930755,Cmax
Nivolumab,0.3,75,0.1,50,0,50,0.019668716294769305,Terminal clearance
Nivolumab,0.3,75,1,50,0,50,4638.542792998573,AUC0-28d
Nivolumab,0.3,75,1,50,0,50,22.55926729589701,Cmax
Nivolumab,0.3,75,1,50,0,50,0.019570456503066828,Terminal clearance
Nivolumab,0.3,75,3,50,0,50,13888.561368669472,AUC0-28d
Nivolumab,0.3,75,3,50,0,50,67.67762386083604,Cmax
Nivolumab,0.3,75,3,50,0,50,0.019597184371429596,Terminal clearance
Nivolumab,0.3,75,10,50,0,50,45918.96005498376,AUC0-28d
Nivolumab,0.3,75,10,50,0,50,225.58414120197295,Cmax
Nivolumab,0.3,75,10,50,0,50,0.019751306944884136,Terminal clearance
Nivolumab,0.3,75,30,50,0,50,134441.7743601655,AUC0-28d
Nivolumab,0.3,75,30,50,0,50,676.6521075725556,Cmax
Nivolumab,0.3,75,30,50,0,50,0.02022925309169233,Terminal clearance
Nivolumab,0.3,76,0.1,50,0,50,382.34296994158797,AUC0-28d
Nivolumab,0.3,76,0.1,50,0,50,2.2555708145722746,Cmax
Nivolumab,0.3,76,0.1,50,0,50,0.026706895390769175,Terminal clearance
Nivolumab,0.3,76,1,50,0,50,3824.943317479421,AUC0-28d
Nivolumab,0.3,76,1,50,0,50,22.556838794648648,Cmax
Nivolumab,0.3,76,1,50,0,50,0.026663886361699803,Terminal clearance
Nivolumab,0.3,76,3,50,0,50,11445.563155567324,AUC0-28d
Nivolumab,0.3,76,3,50,0,50,67.67014312148095,Cmax
Nivolumab,0.3,76,3,50,0,50,0.02672376900530003,Terminal clearance
Nivolumab,0.3,76,10,50,0,50,37784.50951725339,AUC0-28d
Nivolumab,0.3,76,10,50,0,50,225.55691072940826,Cmax
Nivolumab,0.3,76,10,50,0,50,0.026969356814067074,Terminal clearance
Nivolumab,0.3,76,30,50,0,50,110190.91564382953,AUC0-28d
Nivolumab,0.3,76,30,50,0,50,676.5454761219024,Cmax
Nivolumab,0.3,76,30,50,0,50,0.02770684619065947,Terminal clearance
Nivolumab,0.3,77,0.1,50,0,50,367.80963960041163,AUC0-28d
Nivolumab,0.3,77,0.1,50,0,50,2.2555207737535237,Cmax
Nivolumab,0.3,77,0.1,50,0,50,0.028234146519741467,Terminal clearance
Nivolumab,0.3,77,1,50,0,50,3680.4579067305667,AUC0-28d
Nivolumab,0.3,77,1,50,0,50,22.55631835490465,Cmax
Nivolumab,0.3,77,1,50,0,50,0.028184587979034663,Terminal clearance
Nivolumab,0.3,77,3,50,0,50,11013.417962815016,AUC0-28d
Nivolumab,0.3,77,3,50,0,50,67.66854207634925,Cmax
Nivolumab,0.3,77,3,50,0,50,0.028245221105122734,Terminal clearance
Nivolumab,0.3,77,10,50,0,50,36350.065089882446,AUC0-28d
Nivolumab,0.3,77,10,50,0,50,225.55110021829606,Cmax
Nivolumab,0.3,77,10,50,0,50,0.028508731746027745,Terminal clearance
Nivolumab,0.3,77,30,50,0,50,105935.81904171057,AUC0-28d
Nivolumab,0.3,77,30,50,0,50,676.5229810810089,Cmax
Nivolumab,0.3,77,30,50,0,50,0.029305220302738386,Terminal clearance
Nivolumab,0.3,78,0.1,50,0,50,427.9915343800293,AUC0-28d
Nivolumab,0.3,78,0.1,50,0,50,2.255734645836055,Cmax
Nivolumab,0.3,78,0.1,50,0,50,0.022453862336702695,Terminal clearance
Nivolumab,0.3,78,1,50,0,50,4281.639369248386,AUC0-28d
Nivolumab,0.3,78,1,50,0,50,22.55831528842449,Cmax
Nivolumab,0.3,78,1,50,0,50,0.022415823837200536,Terminal clearance
Nivolumab,0.3,78,3,50,0,50,12815.27071087932,AUC0-28d
Nivolumab,0.3,78,3,50,0,50,67.67463793516158,Cmax
Nivolumab,0.3,78,3,50,0,50,0.02246080187231424,Terminal clearance
Nivolumab,0.3,78,10,50,0,50,42340.80878080024,AUC0-28d
Nivolumab,0.3,78,10,50,0,50,225.57320992231368,Cmax
Nivolumab,0.3,78,10,50,0,50,0.022652037290112063,Terminal clearance
Nivolumab,0.3,78,30,50,0,50,123749.49965046908,AUC0-28d
Nivolumab,0.3,78,30,50,0,50,676.6090389537811,Cmax
Nivolumab,0.3,78,30,50,0,50,0.023230758923716188,Terminal clearance
Nivolumab,0.3,79,0.1,50,0,50,290.6251992202346,AUC0-28d
Nivolumab,0.3,79,0.1,50,0,50,2.255172084346414,Cmax
Nivolumab,0.3,79,0.1,50,0,50,0.038410821672114424,Terminal clearance
Nivolumab,0.3,79,1,50,0,50,2906.8642162335764,AUC0-28d
Nivolumab,0.3,79,1,50,0,50,22.552775875031948,Cmax
Nivolumab,0.3,79,1,50,0,50,0.03837723883323542,Terminal clearance
Nivolumab,0.3,79,3,50,0,50,8694.297075528571,AUC0-28d
Nivolumab,0.3,79,3,50,0,50,67.65766614317894,Cmax
Nivolumab,0.3,79,3,50,0,50,0.03848131544923511,Terminal clearance
Nivolumab,0.3,79,10,50,0,50,28652.783845117265,AUC0-28d
Nivolumab,0.3,79,10,50,0,50,225.5117560005188,Cmax
Nivolumab,0.3,79,10,50,0,50,0.038895659614688854,Terminal clearance
Nivolumab,0.3,79,30,50,0,50,83186.33902050993,AUC0-28d
Nivolumab,0.3,79,30,50,0,50,676.3728159618378,Cmax
Nivolumab,0.3,79,30,50,0,50,0.04012469567331909,Terminal clearance
Nivolumab,0.3,80,0.1,50,0,50,327.27619023589665,AUC0-28d
Nivolumab,0.3,80,0.1,50,0,50,2.2553688265383243,Cmax
Nivolumab,0.3,80,0.1,50,0,50,0.03307687235103112,Terminal clearance
Nivolumab,0.3,80,1,50,0,50,3273.581826769838,AUC0-28d
Nivolumab,0.3,80,1,50,0,50,22.554647996127606,Cmax
Nivolumab,0.3,80,1,50,0,50,0.033041289094805255,Terminal clearance
Nivolumab,0.3,80,3,50,0,50,9793.05166533092,AUC0-28d
Nivolumab,0.3,80,3,50,0,50,67.66338240861893,Cmax
Nivolumab,0.3,80,3,50,0,50,0.033124131374974344,Terminal clearance
Nivolumab,0.3,80,10,50,0,50,32296.73420141076,AUC0-28d
Nivolumab,0.3,80,10,50,0,50,225.5323788332939,Cmax
Nivolumab,0.3,80,10,50,0,50,0.03345815541517096,Terminal clearance
Nivolumab,0.3,80,30,50,0,50,93936.07619314152,AUC0-28d
Nivolumab,0.3,80,30,50,0,50,676.451048746109,Cmax
Nivolumab,0.3,80,30,50,0,50,0.03445588288748283,Terminal clearance
Nivolumab,0.3,81,0.1,50,0,50,411.5890162793315,AUC0-28d
Nivolumab,0.3,81,0.1,50,0,50,2.255677463710308,Cmax
Nivolumab,0.3,81,0.1,50,0,50,0.023897079133864636,Terminal clearance
Nivolumab,0.3,81,1,50,0,50,4118.282252275784,AUC0-28d
Nivolumab,0.3,81,1,50,0,50,22.557815929949285,Cmax
Nivolumab,0.3,81,1,50,0,50,0.023849563168908443,Terminal clearance
Nivolumab,0.3,81,3,50,0,50,12325.743315363545,AUC0-28d
Nivolumab,0.3,81,3,50,0,50,67.67312495708465,Cmax
Nivolumab,0.3,81,3,50,0,50,0.023897444290299896,Terminal clearance
Nivolumab,0.3,81,10,50,0,50,40712.3428691554,AUC0-28d
Nivolumab,0.3,81,10,50,0,50,225.56772505044938,Cmax
Nivolumab,0.3,81,10,50,0,50,0.024105570920698684,Terminal clearance
Nivolumab,0.3,81,30,50,0,50,118897.50877111159,AUC0-28d
Nivolumab,0.3,81,30,50,0,50,676.5875749588013,Cmax
Nivolumab,0.3,81,30,50,0,50,0.02473616043048598,Terminal clearance
Nivolumab,0.3,82,0.1,50,0,50,354.2541974042936,AUC0-28d
Nivolumab,0.3,82,0.1,50,0,50,2.255462751314044,Cmax
Nivolumab,0.3,82,0.1,50,0,50,0.029748349932800348,Terminal clearance
Nivolumab,0.3,82,1,50,0,50,3545.218850137883,AUC0-28d
Nivolumab,0.3,82,1,50,0,50,22.55579182356596,Cmax
Nivolumab,0.3,82,1,50,0,50,0.029698564951434466,Terminal clearance
Nivolumab,0.3,82,3,50,0,50,10608.885696791096,AUC0-28d
Nivolumab,0.3,82,3,50,0,50,67.66694050908089,Cmax
Nivolumab,0.3,82,3,50,0,50,0.029760619966400562,Terminal clearance
Nivolumab,0.3,82,10,50,0,50,35007.89601116298,AUC0-28d
Nivolumab,0.3,82,10,50,0,50,225.54530484914778,Cmax
Nivolumab,0.3,82,10,50,0,50,0.03004242583878382,Terminal clearance
Nivolumab,0.3,82,30,50,0,50,101959.61057931744,AUC0-28d
Nivolumab,0.3,82,30,50,0,50,676.5006364154816,Cmax
Nivolumab,0.3,82,30,50,0,50,0.03089896839438329,Terminal clearance
Nivolumab,0.3,83,0.1,50,0,50,403.8129490262851,AUC0-28d
Nivolumab,0.3,83,0.1,50,0,50,2.2556476040184497,Cmax
Nivolumab,0.3,83,0.1,50,0,50,0.024612997769995773,Terminal clearance
Nivolumab,0.3,83,1,50,0,50,4041.0213718073137,AUC0-28d
Nivolumab,0.3,83,1,50,0,50,22.5575682631135,Cmax
Nivolumab,0.3,83,1,50,0,50,0.024559703516548993,Terminal clearance
Nivolumab,0.3,83,3,50,0,50,12094.32428032401,AUC0-28d
Nivolumab,0.3,83,3,50,0,50,67.67237534284591,Cmax
Nivolumab,0.3,83,3,50,0,50,0.024608788408645978,Terminal clearance
Nivolumab,0.3,83,10,50,0,50,39942.90925305818,AUC0-28d
Nivolumab,0.3,83,10,50,0,50,225.5650092434883,Cmax
Nivolumab,0.3,83,10,50,0,50,0.024825322260968397,Terminal clearance
Nivolumab,0.3,83,30,50,0,50,116607.69668045586,AUC0-28d
Nivolumab,0.3,83,30,50,0,50,676.5769797611237,Cmax
Nivolumab,0.3,83,30,50,0,50,0.0254820202002907,Terminal clearance
Nivolumab,0.3,84,0.1,50,0,50,396.31212932282955,AUC0-28d
Nivolumab,0.3,84,0.1,50,0,50,2.2555775506794453,Cmax
Nivolumab,0.3,84,0.1,50,0,50,0.02536247245668091,Terminal clearance
Nivolumab,0.3,84,1,50,0,50,3972.488821324852,AUC0-28d
Nivolumab,0.3,84,1,50,0,50,22.557309174537657,Cmax
Nivolumab,0.3,84,1,50,0,50,0.02521120298479204,Terminal clearance
Nivolumab,0.3,84,3,50,0,50,11889.789633514307,AUC0-28d
Nivolumab,0.3,84,3,50,0,50,67.67167176365852,Cmax
Nivolumab,0.3,84,3,50,0,50,0.025256364695944635,Terminal clearance
Nivolumab,0.3,84,10,50,0,50,39263.44317685417,AUC0-28d
Nivolumab,0.3,84,10,50,0,50,225.5625287461281,Cmax
Nivolumab,0.3,84,10,50,0,50,0.025479847945411783,Terminal clearance
Nivolumab,0.3,84,30,50,0,50,114587.17108270762,AUC0-28d
Nivolumab,0.3,84,30,50,0,50,676.5673459911346,Cmax
Nivolumab,0.3,84,30,50,0,50,0.026160445393970153,Terminal clearance
Nivolumab,0.3,85,0.1,50,0,50,426.4911494477211,AUC0-28d
Nivolumab,0.3,85,0.1,50,0,50,2.2557131430506705,Cmax
Nivolumab,0.3,85,0.1,50,0,50,0.022581295239973636,Terminal clearance
Nivolumab,0.3,85,1,50,0,50,4267.884078034903,AUC0-28d
Nivolumab,0.3,85,1,50,0,50,22.558259963691235,Cmax
Nivolumab,0.3,85,1,50,0,50,0.022534945110940757,Terminal clearance
Nivolumab,0.3,85,3,50,0,50,12775.212908128633,AUC0-28d
Nivolumab,0.3,85,3,50,0,50,67.67450870633125,Cmax
Nivolumab,0.3,85,3,50,0,50,0.022575997262205865,Terminal clearance
Nivolumab,0.3,85,10,50,0,50,42209.40875722284,AUC0-28d
Nivolumab,0.3,85,10,50,0,50,225.57277794122695,Cmax
Nivolumab,0.3,85,10,50,0,50,0.022766378049979948,Terminal clearance
Nivolumab,0.3,85,30,50,0,50,123359.57962901665,AUC0-28d
Nivolumab,0.3,85,30,50,0,50,676.607360458374,Cmax
Nivolumab,0.3,85,30,50,0,50,0.023348326603129674,Terminal clearance
Nivolumab,0.3,86,0.1,50,0,50,433.7388975667506,AUC0-28d
Nivolumab,0.3,86,0.1,50,0,50,2.255735788010061,Cmax
Nivolumab,0.3,86,0.1,50,0,50,0.021982843226751942,Terminal clearance
Nivolumab,0.3,86,1,50,0,50,4344.089075362819,AUC0-28d
Nivolumab,0.3,86,1,50,0,50,22.5584820240736,Cmax
Nivolumab,0.3,86,1,50,0,50,0.02189485904718637,Terminal clearance
Nivolumab,0.3,86,3,50,0,50,13004.73209881488,AUC0-28d
Nivolumab,0.3,86,3,50,0,50,67.67518844127655,Cmax
Nivolumab,0.3,86,3,50,0,50,0.021929595290613814,Terminal clearance
Nivolumab,0.3,86,10,50,0,50,42974.4066562278,AUC0-28d
Nivolumab,0.3,86,10,50,0,50,225.57525008440018,Cmax
Nivolumab,0.3,86,10,50,0,50,0.02211101558376536,Terminal clearance
Nivolumab,0.3,86,30,50,0,50,125642.15230930941,AUC0-28d
Nivolumab,0.3,86,30,50,0,50,676.6170673274994,Cmax
Nivolumab,0.3,86,30,50,0,50,0.022669570983863234,Terminal clearance
Nivolumab,0.3,87,0.1,50,0,50,455.99606116899406,AUC0-28d
Nivolumab,0.3,87,0.1,50,0,50,2.2558242548257113,Cmax
Nivolumab,0.3,87,0.1,50,0,50,0.020183025395878653,Terminal clearance
Nivolumab,0.3,87,1,50,0,50,4562.724445198201,AUC0-28d
Nivolumab,0.3,87,1,50,0,50,22.55910469383001,Cmax
Nivolumab,0.3,87,1,50,0,50,0.020144037772651446,Terminal clearance
Nivolumab,0.3,87,3,50,0,50,13660.122253386176,AUC0-28d
Nivolumab,0.3,87,3,50,0,50,67.67704228758812,Cmax
Nivolumab,0.3,87,3,50,0,50,0.020176928391410772,Terminal clearance
Nivolumab,0.3,87,10,50,0,50,45157.30334373721,AUC0-28d
Nivolumab,0.3,87,10,50,0,50,225.58194248437883,Cmax
Nivolumab,0.3,87,10,50,0,50,0.020338301684015667,Terminal clearance
Nivolumab,0.3,87,30,50,0,50,132163.2964783005,AUC0-28d
Nivolumab,0.3,87,30,50,0,50,676.6433809280395,Cmax
Nivolumab,0.3,87,30,50,0,50,0.0208358795572356,Terminal clearance
Nivolumab,0.3,88,0.1,50,0,50,407.1381149621815,AUC0-28d
Nivolumab,0.3,88,0.1,50,0,50,2.2556483736261725,Cmax
Nivolumab,0.3,88,0.1,50,0,50,0.024317477187408756,Terminal clearance
Nivolumab,0.3,88,1,50,0,50,4077.3511647503015,AUC0-28d
Nivolumab,0.3,88,1,50,0,50,22.557675105333328,Cmax
Nivolumab,0.3,88,1,50,0,50,0.02422555098568381,Terminal clearance
Nivolumab,0.3,88,3,50,0,50,12204.088653903369,AUC0-28d
Nivolumab,0.3,88,3,50,0,50,67.67272656679154,Cmax
Nivolumab,0.3,88,3,50,0,50,0.024269405862317944,Terminal clearance
Nivolumab,0.3,88,10,50,0,50,40308.920568614885,AUC0-28d
Nivolumab,0.3,88,10,50,0,50,225.56631058216095,Cmax
Nivolumab,0.3,88,10,50,0,50,0.024480401881781425,Terminal clearance
Nivolumab,0.3,88,30,50,0,50,117697.62693426546,AUC0-28d
Nivolumab,0.3,88,30,50,0,50,676.5820639801026,Cmax
Nivolumab,0.3,88,30,50,0,50,0.025124104826238405,Terminal clearance
Nivolumab,0.3,89,0.1,50,0,50,354.85470787980785,AUC0-28d
Nivolumab,0.3,89,0.1,50,0,50,2.2555118430405856,Cmax
Nivolumab,0.3,89,0.1,50,0,50,0.029671508670951367,Terminal clearance
Nivolumab,0.3,89,1,50,0,50,3547.7132170375367,AUC0-28d
Nivolumab,0.3,89,1,50,0,50,22.55584251433611,Cmax
Nivolumab,0.3,89,1,50,0,50,0.02966601298948367,Terminal clearance
Nivolumab,0.3,89,3,50,0,50,10614.879238319325,AUC0-28d
Nivolumab,0.3,89,3,50,0,50,67.66699481129646,Cmax
Nivolumab,0.3,89,3,50,0,50,0.029736066026562768,Terminal clearance
Nivolumab,0.3,89,10,50,0,50,35025.93179422091,AUC0-28d
Nivolumab,0.3,89,10,50,0,50,225.545401096344,Cmax
Nivolumab,0.3,89,10,50,0,50,0.030020719996130558,Terminal clearance
Nivolumab,0.3,89,30,50,0,50,102011.47220398656,AUC0-28d
Nivolumab,0.3,89,30,50,0,50,676.5009448242188,Cmax
Nivolumab,0.3,89,30,50,0,50,0.03087732274295677,Terminal clearance
Nivolumab,0.3,90,0.1,50,0,50,375.09275706671053,AUC0-28d
Nivolumab,0.3,90,0.1,50,0,50,2.2555656530335546,Cmax
Nivolumab,0.3,90,0.1,50,0,50,0.02745846784846684,Terminal clearance
Nivolumab,0.3,90,1,50,0,50,3753.5558745457556,AUC0-28d
Nivolumab,0.3,90,1,50,0,50,22.556604115962983,Cmax
Nivolumab,0.3,90,1,50,0,50,0.02740429413811997,Terminal clearance
Nivolumab,0.3,90,3,50,0,50,11232.460069081988,AUC0-28d
Nivolumab,0.3,90,3,50,0,50,67.66937993168831,Cmax
Nivolumab,0.3,90,3,50,0,50,0.027462516935139212,Terminal clearance
Nivolumab,0.3,90,10,50,0,50,37077.665402007384,AUC0-28d
Nivolumab,0.3,90,10,50,0,50,225.55410111188888,Cmax
Nivolumab,0.3,90,10,50,0,50,0.027715854037074175,Terminal clearance
Nivolumab,0.3,90,30,50,0,50,108094.01355729824,AUC0-28d
Nivolumab,0.3,90,30,50,0,50,676.5345655536652,Cmax
Nivolumab,0.3,90,30,50,0,50,0.028481501046059825,Terminal clearance
Nivolumab,0.3,91,0.1,50,0,50,444.95585797544953,AUC0-28d
Nivolumab,0.3,91,0.1,50,0,50,2.2557903213798998,Cmax
Nivolumab,0.3,91,0.1,50,0,50,0.02107083155380228,Terminal clearance
Nivolumab,0.3,91,1,50,0,50,4455.594189666952,AUC0-28d
Nivolumab,0.3,91,1,50,0,50,22.558812928199767,Cmax
Nivolumab,0.3,91,1,50,0,50,0.02098407842303388,Terminal clearance
Nivolumab,0.3,91,3,50,0,50,13337.985302535222,AUC0-28d
Nivolumab,0.3,91,3,50,0,50,67.67615343689918,Cmax
Nivolumab,0.3,91,3,50,0,50,0.021020647458758125,Terminal clearance
Nivolumab,0.3,91,10,50,0,50,44082.166945337136,AUC0-28d
Nivolumab,0.3,91,10,50,0,50,225.5787149834633,Cmax
Nivolumab,0.3,91,10,50,0,50,0.021193614975127298,Terminal clearance
Nivolumab,0.3,91,30,50,0,50,128947.5671430862,AUC0-28d
Nivolumab,0.3,91,30,50,0,50,676.6306498432159,Cmax
Nivolumab,0.3,91,30,50,0,50,0.02172115969097503,Terminal clearance
Nivolumab,0.3,92,0.1,50,0,50,335.9541349679,AUC0-28d
Nivolumab,0.3,92,0.1,50,0,50,2.255368511080742,Cmax
Nivolumab,0.3,92,0.1,50,0,50,0.03197998900239968,Terminal clearance
Nivolumab,0.3,92,1,50,0,50,3364.2478858388968,AUC0-28d
Nivolumab,0.3,92,1,50,0,50,22.555020083785056,Cmax
Nivolumab,0.3,92,1,50,0,50,0.03187806262721284,Terminal clearance
Nivolumab,0.3,92,3,50,0,50,10065.712928979441,AUC0-28d
Nivolumab,0.3,92,3,50,0,50,67.66460821151733,Cmax
Nivolumab,0.3,92,3,50,0,50,0.03194991699692967,Terminal clearance
Nivolumab,0.3,92,10,50,0,50,33202.65851486147,AUC0-28d
Nivolumab,0.3,92,10,50,0,50,225.53688591718674,Cmax
Nivolumab,0.3,92,10,50,0,50,0.03226499465107307,Terminal clearance
Nivolumab,0.3,92,30,50,0,50,96614.81071285155,AUC0-28d
Nivolumab,0.3,92,30,50,0,50,676.468327293396,Cmax
Nivolumab,0.3,92,30,50,0,50,0.03321286990649322,Terminal clearance
Nivolumab,0.3,93,0.1,50,0,50,370.88817512272897,AUC0-28d
Nivolumab,0.3,93,0.1,50,0,50,2.255524605475366,Cmax
Nivolumab,0.3,93,0.1,50,0,50,0.027911576883680744,Terminal clearance
Nivolumab,0.3,93,1,50,0,50,3712.6939623436265,AUC0-28d
Nivolumab,0.3,93,1,50,0,50,22.55643081009388,Cmax
Nivolumab,0.3,93,1,50,0,50,0.027838154075461616,Terminal clearance
Nivolumab,0.3,93,3,50,0,50,11110.148785173713,AUC0-28d
Nivolumab,0.3,93,3,50,0,50,67.66890565752983,Cmax
Nivolumab,0.3,93,3,50,0,50,0.027896545107153527,Terminal clearance
Nivolumab,0.3,93,10,50,0,50,36671.348292469294,AUC0-28d
Nivolumab,0.3,93,10,50,0,50,225.55243149280548,Cmax
Nivolumab,0.3,93,10,50,0,50,0.02815542645988723,Terminal clearance
Nivolumab,0.3,93,30,50,0,50,106888.52847411433,AUC0-28d
Nivolumab,0.3,93,30,50,0,50,676.5281425762176,Cmax
Nivolumab,0.3,93,30,50,0,50,0.02893813950654494,Terminal clearance
Nivolumab,0.3,94,0.1,50,0,50,299.94472255938626,AUC0-28d
Nivolumab,0.3,94,0.1,50,0,50,2.2552436551451684,Cmax
Nivolumab,0.3,94,0.1,50,0,50,0.03694914208702757,Terminal clearance
Nivolumab,0.3,94,1,50,0,50,3000.2465968037386,AUC0-28d
Nivolumab,0.3,94,1,50,0,50,22.553306496441365,Cmax
Nivolumab,0.3,94,1,50,0,50,0.03691428268106597,Terminal clearance
Nivolumab,0.3,94,3,50,0,50,8974.351308113479,AUC0-28d
Nivolumab,0.3,94,3,50,0,50,67.6592514371872,Cmax
Nivolumab,0.3,94,3,50,0,50,0.03701057075681446,Terminal clearance
Nivolumab,0.3,94,10,50,0,50,29581.69942988529,AUC0-28d
Nivolumab,0.3,94,10,50,0,50,225.5174371957779,Cmax
Nivolumab,0.3,94,10,50,0,50,0.037401355922521945,Terminal clearance
Nivolumab,0.3,94,30,50,0,50,85923.87312865625,AUC0-28d
Nivolumab,0.3,94,30,50,0,50,676.3942444515228,Cmax
Nivolumab,0.3,94,30,50,0,50,0.03856545747180309,Terminal clearance
Nivolumab,0.3,95,0.1,50,0,50,388.8672331487355,AUC0-28d
Nivolumab,0.3,95,0.1,50,0,50,2.2556189762428405,Cmax
Nivolumab,0.3,95,0.1,50,0,50,0.026045139623092118,Terminal clearance
Nivolumab,0.3,95,1,50,0,50,3889.3153278463965,AUC0-28d
Nivolumab,0.3,95,1,50,0,50,22.557084503471852,Cmax
Nivolumab,0.3,95,1,50,0,50,0.0260168703483223,Terminal clearance
Nivolumab,0.3,95,3,50,0,50,11638.673545118743,AUC0-28d
Nivolumab,0.3,95,3,50,0,50,67.67084435105323,Cmax
Nivolumab,0.3,95,3,50,0,50,0.026074290572330874,Terminal clearance
Nivolumab,0.3,95,10,50,0,50,38426.795758465574,AUC0-28d
Nivolumab,0.3,95,10,50,0,50,225.5594070649147,Cmax
Nivolumab,0.3,95,10,50,0,50,0.026310932170077753,Terminal clearance
Nivolumab,0.3,95,30,50,0,50,112099.10144520989,AUC0-28d
Nivolumab,0.3,95,30,50,0,50,676.5551391315461,Cmax
Nivolumab,0.3,95,30,50,0,50,0.027023290855082725,Terminal clearance
Nivolumab,0.3,96,0.1,50,0,50,355.42618790437325,AUC0-28d
Nivolumab,0.3,96,0.1,50,0,50,2.255468405075371,Cmax
Nivolumab,0.3,96,0.1,50,0,50,0.02962125072150895,Terminal clearance
Nivolumab,0.3,96,1,50,0,50,3558.4227794663084,AUC0-28d
Nivolumab,0.3,96,1,50,0,50,22.555845516622067,Cmax
Nivolumab,0.3,96,1,50,0,50,0.029547787753029756,Terminal clearance
Nivolumab,0.3,96,3,50,0,50,10648.583536746548,AUC0-28d
Nivolumab,0.3,96,3,50,0,50,67.66710263252259,Cmax
Nivolumab,0.3,96,3,50,0,50,0.029607882055350625,Terminal clearance
Nivolumab,0.3,96,10,50,0,50,35139.572171191016,AUC0-28d
Nivolumab,0.3,96,10,50,0,50,225.54589086055756,Cmax
Nivolumab,0.3,96,10,50,0,50,0.029887662751961783,Terminal clearance
Nivolumab,0.3,96,30,50,0,50,102349.3151296578,AUC0-28d
Nivolumab,0.3,96,30,50,0,50,676.5028878688812,Cmax
Nivolumab,0.3,96,30,50,0,50,0.030738182366726114,Terminal clearance
Nivolumab,0.3,97,0.1,50,0,50,433.64989198634896,AUC0-28d
Nivolumab,0.3,97,0.1,50,0,50,2.255729954764247,Cmax
Nivolumab,0.3,97,0.1,50,0,50,0.02198681786727273,Terminal clearance
Nivolumab,0.3,97,1,50,0,50,4342.300026682739,AUC0-28d
Nivolumab,0.3,97,1,50,0,50,22.558472038209437,Cmax
Nivolumab,0.3,97,1,50,0,50,0.02190895789336731,Terminal clearance
Nivolumab,0.3,97,3,50,0,50,12999.03014375194,AUC0-28d
Nivolumab,0.3,97,3,50,0,50,67.67516842603683,Cmax
Nivolumab,0.3,97,3,50,0,50,0.02194521015565023,Terminal clearance
Nivolumab,0.3,97,10,50,0,50,42954.99638376632,AUC0-28d
Nivolumab,0.3,97,10,50,0,50,225.57518586158753,Cmax
Nivolumab,0.3,97,10,50,0,50,0.022127335748869617,Terminal clearance
Nivolumab,0.3,97,30,50,0,50,125583.85887292227,AUC0-28d
Nivolumab,0.3,97,30,50,0,50,676.616822271347,Cmax
Nivolumab,0.3,97,30,50,0,50,0.022686623734992292,Terminal clearance
Nivolumab,0.3,98,0.1,50,0,50,376.00367297380905,AUC0-28d
Nivolumab,0.3,98,0.1,50,0,50,2.2555847028642892,Cmax
Nivolumab,0.3,98,0.1,50,0,50,0.02735957919782038,Terminal clearance
Nivolumab,0.3,98,1,50,0,50,3762.1197325795956,AUC0-28d
Nivolumab,0.3,98,1,50,0,50,22.55664897620678,Cmax
Nivolumab,0.3,98,1,50,0,50,0.027314680265781325,Terminal clearance
Nivolumab,0.3,98,3,50,0,50,11258.330645879185,AUC0-28d
Nivolumab,0.3,98,3,50,0,50,67.66948688268661,Cmax
Nivolumab,0.3,98,3,50,0,50,0.027371975886470643,Terminal clearance
Nivolumab,0.3,98,10,50,0,50,37164.12715963907,AUC0-28d
Nivolumab,0.3,98,10,50,0,50,225.55445929765702,Cmax
Nivolumab,0.3,98,10,50,0,50,0.02762346769599359,Terminal clearance
Nivolumab,0.3,98,30,50,0,50,108351.1562091805,AUC0-28d
Nivolumab,0.3,98,30,50,0,50,676.5359251976013,Cmax
Nivolumab,0.3,98,30,50,0,50,0.028385218907975084,Terminal clearance
Nivolumab,0.3,99,0.1,50,0,50,417.61041160281377,AUC0-28d
Nivolumab,0.3,99,0.1,50,0,50,2.2556896360218524,Cmax
Nivolumab,0.3,99,0.1,50,0,50,0.023350911318216226,Terminal clearance
Nivolumab,0.3,99,1,50,0,50,4177.277710548462,AUC0-28d
Nivolumab,0.3,99,1,50,0,50,22.557991541922092,Cmax
Nivolumab,0.3,99,1,50,0,50,0.023321198994925994,Terminal clearance
Nivolumab,0.3,99,3,50,0,50,12502.553108097067,AUC0-28d
Nivolumab,0.3,99,3,50,0,50,67.67367685556411,Cmax
Nivolumab,0.3,99,3,50,0,50,0.0233682923982492,Terminal clearance
Nivolumab,0.3,99,10,50,0,50,41300.684519330294,AUC0-28d
Nivolumab,0.3,99,10,50,0,50,225.5697450232506,Cmax
Nivolumab,0.3,99,10,50,0,50,0.023569903304829783,Terminal clearance
Nivolumab,0.3,99,30,50,0,50,120649.94447978941,AUC0-28d
Nivolumab,0.3,99,30,50,0,50,676.5954780197144,Cmax
Nivolumab,0.3,99,30,50,0,50,0.02418108203371481,Terminal clearance
Nivolumab,0.3,100,0.1,50,0,50,393.3852226926137,AUC0-28d
Nivolumab,0.3,100,0.1,50,0,50,2.25558018039912,Cmax
Nivolumab,0.3,100,0.1,50,0,50,0.025620957303353772,Terminal clearance
Nivolumab,0.3,100,1,50,0,50,3938.040756358987,AUC0-28d
Nivolumab,0.3,100,1,50,0,50,22.557202723920344,Cmax
Nivolumab,0.3,100,1,50,0,50,0.025539803591083522,Terminal clearance
Nivolumab,0.3,100,3,50,0,50,11785.092093932506,AUC0-28d
Nivolumab,0.3,100,3,50,0,50,67.67131966948509,Cmax
Nivolumab,0.3,100,3,50,0,50,0.025593376254538214,Terminal clearance
Nivolumab,0.3,100,10,50,0,50,38913.63525182968,AUC0-28d
Nivolumab,0.3,100,10,50,0,50,225.56122967004777,Cmax
Nivolumab,0.3,100,10,50,0,50,0.02582358844516112,Terminal clearance
Nivolumab,0.3,100,30,50,0,50,113545.77459073547,AUC0-28d
Nivolumab,0.3,100,30,50,0,50,676.5622805690765,Cmax
Nivolumab,0.3,100,30,50,0,50,0.026517716453103638,Terminal clearance
Nivolumab,0.6,1,0.1,50,0,50,488.7455315371723,AUC0-28d
Nivolumab,0.6,1,0.1,50,0,50,2.255831540264189,Cmax
Nivolumab,0.6,1,0.1,50,0,50,0.01780386639963976,Terminal clearance
Nivolumab,0.6,1,1,50,0,50,4892.396188019814,AUC0-28d
Nivolumab,0.6,1,1,50,0,50,22.559860508441925,Cmax
Nivolumab,0.6,1,1,50,0,50,0.017738900870865076,Terminal clearance
Nivolumab,0.6,1,3,50,0,50,14647.706032172027,AUC0-28d
Nivolumab,0.6,1,3,50,0,50,67.6795108628273,Cmax
Nivolumab,0.6,1,3,50,0,50,0.017769390816193976,Terminal clearance
Nivolumab,0.6,1,10,50,0,50,48446.22536119839,AUC0-28d
Nivolumab,0.6,1,10,50,0,50,225.59107117414476,Cmax
Nivolumab,0.6,1,10,50,0,50,0.017907435808520118,Terminal clearance
Nivolumab,0.6,1,30,50,0,50,142011.29861963307,AUC0-28d
Nivolumab,0.6,1,30,50,0,50,676.6795935440064,Cmax
Nivolumab,0.6,1,30,50,0,50,0.018327030425747622,Terminal clearance
Nivolumab,0.6,2,0.1,50,0,50,218.80928601191042,AUC0-28d
Nivolumab,0.6,2,0.1,50,0,50,2.2546704306453464,Cmax
Nivolumab,0.6,2,0.1,50,0,50,0.05321323150824377,Terminal clearance
Nivolumab,0.6,2,1,50,0,50,2186.875177483696,AUC0-28d
Nivolumab,0.6,2,1,50,0,50,22.54753616809845,Cmax
Nivolumab,0.6,2,1,50,0,50,0.05323426256398812,Terminal clearance
Nivolumab,0.6,2,3,50,0,50,6538.007329989334,AUC0-28d
Nivolumab,0.6,2,3,50,0,50,67.64157328128815,Cmax
Nivolumab,0.6,2,3,50,0,50,0.05340552185558726,Terminal clearance
Nivolumab,0.6,2,10,50,0,50,21514.17146488073,AUC0-28d
Nivolumab,0.6,2,10,50,0,50,225.4539175271988,Cmax
Nivolumab,0.6,2,10,50,0,50,0.0540610480733591,Terminal clearance
Nivolumab,0.6,2,30,50,0,50,62232.27888822945,AUC0-28d
Nivolumab,0.6,2,30,50,0,50,676.1583765125274,Cmax
Nivolumab,0.6,2,30,50,0,50,0.05597218968175756,Terminal clearance
Nivolumab,0.6,3,0.1,50,0,50,241.09455855331348,AUC0-28d
Nivolumab,0.6,3,0.1,50,0,50,2.2548327662050722,Cmax
Nivolumab,0.6,3,0.1,50,0,50,0.047783736504406815,Terminal clearance
Nivolumab,0.6,3,1,50,0,50,2409.3937719266587,AUC0-28d
Nivolumab,0.6,3,1,50,0,50,22.549440574645995,Cmax
Nivolumab,0.6,3,1,50,0,50,0.04780140663580565,Terminal clearance
Nivolumab,0.6,3,3,50,0,50,7203.356203650675,AUC0-28d
Nivolumab,0.6,3,3,50,0,50,67.64746550679207,Cmax
Nivolumab,0.6,3,3,50,0,50,0.04795492015189491,Terminal clearance
Nivolumab,0.6,3,10,50,0,50,23713.38028862986,AUC0-28d
Nivolumab,0.6,3,10,50,0,50,225.4750776386261,Cmax
Nivolumab,0.6,3,10,50,0,50,0.04852468529659857,Terminal clearance
Nivolumab,0.6,3,30,50,0,50,68670.39882018183,AUC0-28d
Nivolumab,0.6,3,30,50,0,50,676.2360384273529,Cmax
Nivolumab,0.6,3,30,50,0,50,0.05018450609293962,Terminal clearance
Nivolumab,0.6,4,0.1,50,0,50,453.224669043697,AUC0-28d
Nivolumab,0.6,4,0.1,50,0,50,2.255760442651808,Cmax
Nivolumab,0.6,4,0.1,50,0,50,0.020442591543083543,Terminal clearance
Nivolumab,0.6,4,1,50,0,50,4546.4032589220615,AUC0-28d
Nivolumab,0.6,4,1,50,0,50,22.55901295006275,Cmax
Nivolumab,0.6,4,1,50,0,50,0.020275217651761185,Terminal clearance
Nivolumab,0.6,4,3,50,0,50,13612.870571486292,AUC0-28d
Nivolumab,0.6,4,3,50,0,50,67.67688068628311,Cmax
Nivolumab,0.6,4,3,50,0,50,0.020299741565471662,Terminal clearance
Nivolumab,0.6,4,10,50,0,50,45000.81390327852,AUC0-28d
Nivolumab,0.6,4,10,50,0,50,225.58146490335466,Cmax
Nivolumab,0.6,4,10,50,0,50,0.020460916402635445,Terminal clearance
Nivolumab,0.6,4,30,50,0,50,131695.57180634025,AUC0-28d
Nivolumab,0.6,4,30,50,0,50,676.6415492725372,Cmax
Nivolumab,0.6,4,30,50,0,50,0.020962498406092663,Terminal clearance
Nivolumab,0.6,5,0.1,50,0,50,446.1467375889133,AUC0-28d
Nivolumab,0.6,5,0.1,50,0,50,2.2557844745367763,Cmax
Nivolumab,0.6,5,0.1,50,0,50,0.02095258619873996,Terminal clearance
Nivolumab,0.6,5,1,50,0,50,4461.427269014255,AUC0-28d
Nivolumab,0.6,5,1,50,0,50,22.558817040026188,Cmax
Nivolumab,0.6,5,1,50,0,50,0.02093459966028246,Terminal clearance
Nivolumab,0.6,5,3,50,0,50,13354.117936503775,AUC0-28d
Nivolumab,0.6,5,3,50,0,50,67.67618929028511,Cmax
Nivolumab,0.6,5,3,50,0,50,0.020976733035960475,Terminal clearance
Nivolumab,0.6,5,10,50,0,50,44134.547688390034,AUC0-28d
Nivolumab,0.6,5,10,50,0,50,225.57886657714843,Cmax
Nivolumab,0.6,5,10,50,0,50,0.021150913234526596,Terminal clearance
Nivolumab,0.6,5,30,50,0,50,129103.02831320009,AUC0-28d
Nivolumab,0.6,5,30,50,0,50,676.631277103424,Cmax
Nivolumab,0.6,5,30,50,0,50,0.02167744140369608,Terminal clearance
Nivolumab,0.6,6,0.1,50,0,50,443.28503885498856,AUC0-28d
Nivolumab,0.6,6,0.1,50,0,50,2.255708000548184,Cmax
Nivolumab,0.6,6,0.1,50,0,50,0.021212525079640675,Terminal clearance
Nivolumab,0.6,6,1,50,0,50,4446.216616470342,AUC0-28d
Nivolumab,0.6,6,1,50,0,50,22.55872734129429,Cmax
Nivolumab,0.6,6,1,50,0,50,0.021065366908356857,Terminal clearance
Nivolumab,0.6,6,3,50,0,50,13313.211223780727,AUC0-28d
Nivolumab,0.6,6,3,50,0,50,67.67604657292367,Cmax
Nivolumab,0.6,6,3,50,0,50,0.021089291460575595,Terminal clearance
Nivolumab,0.6,6,10,50,0,50,44004.181555704105,AUC0-28d
Nivolumab,0.6,6,10,50,0,50,225.57845791816712,Cmax
Nivolumab,0.6,6,10,50,0,50,0.021257771740372678,Terminal clearance
Nivolumab,0.6,6,30,50,0,50,128718.70393268195,AUC0-28d
Nivolumab,0.6,6,30,50,0,50,676.6297280979156,Cmax
Nivolumab,0.6,6,30,50,0,50,0.021785873413945694,Terminal clearance
Nivolumab,0.6,7,0.1,50,0,50,300.6206260952152,AUC0-28d
Nivolumab,0.6,7,0.1,50,0,50,2.25522875521332,Cmax
Nivolumab,0.6,7,0.1,50,0,50,0.0368399032603701,Terminal clearance
Nivolumab,0.6,7,1,50,0,50,3005.2954303791844,AUC0-28d
Nivolumab,0.6,7,1,50,0,50,22.55331524223089,Cmax
Nivolumab,0.6,7,1,50,0,50,0.036834612506134866,Terminal clearance
Nivolumab,0.6,7,3,50,0,50,8988.553650723366,AUC0-28d
Nivolumab,0.6,7,3,50,0,50,67.65931461572647,Cmax
Nivolumab,0.6,7,3,50,0,50,0.036936798970731245,Terminal clearance
Nivolumab,0.6,7,10,50,0,50,29627.448659045043,AUC0-28d
Nivolumab,0.6,7,10,50,0,50,225.51769809007644,Cmax
Nivolumab,0.6,7,10,50,0,50,0.037329342868811975,Terminal clearance
Nivolumab,0.6,7,30,50,0,50,86057.47610606384,AUC0-28d
Nivolumab,0.6,7,30,50,0,50,676.3952615737915,Cmax
Nivolumab,0.6,7,30,50,0,50,0.0384913294561735,Terminal clearance
Nivolumab,0.6,8,0.1,50,0,50,338.2163002736235,AUC0-28d
Nivolumab,0.6,8,0.1,50,0,50,2.2554269822314383,Cmax
Nivolumab,0.6,8,0.1,50,0,50,0.03165842441853072,Terminal clearance
Nivolumab,0.6,8,1,50,0,50,3379.5616664118425,AUC0-28d
Nivolumab,0.6,8,1,50,0,50,22.555128840506075,Cmax
Nivolumab,0.6,8,1,50,0,50,0.031679333882783614,Terminal clearance
Nivolumab,0.6,8,3,50,0,50,10110.15252342421,AUC0-28d
Nivolumab,0.6,8,3,50,0,50,67.66483542799949,Cmax
Nivolumab,0.6,8,3,50,0,50,0.03176179558060976,Terminal clearance
Nivolumab,0.6,8,10,50,0,50,33349.32104120411,AUC0-28d
Nivolumab,0.6,8,10,50,0,50,225.5376148200035,Cmax
Nivolumab,0.6,8,10,50,0,50,0.032076692086044835,Terminal clearance
Nivolumab,0.6,8,30,50,0,50,97048.53409715145,AUC0-28d
Nivolumab,0.6,8,30,50,0,50,676.4710591125488,Cmax
Nivolumab,0.6,8,30,50,0,50,0.03301706511820555,Terminal clearance
Nivolumab,0.6,9,0.1,50,0,50,399.493277663297,AUC0-28d
Nivolumab,0.6,9,0.1,50,0,50,2.255630210340023,Cmax
Nivolumab,0.6,9,0.1,50,0,50,0.025025318920022965,Terminal clearance
Nivolumab,0.6,9,1,50,0,50,3998.0628412179635,AUC0-28d
Nivolumab,0.6,9,1,50,0,50,22.557425872087478,Cmax
Nivolumab,0.6,9,1,50,0,50,0.024963060949881734,Terminal clearance
Nivolumab,0.6,9,3,50,0,50,11964.95694234266,AUC0-28d
Nivolumab,0.6,9,3,50,0,50,67.67194362282753,Cmax
Nivolumab,0.6,9,3,50,0,50,0.02501532369489141,Terminal clearance
Nivolumab,0.6,9,10,50,0,50,39511.681654412314,AUC0-28d
Nivolumab,0.6,9,10,50,0,50,225.5634461402893,Cmax
Nivolumab,0.6,9,10,50,0,50,0.0252382863139063,Terminal clearance
Nivolumab,0.6,9,30,50,0,50,115323.9347870794,AUC0-28d
Nivolumab,0.6,9,30,50,0,50,676.5708902549744,Cmax
Nivolumab,0.6,9,30,50,0,50,0.02591068350670322,Terminal clearance
Nivolumab,0.6,10,0.1,50,0,50,432.945184853618,AUC0-28d
Nivolumab,0.6,10,0.1,50,0,50,2.255759150907397,Cmax
Nivolumab,0.6,10,0.1,50,0,50,0.02204374131210819,Terminal clearance
Nivolumab,0.6,10,1,50,0,50,4332.184474155607,AUC0-28d
Nivolumab,0.6,10,1,50,0,50,22.5584698843956,Cmax
Nivolumab,0.6,10,1,50,0,50,0.02198958614641633,Terminal clearance
Nivolumab,0.6,10,3,50,0,50,12966.494740149137,AUC0-28d
Nivolumab,0.6,10,3,50,0,50,67.67509088873864,Cmax
Nivolumab,0.6,10,3,50,0,50,0.0220341814926964,Terminal clearance
Nivolumab,0.6,10,10,50,0,50,42843.466882804605,AUC0-28d
Nivolumab,0.6,10,10,50,0,50,225.57483550786972,Cmax
Nivolumab,0.6,10,10,50,0,50,0.022221157399241867,Terminal clearance
Nivolumab,0.6,10,30,50,0,50,125248.08376454229,AUC0-28d
Nivolumab,0.6,10,30,50,0,50,676.615407629013,Cmax
Nivolumab,0.6,10,30,50,0,50,0.022785028807742257,Terminal clearance
Nivolumab,0.6,11,0.1,50,0,50,527.0106568218612,AUC0-28d
Nivolumab,0.6,11,0.1,50,0,50,2.2559608805924656,Cmax
Nivolumab,0.6,11,0.1,50,0,50,0.015287559574341211,Terminal clearance
Nivolumab,0.6,11,1,50,0,50,5269.610973426727,AUC0-28d
Nivolumab,0.6,11,1,50,0,50,22.56073071449995,Cmax
Nivolumab,0.6,11,1,50,0,50,0.015274783329852147,Terminal clearance
Nivolumab,0.6,11,3,50,0,50,15778.289887134035,AUC0-28d
Nivolumab,0.6,11,3,50,0,50,67.6820990073681,Cmax
Nivolumab,0.6,11,3,50,0,50,0.01530378226670751,Terminal clearance
Nivolumab,0.6,11,10,50,0,50,52217.801458532565,AUC0-28d
Nivolumab,0.6,11,10,50,0,50,225.6004515337944,Cmax
Nivolumab,0.6,11,10,50,0,50,0.015418365534016081,Terminal clearance
Nivolumab,0.6,11,30,50,0,50,153348.6466196516,AUC0-28d
Nivolumab,0.6,11,30,50,0,50,676.7169339752197,Cmax
Nivolumab,0.6,11,30,50,0,50,0.015762925671581687,Terminal clearance
Nivolumab,0.6,12,0.1,50,0,50,398.06559314186546,AUC0-28d
Nivolumab,0.6,12,0.1,50,0,50,2.2556090937182307,Cmax
Nivolumab,0.6,12,0.1,50,0,50,0.02515843968194529,Terminal clearance
Nivolumab,0.6,12,1,50,0,50,3982.8558223544087,AUC0-28d
Nivolumab,0.6,12,1,50,0,50,22.557361409962176,Cmax
Nivolumab,0.6,12,1,50,0,50,0.025106950335998725,Terminal clearance
Nivolumab,0.6,12,3,50,0,50,11918.968796732983,AUC0-28d
Nivolumab,0.6,12,3,50,0,50,67.67177949786186,Cmax
Nivolumab,0.6,12,3,50,0,50,0.025161437441674168,Terminal clearance
Nivolumab,0.6,12,10,50,0,50,39358.23419669134,AUC0-28d
Nivolumab,0.6,12,10,50,0,50,225.56287875175477,Cmax
Nivolumab,0.6,12,10,50,0,50,0.025386973843097505,Terminal clearance
Nivolumab,0.6,12,30,50,0,50,114867.13620319466,AUC0-28d
Nivolumab,0.6,12,30,50,0,50,676.5687007617951,Cmax
Nivolumab,0.6,12,30,50,0,50,0.026065106646054916,Terminal clearance
Nivolumab,0.6,13,0.1,50,0,50,544.8552928914031,AUC0-28d
Nivolumab,0.6,13,0.1,50,0,50,2.2559997199475763,Cmax
Nivolumab,0.6,13,0.1,50,0,50,0.014216844133474703,Terminal clearance
Nivolumab,0.6,13,1,50,0,50,5451.357486959626,AUC0-28d
Nivolumab,0.6,13,1,50,0,50,22.561104977726938,Cmax
Nivolumab,0.6,13,1,50,0,50,0.014184082434913519,Terminal clearance
Nivolumab,0.6,13,3,50,0,50,16325.77359727233,AUC0-28d
Nivolumab,0.6,13,3,50,0,50,67.68324527144432,Cmax
Nivolumab,0.6,13,3,50,0,50,0.014205668985118563,Terminal clearance
Nivolumab,0.6,13,10,50,0,50,54049.62651155674,AUC0-28d
Nivolumab,0.6,13,10,50,0,50,225.60463698148726,Cmax
Nivolumab,0.6,13,10,50,0,50,0.01430754942613751,Terminal clearance
Nivolumab,0.6,13,30,50,0,50,158875.2791232137,AUC0-28d
Nivolumab,0.6,13,30,50,0,50,676.7336924743653,Cmax
Nivolumab,0.6,13,30,50,0,50,0.014619638413797516,Terminal clearance
Nivolumab,0.6,14,0.1,50,0,50,312.875205862976,AUC0-28d
Nivolumab,0.6,14,0.1,50,0,50,2.2552726282924414,Cmax
Nivolumab,0.6,14,0.1,50,0,50,0.035055481234075876,Terminal clearance
Nivolumab,0.6,14,1,50,0,50,3134.5695323038426,AUC0-28d
Nivolumab,0.6,14,1,50,0,50,22.55396732568741,Cmax
Nivolumab,0.6,14,1,50,0,50,0.034948108236016504,Terminal clearance
Nivolumab,0.6,14,3,50,0,50,9379.608881287813,AUC0-28d
Nivolumab,0.6,14,3,50,0,50,67.66136182665825,Cmax
Nivolumab,0.6,14,3,50,0,50,0.03501895228120776,Terminal clearance
Nivolumab,0.6,14,10,50,0,50,30929.77250314497,AUC0-28d
Nivolumab,0.6,14,10,50,0,50,225.52513766765594,Cmax
Nivolumab,0.6,14,10,50,0,50,0.035371616198009756,Terminal clearance
Nivolumab,0.6,14,30,50,0,50,89903.87769837875,AUC0-28d
Nivolumab,0.6,14,30,50,0,50,676.4234952449799,Cmax
Nivolumab,0.6,14,30,50,0,50,0.03644617295789044,Terminal clearance
Nivolumab,0.6,15,0.1,50,0,50,454.8023385557993,AUC0-28d
Nivolumab,0.6,15,0.1,50,0,50,2.2557973702251912,Cmax
Nivolumab,0.6,15,0.1,50,0,50,0.020278232138869152,Terminal clearance
Nivolumab,0.6,15,1,50,0,50,4550.923807426693,AUC0-28d
Nivolumab,0.6,15,1,50,0,50,22.559051414132117,Cmax
Nivolumab,0.6,15,1,50,0,50,0.020233824694569785,Terminal clearance
Nivolumab,0.6,15,3,50,0,50,13623.598003049921,AUC0-28d
Nivolumab,0.6,15,3,50,0,50,67.67692628622055,Cmax
Nivolumab,0.6,15,3,50,0,50,0.020270142063098875,Terminal clearance
Nivolumab,0.6,15,10,50,0,50,45033.4152692575,AUC0-28d
Nivolumab,0.6,15,10,50,0,50,225.58156724214552,Cmax
Nivolumab,0.6,15,10,50,0,50,0.020434796395825884,Terminal clearance
Nivolumab,0.6,15,30,50,0,50,131790.4697020441,AUC0-28d
Nivolumab,0.6,15,30,50,0,50,676.6419210338593,Cmax
Nivolumab,0.6,15,30,50,0,50,0.020936541116703664,Terminal clearance
Nivolumab,0.6,16,0.1,50,0,50,392.899629686268,AUC0-28d
Nivolumab,0.6,16,0.1,50,0,50,2.255581137649715,Cmax
Nivolumab,0.6,16,0.1,50,0,50,0.025657572963837864,Terminal clearance
Nivolumab,0.6,16,1,50,0,50,3932.073925718098,AUC0-28d
Nivolumab,0.6,16,1,50,0,50,22.557184971272946,Cmax
Nivolumab,0.6,16,1,50,0,50,0.025597729741401655,Terminal clearance
Nivolumab,0.6,16,3,50,0,50,11767.253188563313,AUC0-28d
Nivolumab,0.6,16,3,50,0,50,67.6712597978115,Cmax
Nivolumab,0.6,16,3,50,0,50,0.025651487760269324,Terminal clearance
Nivolumab,0.6,16,10,50,0,50,38854.52679834271,AUC0-28d
Nivolumab,0.6,16,10,50,0,50,225.5610084581375,Cmax
Nivolumab,0.6,16,10,50,0,50,0.02588225909699284,Terminal clearance
Nivolumab,0.6,16,30,50,0,50,113370.31081623315,AUC0-28d
Nivolumab,0.6,16,30,50,0,50,676.5614270496368,Cmax
Nivolumab,0.6,16,30,50,0,50,0.026578481786241816,Terminal clearance
Nivolumab,0.6,17,0.1,50,0,50,414.72154554687785,AUC0-28d
Nivolumab,0.6,17,0.1,50,0,50,2.2556848633661866,Cmax
Nivolumab,0.6,17,0.1,50,0,50,0.023610613098626214,Terminal clearance
Nivolumab,0.6,17,1,50,0,50,4154.114687399522,AUC0-28d
Nivolumab,0.6,17,1,50,0,50,22.557930364906788,Cmax
Nivolumab,0.6,17,1,50,0,50,0.023533673929314627,Terminal clearance
Nivolumab,0.6,17,3,50,0,50,12437.147775417978,AUC0-28d
Nivolumab,0.6,17,3,50,0,50,67.67348279476165,Cmax
Nivolumab,0.6,17,3,50,0,50,0.023565946554970234,Terminal clearance
Nivolumab,0.6,17,10,50,0,50,41089.46544871879,AUC0-28d
Nivolumab,0.6,17,10,50,0,50,225.5690338730812,Cmax
Nivolumab,0.6,17,10,50,0,50,0.02376208224584447,Terminal clearance
Nivolumab,0.6,17,30,50,0,50,120027.07997668923,AUC0-28d
Nivolumab,0.6,17,30,50,0,50,676.5926988601684,Cmax
Nivolumab,0.6,17,30,50,0,50,0.024377387330868847,Terminal clearance
Nivolumab,0.6,18,0.1,50,0,50,503.3187344363876,AUC0-28d
Nivolumab,0.6,18,0.1,50,0,50,2.2558892798796295,Cmax
Nivolumab,0.6,18,0.1,50,0,50,0.016810417251919965,Terminal clearance
Nivolumab,0.6,18,1,50,0,50,5035.824252349107,AUC0-28d
Nivolumab,0.6,18,1,50,0,50,22.56020729422569,Cmax
Nivolumab,0.6,18,1,50,0,50,0.016768548660654692,Terminal clearance
Nivolumab,0.6,18,3,50,0,50,15077.449542945566,AUC0-28d
Nivolumab,0.6,18,3,50,0,50,67.68053294539452,Cmax
Nivolumab,0.6,18,3,50,0,50,0.016798812835108118,Terminal clearance
Nivolumab,0.6,18,10,50,0,50,49879.11018676591,AUC0-28d
Nivolumab,0.6,18,10,50,0,50,225.59476442098617,Cmax
Nivolumab,0.6,18,10,50,0,50,0.016927500507304367,Terminal clearance
Nivolumab,0.6,18,30,50,0,50,146313.0463274963,AUC0-28d
Nivolumab,0.6,18,30,50,0,50,676.6942621040345,Cmax
Nivolumab,0.6,18,30,50,0,50,0.01731689007722409,Terminal clearance
Nivolumab,0.6,19,0.1,50,0,50,393.29508915705804,AUC0-28d
Nivolumab,0.6,19,0.1,50,0,50,2.2555455317348243,Cmax
Nivolumab,0.6,19,0.1,50,0,50,0.02561837009872422,Terminal clearance
Nivolumab,0.6,19,1,50,0,50,3934.130399426747,AUC0-28d
Nivolumab,0.6,19,1,50,0,50,22.557166283130645,Cmax
Nivolumab,0.6,19,1,50,0,50,0.02557507228952917,Terminal clearance
Nivolumab,0.6,19,3,50,0,50,11772.155632415515,AUC0-28d
Nivolumab,0.6,19,3,50,0,50,67.67125997185707,Cmax
Nivolumab,0.6,19,3,50,0,50,0.025634427647824504,Terminal clearance
Nivolumab,0.6,19,10,50,0,50,38869.071348638245,AUC0-28d
Nivolumab,0.6,19,10,50,0,50,225.5610533618927,Cmax
Nivolumab,0.6,19,10,50,0,50,0.025867435024839583,Terminal clearance
Nivolumab,0.6,19,30,50,0,50,113411.9491773138,AUC0-28d
Nivolumab,0.6,19,30,50,0,50,676.5616219806672,Cmax
Nivolumab,0.6,19,30,50,0,50,0.0265639149087012,Terminal clearance
Nivolumab,0.6,20,0.1,50,0,50,388.3180583540051,AUC0-28d
Nivolumab,0.6,20,0.1,50,0,50,2.255626900754869,Cmax
Nivolumab,0.6,20,0.1,50,0,50,0.026099900327169,Terminal clearance
Nivolumab,0.6,20,1,50,0,50,3884.1585378132895,AUC0-28d
Nivolumab,0.6,20,1,50,0,50,22.557075931727887,Cmax
Nivolumab,0.6,20,1,50,0,50,0.026068513517494975,Terminal clearance
Nivolumab,0.6,20,3,50,0,50,11623.423489550452,AUC0-28d
Nivolumab,0.6,20,3,50,0,50,67.67079831600189,Cmax
Nivolumab,0.6,20,3,50,0,50,0.026125083844432625,Terminal clearance
Nivolumab,0.6,20,10,50,0,50,38376.413680007645,AUC0-28d
Nivolumab,0.6,20,10,50,0,50,225.55921857357026,Cmax
Nivolumab,0.6,20,10,50,0,50,0.026361991427731383,Terminal clearance
Nivolumab,0.6,20,30,50,0,50,111949.71289511758,AUC0-28d
Nivolumab,0.6,20,30,50,0,50,676.5543914318084,Cmax
Nivolumab,0.6,20,30,50,0,50,0.027076131798953504,Terminal clearance
Nivolumab,0.6,21,0.1,50,0,50,249.5127287000815,AUC0-28d
Nivolumab,0.6,21,0.1,50,0,50,2.2548777896165846,Cmax
Nivolumab,0.6,21,0.1,50,0,50,0.0459663364318733,Terminal clearance
Nivolumab,0.6,21,1,50,0,50,2495.2055912326596,AUC0-28d
Nivolumab,0.6,21,1,50,0,50,22.550085631012916,Cmax
Nivolumab,0.6,21,1,50,0,50,0.045943017137381414,Terminal clearance
Nivolumab,0.6,21,3,50,0,50,7461.0084521827,AUC0-28d
Nivolumab,0.6,21,3,50,0,50,67.64948278188706,Cmax
Nivolumab,0.6,21,3,50,0,50,0.0460814660338962,Terminal clearance
Nivolumab,0.6,21,10,50,0,50,24567.090463449887,AUC0-28d
Nivolumab,0.6,21,10,50,0,50,225.48235674619676,Cmax
Nivolumab,0.6,21,10,50,0,50,0.04661768519524982,Terminal clearance
Nivolumab,0.6,21,30,50,0,50,71175.07163719034,AUC0-28d
Nivolumab,0.6,21,30,50,0,50,676.2629681491852,Cmax
Nivolumab,0.6,21,30,50,0,50,0.04819000787925419,Terminal clearance
Nivolumab,0.6,22,0.1,50,0,50,393.93560113751903,AUC0-28d
Nivolumab,0.6,22,0.1,50,0,50,2.2556541660800575,Cmax
Nivolumab,0.6,22,0.1,50,0,50,0.025556484270986026,Terminal clearance
Nivolumab,0.6,22,1,50,0,50,3942.0313319462566,AUC0-28d
Nivolumab,0.6,22,1,50,0,50,22.557278651297093,Cmax
Nivolumab,0.6,22,1,50,0,50,0.025500948645522995,Terminal clearance
Nivolumab,0.6,22,3,50,0,50,11797.132035117638,AUC0-28d
Nivolumab,0.6,22,3,50,0,50,67.67140573501587,Cmax
Nivolumab,0.6,22,3,50,0,50,0.025554316222260124,Terminal clearance
Nivolumab,0.6,22,10,50,0,50,38953.968426083906,AUC0-28d
Nivolumab,0.6,22,10,50,0,50,225.56140441179275,Cmax
Nivolumab,0.6,22,10,50,0,50,0.025783716434879467,Terminal clearance
Nivolumab,0.6,22,30,50,0,50,113666.00979160613,AUC0-28d
Nivolumab,0.6,22,30,50,0,50,676.5628820705414,Cmax
Nivolumab,0.6,22,30,50,0,50,0.026476202998866074,Terminal clearance
Nivolumab,0.6,23,0.1,50,0,50,526.1400985215766,AUC0-28d
Nivolumab,0.6,23,0.1,50,0,50,2.2559600810706617,Cmax
Nivolumab,0.6,23,0.1,50,0,50,0.015356462052930685,Terminal clearance
Nivolumab,0.6,23,1,50,0,50,5267.331932535399,AUC0-28d
Nivolumab,0.6,23,1,50,0,50,22.560727407634257,Cmax
Nivolumab,0.6,23,1,50,0,50,0.015291768874948979,Terminal clearance
Nivolumab,0.6,23,3,50,0,50,15773.673001445788,AUC0-28d
Nivolumab,0.6,23,3,50,0,50,67.68209126234055,Cmax
Nivolumab,0.6,23,3,50,0,50,0.015314400028877516,Terminal clearance
Nivolumab,0.6,23,10,50,0,50,52205.1779263077,AUC0-28d
Nivolumab,0.6,23,10,50,0,50,225.60042507886885,Cmax
Nivolumab,0.6,23,10,50,0,50,0.015426634175133177,Terminal clearance
Nivolumab,0.6,23,30,50,0,50,153313.08721370145,AUC0-28d
Nivolumab,0.6,23,30,50,0,50,676.7168253707886,Cmax
Nivolumab,0.6,23,30,50,0,50,0.015770653359713827,Terminal clearance
Nivolumab,0.6,24,0.1,50,0,50,439.9113314433706,AUC0-28d
Nivolumab,0.6,24,0.1,50,0,50,2.2557423228770492,Cmax
Nivolumab,0.6,24,0.1,50,0,50,0.021452689062548963,Terminal clearance
Nivolumab,0.6,24,1,50,0,50,4398.059170763032,AUC0-28d
Nivolumab,0.6,24,1,50,0,50,22.558621565103532,Cmax
Nivolumab,0.6,24,1,50,0,50,0.021444311016291025,Terminal clearance
Nivolumab,0.6,24,3,50,0,50,13163.310182712694,AUC0-28d
Nivolumab,0.6,24,3,50,0,50,67.67563582539559,Cmax
Nivolumab,0.6,24,3,50,0,50,0.02149061322297263,Terminal clearance
Nivolumab,0.6,24,10,50,0,50,43497.99686972356,AUC0-28d
Nivolumab,0.6,24,10,50,0,50,225.57689307451247,Cmax
Nivolumab,0.6,24,10,50,0,50,0.02167209926930931,Terminal clearance
Nivolumab,0.6,24,30,50,0,50,127200.9486364427,AUC0-28d
Nivolumab,0.6,24,30,50,0,50,676.6235278987884,Cmax
Nivolumab,0.6,24,30,50,0,50,0.02221706143741266,Terminal clearance
Nivolumab,0.6,25,0.1,50,0,50,417.1248607531082,AUC0-28d
Nivolumab,0.6,25,0.1,50,0,50,2.2556551913172007,Cmax
Nivolumab,0.6,25,0.1,50,0,50,0.023411075430133186,Terminal clearance
Nivolumab,0.6,25,1,50,0,50,4175.708402156145,AUC0-28d
Nivolumab,0.6,25,1,50,0,50,22.55795908242464,Cmax
Nivolumab,0.6,25,1,50,0,50,0.02333616387812822,Terminal clearance
Nivolumab,0.6,25,3,50,0,50,12497.999266358649,AUC0-28d
Nivolumab,0.6,25,3,50,0,50,67.67364430904388,Cmax
Nivolumab,0.6,25,3,50,0,50,0.02338170070641014,Terminal clearance
Nivolumab,0.6,25,10,50,0,50,41285.24030787447,AUC0-28d
Nivolumab,0.6,25,10,50,0,50,225.56968254089355,Cmax
Nivolumab,0.6,25,10,50,0,50,0.023583704157505086,Terminal clearance
Nivolumab,0.6,25,30,50,0,50,120603.45372617731,AUC0-28d
Nivolumab,0.6,25,30,50,0,50,676.5952677726746,Cmax
Nivolumab,0.6,25,30,50,0,50,0.02419558749906451,Terminal clearance
Nivolumab,0.6,26,0.1,50,0,50,458.29962312908856,AUC0-28d
Nivolumab,0.6,26,0.1,50,0,50,2.2557976884022355,Cmax
Nivolumab,0.6,26,0.1,50,0,50,0.020001941934997967,Terminal clearance
Nivolumab,0.6,26,1,50,0,50,4583.322835291343,AUC0-28d
Nivolumab,0.6,26,1,50,0,50,22.559127776622773,Cmax
Nivolumab,0.6,26,1,50,0,50,0.019983007049582713,Terminal clearance
Nivolumab,0.6,26,3,50,0,50,13719.801030589531,AUC0-28d
Nivolumab,0.6,26,3,50,0,50,67.67717821717262,Cmax
Nivolumab,0.6,26,3,50,0,50,0.020022307553660513,Terminal clearance
Nivolumab,0.6,26,10,50,0,50,45352.66556885949,AUC0-28d
Nivolumab,0.6,26,10,50,0,50,225.5825008225441,Cmax
Nivolumab,0.6,26,10,50,0,50,0.02018555824878274,Terminal clearance
Nivolumab,0.6,26,30,50,0,50,132744.05795836906,AUC0-28d
Nivolumab,0.6,26,30,50,0,50,676.6456177616119,Cmax
Nivolumab,0.6,26,30,50,0,50,0.020679368433362134,Terminal clearance
Nivolumab,0.6,27,0.1,50,0,50,319.4348625546039,AUC0-28d
Nivolumab,0.6,27,0.1,50,0,50,2.255247932858765,Cmax
Nivolumab,0.6,27,0.1,50,0,50,0.034148128694395055,Terminal clearance
Nivolumab,0.6,27,1,50,0,50,3197.1825458614117,AUC0-28d
Nivolumab,0.6,27,1,50,0,50,22.5542280459404,Cmax
Nivolumab,0.6,27,1,50,0,50,0.034068022380714276,Terminal clearance
Nivolumab,0.6,27,3,50,0,50,9564.115030686688,AUC0-28d
Nivolumab,0.6,27,3,50,0,50,67.66224719643593,Cmax
Nivolumab,0.6,27,3,50,0,50,0.03415388690722273,Terminal clearance
Nivolumab,0.6,27,10,50,0,50,31536.87251165692,AUC0-28d
Nivolumab,0.6,27,10,50,0,50,225.52839719295503,Cmax
Nivolumab,0.6,27,10,50,0,50,0.034503387150839414,Terminal clearance
Nivolumab,0.6,27,30,50,0,50,91691.23409845651,AUC0-28d
Nivolumab,0.6,27,30,50,0,50,676.4359248828888,Cmax
Nivolumab,0.6,27,30,50,0,50,0.035545024376986874,Terminal clearance
Nivolumab,0.6,28,0.1,50,0,50,237.79400545838635,AUC0-28d
Nivolumab,0.6,28,0.1,50,0,50,2.254758141450584,Cmax
Nivolumab,0.6,28,0.1,50,0,50,0.04853774549823302,Terminal clearance
Nivolumab,0.6,28,1,50,0,50,2378.1088643099924,AUC0-28d
Nivolumab,0.6,28,1,50,0,50,22.549156118929385,Cmax
Nivolumab,0.6,28,1,50,0,50,0.04851229867840107,Terminal clearance
Nivolumab,0.6,28,3,50,0,50,7110.273396670625,AUC0-28d
Nivolumab,0.6,28,3,50,0,50,67.64668125748635,Cmax
Nivolumab,0.6,28,3,50,0,50,0.04866291050081747,Terminal clearance
Nivolumab,0.6,28,10,50,0,50,23406.103059962385,AUC0-28d
Nivolumab,0.6,28,10,50,0,50,225.47233241796494,Cmax
Nivolumab,0.6,28,10,50,0,50,0.049242000369128125,Terminal clearance
Nivolumab,0.6,28,30,50,0,50,67770.34564386531,AUC0-28d
Nivolumab,0.6,28,30,50,0,50,676.2259368228912,Cmax
Nivolumab,0.6,28,30,50,0,50,0.05093372829374386,Terminal clearance
Nivolumab,0.6,29,0.1,50,0,50,453.1500712319376,AUC0-28d
Nivolumab,0.6,29,0.1,50,0,50,2.255805781520903,Cmax
Nivolumab,0.6,29,0.1,50,0,50,0.02041809478309743,Terminal clearance
Nivolumab,0.6,29,1,50,0,50,4535.48125064871,AUC0-28d
Nivolumab,0.6,29,1,50,0,50,22.5590220656991,Cmax
Nivolumab,0.6,29,1,50,0,50,0.02035268258709121,Terminal clearance
Nivolumab,0.6,29,3,50,0,50,13576.4707904,AUC0-28d
Nivolumab,0.6,29,3,50,0,50,67.6768054986,Cmax
Nivolumab,0.6,29,3,50,0,50,0.020391613520601117,Terminal clearance
Nivolumab,0.6,29,10,50,0,50,44874.966731140696,AUC0-28d
Nivolumab,0.6,29,10,50,0,50,225.58110010385514,Cmax
Nivolumab,0.6,29,10,50,0,50,0.020559141711289242,Terminal clearance
Nivolumab,0.6,29,30,50,0,50,131315.2997110249,AUC0-28d
Nivolumab,0.6,29,30,50,0,50,676.6400643157959,Cmax
Nivolumab,0.6,29,30,50,0,50,0.021065647735058285,Terminal clearance
Nivolumab,0.6,30,0.1,50,0,50,210.31696024252554,AUC0-28d
Nivolumab,0.6,30,0.1,50,0,50,2.2545598546043037,Cmax
Nivolumab,0.6,30,0.1,50,0,50,0.05555903394332284,Terminal clearance
Nivolumab,0.6,30,1,50,0,50,2102.706467578616,AUC0-28d
Nivolumab,0.6,30,1,50,0,50,22.54667929828167,Cmax
Nivolumab,0.6,30,1,50,0,50,0.05556002665524136,Terminal clearance
Nivolumab,0.6,30,3,50,0,50,6286.18949430866,AUC0-28d
Nivolumab,0.6,30,3,50,0,50,67.63900967717171,Cmax
Nivolumab,0.6,30,3,50,0,50,0.055739632705331756,Terminal clearance
Nivolumab,0.6,30,10,50,0,50,20681.639750974216,AUC0-28d
Nivolumab,0.6,30,10,50,0,50,225.44480223894118,Cmax
Nivolumab,0.6,30,10,50,0,50,0.056434034499144956,Terminal clearance
Nivolumab,0.6,30,30,50,0,50,59798.053184592674,AUC0-28d
Nivolumab,0.6,30,30,50,0,50,676.1252445030212,Cmax
Nivolumab,0.6,30,30,50,0,50,0.05845466278206568,Terminal clearance
Nivolumab,0.6,31,0.1,50,0,50,406.43532227832975,AUC0-28d
Nivolumab,0.6,31,0.1,50,0,50,2.255614845380187,Cmax
Nivolumab,0.6,31,0.1,50,0,50,0.02436737404541109,Terminal clearance
Nivolumab,0.6,31,1,50,0,50,4067.0975871350734,AUC0-28d
Nivolumab,0.6,31,1,50,0,50,22.55761773556471,Cmax
Nivolumab,0.6,31,1,50,0,50,0.02431697388258261,Terminal clearance
Nivolumab,0.6,31,3,50,0,50,12172.072950131842,AUC0-28d
Nivolumab,0.6,31,3,50,0,50,67.67260682344437,Cmax
Nivolumab,0.6,31,3,50,0,50,0.02436697746074002,Terminal clearance
Nivolumab,0.6,31,10,50,0,50,40200.77299395328,AUC0-28d
Nivolumab,0.6,31,10,50,0,50,225.5659170651436,Cmax
Nivolumab,0.6,31,10,50,0,50,0.02458147776809389,Terminal clearance
Nivolumab,0.6,31,30,50,0,50,117374.28973241097,AUC0-28d
Nivolumab,0.6,31,30,50,0,50,676.5805560493469,Cmax
Nivolumab,0.6,31,30,50,0,50,0.025229601056128547,Terminal clearance
Nivolumab,0.6,32,0.1,50,0,50,290.5916744962037,AUC0-28d
Nivolumab,0.6,32,0.1,50,0,50,2.255167099572718,Cmax
Nivolumab,0.6,32,0.1,50,0,50,0.03842738081229109,Terminal clearance
Nivolumab,0.6,32,1,50,0,50,2908.584855567776,AUC0-28d
Nivolumab,0.6,32,1,50,0,50,22.55278231471777,Cmax
Nivolumab,0.6,32,1,50,0,50,0.038351878126873566,Terminal clearance
Nivolumab,0.6,32,3,50,0,50,8699.996511726435,AUC0-28d
Nivolumab,0.6,32,3,50,0,50,67.65769677519798,Cmax
Nivolumab,0.6,32,3,50,0,50,0.03845131083268795,Terminal clearance
Nivolumab,0.6,32,10,50,0,50,28672.270028871226,AUC0-28d
Nivolumab,0.6,32,10,50,0,50,225.51187818050386,Cmax
Nivolumab,0.6,32,10,50,0,50,0.03886369073046832,Terminal clearance
Nivolumab,0.6,32,30,50,0,50,83244.19949782823,AUC0-28d
Nivolumab,0.6,32,30,50,0,50,676.3732837963104,Cmax
Nivolumab,0.6,32,30,50,0,50,0.04009089866281797,Terminal clearance
Nivolumab,0.6,33,0.1,50,0,50,425.55639616884287,AUC0-28d
Nivolumab,0.6,33,0.1,50,0,50,2.2556684106215834,Cmax
Nivolumab,0.6,33,0.1,50,0,50,0.02266627725963957,Terminal clearance
Nivolumab,0.6,33,1,50,0,50,4259.503760009716,AUC0-28d
Nivolumab,0.6,33,1,50,0,50,22.558201571404933,Cmax
Nivolumab,0.6,33,1,50,0,50,0.022606392014179865,Terminal clearance
Nivolumab,0.6,33,3,50,0,50,12749.683013861822,AUC0-28d
Nivolumab,0.6,33,3,50,0,50,67.67440941333771,Cmax
Nivolumab,0.6,33,3,50,0,50,0.0226486419701651,Terminal clearance
Nivolumab,0.6,33,10,50,0,50,42123.513655620176,AUC0-28d
Nivolumab,0.6,33,10,50,0,50,225.57248206377028,Cmax
Nivolumab,0.6,33,10,50,0,50,0.022840938970999217,Terminal clearance
Nivolumab,0.6,33,30,50,0,50,123102.45302067309,AUC0-28d
Nivolumab,0.6,33,30,50,0,50,676.6062458705902,Cmax
Nivolumab,0.6,33,30,50,0,50,0.023425978139160204,Terminal clearance
Nivolumab,0.6,34,0.1,50,0,50,291.19941055803474,AUC0-28d
Nivolumab,0.6,34,0.1,50,0,50,2.2551373133063315,Cmax
Nivolumab,0.6,34,0.1,50,0,50,0.03834950860860035,Terminal clearance
Nivolumab,0.6,34,1,50,0,50,2915.390249631662,AUC0-28d
Nivolumab,0.6,34,1,50,0,50,22.552792061269283,Cmax
Nivolumab,0.6,34,1,50,0,50,0.03824173022227401,Terminal clearance
Nivolumab,0.6,34,3,50,0,50,8719.859360154578,AUC0-28d
Nivolumab,0.6,34,3,50,0,50,67.65779241323472,Cmax
Nivolumab,0.6,34,3,50,0,50,0.03834356113699805,Terminal clearance
Nivolumab,0.6,34,10,50,0,50,28737.20407221779,AUC0-28d
Nivolumab,0.6,34,10,50,0,50,225.51227465629577,Cmax
Nivolumab,0.6,34,10,50,0,50,0.03875627020764835,Terminal clearance
Nivolumab,0.6,34,30,50,0,50,83434.5726050058,AUC0-28d
Nivolumab,0.6,34,30,50,0,50,676.3748021697998,Cmax
Nivolumab,0.6,34,30,50,0,50,0.03997955750369319,Terminal clearance
Nivolumab,0.6,35,0.1,50,0,50,480.83881655240185,AUC0-28d
Nivolumab,0.6,35,0.1,50,0,50,2.2558487435802816,Cmax
Nivolumab,0.6,35,0.1,50,0,50,0.018337084584355335,Terminal clearance
Nivolumab,0.6,35,1,50,0,50,4813.5638050963435,AUC0-28d
Nivolumab,0.6,35,1,50,0,50,22.55970510751009,Cmax
Nivolumab,0.6,35,1,50,0,50,0.018293255304093023,Terminal clearance
Nivolumab,0.6,35,3,50,0,50,14415.138729834738,AUC0-28d
Nivolumab,0.6,35,3,50,0,50,67.6789680147171,Cmax
Nivolumab,0.6,35,3,50,0,50,0.018315462595492858,Terminal clearance
Nivolumab,0.6,35,10,50,0,50,47678.1078418135,AUC0-28d
Nivolumab,0.6,35,10,50,0,50,225.58904162883758,Cmax
Nivolumab,0.6,35,10,50,0,50,0.01845274892592347,Terminal clearance
Nivolumab,0.6,35,30,50,0,50,139715.53548127413,AUC0-28d
Nivolumab,0.6,35,30,50,0,50,676.6715073871612,Cmax
Nivolumab,0.6,35,30,50,0,50,0.018886971603681354,Terminal clearance
Nivolumab,0.6,36,0.1,50,0,50,299.8270837690881,AUC0-28d
Nivolumab,0.6,36,0.1,50,0,50,2.2552298593148588,Cmax
Nivolumab,0.6,36,0.1,50,0,50,0.03696322232623589,Terminal clearance
Nivolumab,0.6,36,1,50,0,50,2998.770814934267,AUC0-28d
Nivolumab,0.6,36,1,50,0,50,22.553287656009196,Cmax
Nivolumab,0.6,36,1,50,0,50,0.036936421295455026,Terminal clearance
Nivolumab,0.6,36,3,50,0,50,8969.904120142703,AUC0-28d
Nivolumab,0.6,36,3,50,0,50,67.65921906471253,Cmax
Nivolumab,0.6,36,3,50,0,50,0.03703325302361168,Terminal clearance
Nivolumab,0.6,36,10,50,0,50,29566.981992889603,AUC0-28d
Nivolumab,0.6,36,10,50,0,50,225.51734669208525,Cmax
Nivolumab,0.6,36,10,50,0,50,0.03742445184794912,Terminal clearance
Nivolumab,0.6,36,30,50,0,50,85880.55085249672,AUC0-28d
Nivolumab,0.6,36,30,50,0,50,676.3939214229583,Cmax
Nivolumab,0.6,36,30,50,0,50,0.03858946705537627,Terminal clearance
Nivolumab,0.6,37,0.1,50,0,50,441.6606742645776,AUC0-28d
Nivolumab,0.6,37,0.1,50,0,50,2.2557501739636066,Cmax
Nivolumab,0.6,37,0.1,50,0,50,0.021314205106759295,Terminal clearance
Nivolumab,0.6,37,1,50,0,50,4416.383961793392,AUC0-28d
Nivolumab,0.6,37,1,50,0,50,22.55867584556341,Cmax
Nivolumab,0.6,37,1,50,0,50,0.021295467072454367,Terminal clearance
Nivolumab,0.6,37,3,50,0,50,13218.2345762088,AUC0-28d
Nivolumab,0.6,37,3,50,0,50,67.67579464197159,Cmax
Nivolumab,0.6,37,3,50,0,50,0.02134126758205526,Terminal clearance
Nivolumab,0.6,37,10,50,0,50,43680.69404235489,AUC0-28d
Nivolumab,0.6,37,10,50,0,50,225.57746376991273,Cmax
Nivolumab,0.6,37,10,50,0,50,0.021521171407723073,Terminal clearance
Nivolumab,0.6,37,30,50,0,50,127746.19651061668,AUC0-28d
Nivolumab,0.6,37,30,50,0,50,676.6257689094543,Cmax
Nivolumab,0.6,37,30,50,0,50,0.022060996376919696,Terminal clearance
Nivolumab,0.6,38,0.1,50,0,50,339.7469195844777,AUC0-28d
Nivolumab,0.6,38,0.1,50,0,50,2.2554127947986125,Cmax
Nivolumab,0.6,38,0.1,50,0,50,0.0314999861312373,Terminal clearance
Nivolumab,0.6,38,1,50,0,50,3400.025575234519,AUC0-28d
Nivolumab,0.6,38,1,50,0,50,22.555197327435017,Cmax
Nivolumab,0.6,38,1,50,0,50,0.031428844057437774,Terminal clearance
Nivolumab,0.6,38,3,50,0,50,10171.853505888792,AUC0-28d
Nivolumab,0.6,38,3,50,0,50,67.66509179711342,Cmax
Nivolumab,0.6,38,3,50,0,50,0.031505475981246665,Terminal clearance
Nivolumab,0.6,38,10,50,0,50,33553.515761116,AUC0-28d
Nivolumab,0.6,38,10,50,0,50,225.53858808279037,Cmax
Nivolumab,0.6,38,10,50,0,50,0.03181692392816987,Terminal clearance
Nivolumab,0.6,38,30,50,0,50,97651.21479183568,AUC0-28d
Nivolumab,0.6,38,30,50,0,50,676.4748143196106,Cmax
Nivolumab,0.6,38,30,50,0,50,0.03274726581564334,Terminal clearance
Nivolumab,0.6,39,0.1,50,0,50,263.49670845971565,AUC0-28d
Nivolumab,0.6,39,0.1,50,0,50,2.2550501246377825,Cmax
Nivolumab,0.6,39,0.1,50,0,50,0.04315370315961042,Terminal clearance
Nivolumab,0.6,39,1,50,0,50,2632.3838048896555,AUC0-28d
Nivolumab,0.6,39,1,50,0,50,22.55112107157707,Cmax
Nivolumab,0.6,39,1,50,0,50,0.04318861896677802,Terminal clearance
Nivolumab,0.6,39,3,50,0,50,7870.961088961163,AUC0-28d
Nivolumab,0.6,39,3,50,0,50,67.6524995136261,Cmax
Nivolumab,0.6,39,3,50,0,50,0.043322866454964776,Terminal clearance
Nivolumab,0.6,39,10,50,0,50,25923.441181110546,AUC0-28d
Nivolumab,0.6,39,10,50,0,50,225.49305341243743,Cmax
Nivolumab,0.6,39,10,50,0,50,0.04381732256901751,Terminal clearance
Nivolumab,0.6,39,30,50,0,50,75156.50945024902,AUC0-28d
Nivolumab,0.6,39,30,50,0,50,676.302634525299,Cmax
Nivolumab,0.6,39,30,50,0,50,0.045264620174466544,Terminal clearance
Nivolumab,0.6,40,0.1,50,0,50,541.7372643471427,AUC0-28d
Nivolumab,0.6,40,0.1,50,0,50,2.255942613966763,Cmax
Nivolumab,0.6,40,0.1,50,0,50,0.014417861691841024,Terminal clearance
Nivolumab,0.6,40,1,50,0,50,5424.083124378787,AUC0-28d
Nivolumab,0.6,40,1,50,0,50,22.561009948849676,Cmax
Nivolumab,0.6,40,1,50,0,50,0.01434432594573029,Terminal clearance
Nivolumab,0.6,40,3,50,0,50,16243.32831672452,AUC0-28d
Nivolumab,0.6,40,3,50,0,50,67.6830510365963,Cmax
Nivolumab,0.6,40,3,50,0,50,0.014367201043040994,Terminal clearance
Nivolumab,0.6,40,10,50,0,50,53772.8005481352,AUC0-28d
Nivolumab,0.6,40,10,50,0,50,225.60400641441345,Cmax
Nivolumab,0.6,40,10,50,0,50,0.014471554041966775,Terminal clearance
Nivolumab,0.6,40,30,50,0,50,158038.36647511923,AUC0-28d
Nivolumab,0.6,40,30,50,0,50,676.7312022304535,Cmax
Nivolumab,0.6,40,30,50,0,50,0.014788639655646661,Terminal clearance
Nivolumab,0.6,41,0.1,50,0,50,495.6329547254466,AUC0-28d
Nivolumab,0.6,41,0.1,50,0,50,2.25586774174124,Cmax
Nivolumab,0.6,41,0.1,50,0,50,0.01732990335291912,Terminal clearance
Nivolumab,0.6,41,1,50,0,50,4960.706277616237,AUC0-28d
Nivolumab,0.6,41,1,50,0,50,22.560033836066722,Cmax
Nivolumab,0.6,41,1,50,0,50,0.01727179205466817,Terminal clearance
Nivolumab,0.6,41,3,50,0,50,14852.629732427533,AUC0-28d
Nivolumab,0.6,41,3,50,0,50,67.68000750184059,Cmax
Nivolumab,0.6,41,3,50,0,50,0.017301329944088607,Terminal clearance
Nivolumab,0.6,41,10,50,0,50,49129.752041221815,AUC0-28d
Nivolumab,0.6,41,10,50,0,50,225.5928563594818,Cmax
Nivolumab,0.6,41,10,50,0,50,0.017434494565347267,Terminal clearance
Nivolumab,0.6,41,30,50,0,50,144062.8531747021,AUC0-28d
Nivolumab,0.6,41,30,50,0,50,676.6866737174988,Cmax
Nivolumab,0.6,41,30,50,0,50,0.017839294519803775,Terminal clearance
Nivolumab,0.6,42,0.1,50,0,50,301.61039491685904,AUC0-28d
Nivolumab,0.6,42,0.1,50,0,50,2.255255715958774,Cmax
Nivolumab,0.6,42,0.1,50,0,50,0.03671023493676467,Terminal clearance
Nivolumab,0.6,42,1,50,0,50,3018.3786346900397,AUC0-28d
Nivolumab,0.6,42,1,50,0,50,22.55340481042862,Cmax
Nivolumab,0.6,42,1,50,0,50,0.036639411286932946,Terminal clearance
Nivolumab,0.6,42,3,50,0,50,9028.488479925225,AUC0-28d
Nivolumab,0.6,42,3,50,0,50,67.65954627037048,Cmax
Nivolumab,0.6,42,3,50,0,50,0.03673483384027667,Terminal clearance
Nivolumab,0.6,42,10,50,0,50,29760.62046071041,AUC0-28d
Nivolumab,0.6,42,10,50,0,50,225.51849382638932,Cmax
Nivolumab,0.6,42,10,50,0,50,0.03712249151545145,Terminal clearance
Nivolumab,0.6,42,30,50,0,50,86450.64536167872,AUC0-28d
Nivolumab,0.6,42,30,50,0,50,676.3982454109192,Cmax
Nivolumab,0.6,42,30,50,0,50,0.038275106628417044,Terminal clearance
Nivolumab,0.6,43,0.1,50,0,50,446.2688506000956,AUC0-28d
Nivolumab,0.6,43,0.1,50,0,50,2.2558152887597682,Cmax
Nivolumab,0.6,43,0.1,50,0,50,0.020957368488604394,Terminal clearance
Nivolumab,0.6,43,1,50,0,50,4466.591457240097,AUC0-28d
Nivolumab,0.6,43,1,50,0,50,22.55886150866747,Cmax
Nivolumab,0.6,43,1,50,0,50,0.02089520454035321,Terminal clearance
Nivolumab,0.6,43,3,50,0,50,13370.365853097846,AUC0-28d
Nivolumab,0.6,43,3,50,0,50,67.67625856041909,Cmax
Nivolumab,0.6,43,3,50,0,50,0.02093387220177577,Terminal clearance
Nivolumab,0.6,43,10,50,0,50,44189.29173151326,AUC0-28d
Nivolumab,0.6,43,10,50,0,50,225.57904810667037,Cmax
Nivolumab,0.6,43,10,50,0,50,0.021106726370122293,Terminal clearance
Nivolumab,0.6,43,30,50,0,50,129266.96955477013,AUC0-28d
Nivolumab,0.6,43,30,50,0,50,676.6319454383851,Cmax
Nivolumab,0.6,43,30,50,0,50,0.021631559451523927,Terminal clearance
Nivolumab,0.6,44,0.1,50,0,50,343.89241434301687,AUC0-28d
Nivolumab,0.6,44,0.1,50,0,50,2.2554106355458496,Cmax
Nivolumab,0.6,44,0.1,50,0,50,0.03097848463990801,Terminal clearance
Nivolumab,0.6,44,1,50,0,50,3439.4128179432064,AUC0-28d
Nivolumab,0.6,44,1,50,0,50,22.55534661501646,Cmax
Nivolumab,0.6,44,1,50,0,50,0.03094517598993295,Terminal clearance
Nivolumab,0.6,44,3,50,0,50,10289.44162439778,AUC0-28d
Nivolumab,0.6,44,3,50,0,50,67.66559069871903,Cmax
Nivolumab,0.6,44,3,50,0,50,0.03102293528143312,Terminal clearance
Nivolumab,0.6,44,10,50,0,50,33943.37867579185,AUC0-28d
Nivolumab,0.6,44,10,50,0,50,225.54042704820634,Cmax
Nivolumab,0.6,44,10,50,0,50,0.03132846835379229,Terminal clearance
Nivolumab,0.6,44,30,50,0,50,98804.26654144745,AUC0-28d
Nivolumab,0.6,44,30,50,0,50,676.4818875312806,Cmax
Nivolumab,0.6,44,30,50,0,50,0.032239116508627465,Terminal clearance
Nivolumab,0.6,45,0.1,50,0,50,171.16004689275167,AUC0-28d
Nivolumab,0.6,45,0.1,50,0,50,2.2540714229270815,Cmax
Nivolumab,0.6,45,0.1,50,0,50,0.06911734914340373,Terminal clearance
Nivolumab,0.6,45,1,50,0,50,1710.509173194311,AUC0-28d
Nivolumab,0.6,45,1,50,0,50,22.541747521460056,Cmax
Nivolumab,0.6,45,1,50,0,50,0.06914859015342334,Terminal clearance
Nivolumab,0.6,45,3,50,0,50,5111.633068124072,AUC0-28d
Nivolumab,0.6,45,3,50,0,50,67.62393167495728,Cmax
Nivolumab,0.6,45,3,50,0,50,0.06940178192226122,Terminal clearance
Nivolumab,0.6,45,10,50,0,50,16800.89199914272,AUC0-28d
Nivolumab,0.6,45,10,50,0,50,225.39112171411514,Cmax
Nivolumab,0.6,45,10,50,0,50,0.07033608151080849,Terminal clearance
Nivolumab,0.6,45,30,50,0,50,48482.0447546151,AUC0-28d
Nivolumab,0.6,45,30,50,0,50,675.9330814933777,Cmax
Nivolumab,0.6,45,30,50,0,50,0.07300022818079539,Terminal clearance
Nivolumab,0.6,46,0.1,50,0,50,204.18958998988478,AUC0-28d
Nivolumab,0.6,46,0.1,50,0,50,2.254484582617879,Cmax
Nivolumab,0.6,46,0.1,50,0,50,0.057373025177725336,Terminal clearance
Nivolumab,0.6,46,1,50,0,50,2044.3539026962624,AUC0-28d
Nivolumab,0.6,46,1,50,0,50,22.546057803332804,Cmax
Nivolumab,0.6,46,1,50,0,50,0.05728074151681147,Terminal clearance
Nivolumab,0.6,46,3,50,0,50,6112.70958535628,AUC0-28d
Nivolumab,0.6,46,3,50,0,50,67.63713790416718,Cmax
Nivolumab,0.6,46,3,50,0,50,0.05745246476618043,Terminal clearance
Nivolumab,0.6,46,10,50,0,50,20109.790600130927,AUC0-28d
Nivolumab,0.6,46,10,50,0,50,225.43814499616622,Cmax
Nivolumab,0.6,46,10,50,0,50,0.058169171545311114,Terminal clearance
Nivolumab,0.6,46,30,50,0,50,58128.75723614201,AUC0-28d
Nivolumab,0.6,46,30,50,0,50,676.1011301422119,Cmax
Nivolumab,0.6,46,30,50,0,50,0.060267735765662224,Terminal clearance
Nivolumab,0.6,47,0.1,50,0,50,467.72946313715363,AUC0-28d
Nivolumab,0.6,47,0.1,50,0,50,2.255830626524985,Cmax
Nivolumab,0.6,47,0.1,50,0,50,0.019302068131106808,Terminal clearance
Nivolumab,0.6,47,1,50,0,50,4678.96614756182,AUC0-28d
Nivolumab,0.6,47,1,50,0,50,22.559380925893784,Cmax
Nivolumab,0.6,47,1,50,0,50,0.01926317855448099,Terminal clearance
Nivolumab,0.6,47,3,50,0,50,14006.181244968559,AUC0-28d
Nivolumab,0.6,47,3,50,0,50,67.67793566346168,Cmax
Nivolumab,0.6,47,3,50,0,50,0.01930178733035527,Terminal clearance
Nivolumab,0.6,47,10,50,0,50,46305.88575110714,AUC0-28d
Nivolumab,0.6,47,10,50,0,50,225.585242562294,Cmax
Nivolumab,0.6,47,10,50,0,50,0.019457989165468058,Terminal clearance
Nivolumab,0.6,47,30,50,0,50,135595.29116139276,AUC0-28d
Nivolumab,0.6,47,30,50,0,50,676.6564406108856,Cmax
Nivolumab,0.6,47,30,50,0,50,0.01992804781054254,Terminal clearance
Nivolumab,0.6,48,0.1,50,0,50,559.9137499979947,AUC0-28d
Nivolumab,0.6,48,0.1,50,0,50,2.256040889881551,Cmax
Nivolumab,0.6,48,0.1,50,0,50,0.013347308236756698,Terminal clearance
Nivolumab,0.6,48,1,50,0,50,5602.582515019146,AUC0-28d
Nivolumab,0.6,48,1,50,0,50,22.56141123265028,Cmax
Nivolumab,0.6,48,1,50,0,50,0.013316559768244425,Terminal clearance
Nivolumab,0.6,48,3,50,0,50,16781.129376528468,AUC0-28d
Nivolumab,0.6,48,3,50,0,50,67.68416136026383,Cmax
Nivolumab,0.6,48,3,50,0,50,0.013333675822836863,Terminal clearance
Nivolumab,0.6,48,10,50,0,50,55574.26184261737,AUC0-28d
Nivolumab,0.6,48,10,50,0,50,225.6079615998268,Cmax
Nivolumab,0.6,48,10,50,0,50,0.01342598596440975,Terminal clearance
Nivolumab,0.6,48,30,50,0,50,163484.2022500968,AUC0-28d
Nivolumab,0.6,48,30,50,0,50,676.7470341110229,Cmax
Nivolumab,0.6,48,30,50,0,50,0.013713180359982109,Terminal clearance
Nivolumab,0.6,49,0.1,50,0,50,580.5957569605134,AUC0-28d
Nivolumab,0.6,49,0.1,50,0,50,2.256091161854565,Cmax
Nivolumab,0.6,49,0.1,50,0,50,0.012214196051899938,Terminal clearance
Nivolumab,0.6,49,1,50,0,50,5811.107249860866,AUC0-28d
Nivolumab,0.6,49,1,50,0,50,22.56180783897638,Cmax
Nivolumab,0.6,49,1,50,0,50,0.01217789173513157,Terminal clearance
Nivolumab,0.6,49,3,50,0,50,17411.27423059933,AUC0-28d
Nivolumab,0.6,49,3,50,0,50,67.68536601662636,Cmax
Nivolumab,0.6,49,3,50,0,50,0.012185046557116164,Terminal clearance
Nivolumab,0.6,49,10,50,0,50,57690.38286257168,AUC0-28d
Nivolumab,0.6,49,10,50,0,50,225.61235503196716,Cmax
Nivolumab,0.6,49,10,50,0,50,0.01226219220144652,Terminal clearance
Nivolumab,0.6,49,30,50,0,50,169900.5848298407,AUC0-28d
Nivolumab,0.6,49,30,50,0,50,676.7647185325623,Cmax
Nivolumab,0.6,49,30,50,0,50,0.01251646168250371,Terminal clearance
Nivolumab,0.6,50,0.1,50,0,50,274.62334159131353,AUC0-28d
Nivolumab,0.6,50,0.1,50,0,50,2.2550537360832097,Cmax
Nivolumab,0.6,50,0.1,50,0,50,0.041151296416588865,Terminal clearance
Nivolumab,0.6,50,1,50,0,50,2750.27751280333,AUC0-28d
Nivolumab,0.6,50,1,50,0,50,22.551827326714992,Cmax
Nivolumab,0.6,50,1,50,0,50,0.04102567445664551,Terminal clearance
Nivolumab,0.6,50,3,50,0,50,8225.630919454627,AUC0-28d
Nivolumab,0.6,50,3,50,0,50,67.65481049060821,Cmax
Nivolumab,0.6,50,3,50,0,50,0.04113558256442995,Terminal clearance
Nivolumab,0.6,50,10,50,0,50,27099.89159277182,AUC0-28d
Nivolumab,0.6,50,10,50,0,50,225.50151011228562,Cmax
Nivolumab,0.6,50,10,50,0,50,0.04159043538227055,Terminal clearance
Nivolumab,0.6,50,30,50,0,50,78615.93577787669,AUC0-28d
Nivolumab,0.6,50,30,50,0,50,676.3343212604523,Cmax
Nivolumab,0.6,50,30,50,0,50,0.04293743292377322,Terminal clearance
Nivolumab,0.6,51,0.1,50,0,50,525.1359892474767,AUC0-28d
Nivolumab,0.6,51,0.1,50,0,50,2.2559889563173057,Cmax
Nivolumab,0.6,51,0.1,50,0,50,0.0154048913200793,Terminal clearance
Nivolumab,0.6,51,1,50,0,50,5251.5749006915075,AUC0-28d
Nivolumab,0.6,51,1,50,0,50,22.560723034739496,Cmax
Nivolumab,0.6,51,1,50,0,50,0.015386919051424225,Terminal clearance
Nivolumab,0.6,51,3,50,0,50,15724.659463847616,AUC0-28d
Nivolumab,0.6,51,3,50,0,50,67.68200658917426,Cmax
Nivolumab,0.6,51,3,50,0,50,0.015414842989946831,Terminal clearance
Nivolumab,0.6,51,10,50,0,50,52039.4439484911,AUC0-28d
Nivolumab,0.6,51,10,50,0,50,225.60004705190659,Cmax
Nivolumab,0.6,51,10,50,0,50,0.015529866405718207,Terminal clearance
Nivolumab,0.6,51,30,50,0,50,152812.1003547536,AUC0-28d
Nivolumab,0.6,51,30,50,0,50,676.7152687072754,Cmax
Nivolumab,0.6,51,30,50,0,50,0.015877466343692158,Terminal clearance
Nivolumab,0.6,52,0.1,50,0,50,477.6426498233284,AUC0-28d
Nivolumab,0.6,52,0.1,50,0,50,2.255869324468076,Cmax
Nivolumab,0.6,52,0.1,50,0,50,0.01856727613903512,Terminal clearance
Nivolumab,0.6,52,1,50,0,50,4777.247420355687,AUC0-28d
Nivolumab,0.6,52,1,50,0,50,22.559639122486114,Cmax
Nivolumab,0.6,52,1,50,0,50,0.018549159060158835,Terminal clearance
Nivolumab,0.6,52,3,50,0,50,14303.163606011158,AUC0-28d
Nivolumab,0.6,52,3,50,0,50,67.67870303034782,Cmax
Nivolumab,0.6,52,3,50,0,50,0.01858030266659641,Terminal clearance
Nivolumab,0.6,52,10,50,0,50,47299.99803075477,AUC0-28d
Nivolumab,0.6,52,10,50,0,50,225.58801545619966,Cmax
Nivolumab,0.6,52,10,50,0,50,0.018724821608842743,Terminal clearance
Nivolumab,0.6,52,30,50,0,50,138577.44532798222,AUC0-28d
Nivolumab,0.6,52,30,50,0,50,676.6674166202545,Cmax
Nivolumab,0.6,52,30,50,0,50,0.019169404017996924,Terminal clearance
Nivolumab,0.6,53,0.1,50,0,50,451.90553961811577,AUC0-28d
Nivolumab,0.6,53,0.1,50,0,50,2.255778508037329,Cmax
Nivolumab,0.6,53,0.1,50,0,50,0.020509750238526643,Terminal clearance
Nivolumab,0.6,53,1,50,0,50,4526.454124292502,AUC0-28d
Nivolumab,0.6,53,1,50,0,50,22.558978467285634,Cmax
Nivolumab,0.6,53,1,50,0,50,0.02042794328578674,Terminal clearance
Nivolumab,0.6,53,3,50,0,50,13552.838020762316,AUC0-28d
Nivolumab,0.6,53,3,50,0,50,67.67673039793968,Cmax
Nivolumab,0.6,53,3,50,0,50,0.02045564919272555,Terminal clearance
Nivolumab,0.6,53,10,50,0,50,44801.58309003894,AUC0-28d
Nivolumab,0.6,53,10,50,0,50,225.58087819576264,Cmax
Nivolumab,0.6,53,10,50,0,50,0.020618090029515087,Terminal clearance
Nivolumab,0.6,53,30,50,0,50,131101.06628003743,AUC0-28d
Nivolumab,0.6,53,30,50,0,50,676.6392219352722,Cmax
Nivolumab,0.6,53,30,50,0,50,0.021124585493920617,Terminal clearance
Nivolumab,0.6,54,0.1,50,0,50,247.70179386550717,AUC0-28d
Nivolumab,0.6,54,0.1,50,0,50,2.2548933612555264,Cmax
Nivolumab,0.6,54,0.1,50,0,50,0.046339374385476875,Terminal clearance
Nivolumab,0.6,54,1,50,0,50,2475.391536149231,AUC0-28d
Nivolumab,0.6,54,1,50,0,50,22.549961754083633,Cmax
Nivolumab,0.6,54,1,50,0,50,0.04636026644581537,Terminal clearance
Nivolumab,0.6,54,3,50,0,50,7401.286052657263,AUC0-28d
Nivolumab,0.6,54,3,50,0,50,67.64904148936272,Cmax
Nivolumab,0.6,54,3,50,0,50,0.04650500211522834,Terminal clearance
Nivolumab,0.6,54,10,50,0,50,24369.076394473905,AUC0-28d
Nivolumab,0.6,54,10,50,0,50,225.48071741104127,Cmax
Nivolumab,0.6,54,10,50,0,50,0.0470493422030672,Terminal clearance
Nivolumab,0.6,54,30,50,0,50,70593.96499180947,AUC0-28d
Nivolumab,0.6,54,30,50,0,50,676.2568716812134,Cmax
Nivolumab,0.6,54,30,50,0,50,0.048641451137517396,Terminal clearance
Nivolumab,0.6,55,0.1,50,0,50,370.3924863098601,AUC0-28d
Nivolumab,0.6,55,0.1,50,0,50,2.2554715134203436,Cmax
Nivolumab,0.6,55,0.1,50,0,50,0.027961621607718135,Terminal clearance
Nivolumab,0.6,55,1,50,0,50,3705.682070829392,AUC0-28d
Nivolumab,0.6,55,1,50,0,50,22.55636676132679,Cmax
Nivolumab,0.6,55,1,50,0,50,0.027910051878177806,Terminal clearance
Nivolumab,0.6,55,3,50,0,50,11087.681231224924,AUC0-28d
Nivolumab,0.6,55,3,50,0,50,67.66879574775696,Cmax
Nivolumab,0.6,55,3,50,0,50,0.0279756421191938,Terminal clearance
Nivolumab,0.6,55,10,50,0,50,36594.61268828043,AUC0-28d
Nivolumab,0.6,55,10,50,0,50,225.5521006321907,Cmax
Nivolumab,0.6,55,10,50,0,50,0.02823881774495642,Terminal clearance
Nivolumab,0.6,55,30,50,0,50,106658.98543026662,AUC0-28d
Nivolumab,0.6,55,30,50,0,50,676.5268887519836,Cmax
Nivolumab,0.6,55,30,50,0,50,0.029025833366835202,Terminal clearance
Nivolumab,0.6,56,0.1,50,0,50,283.7677565235349,AUC0-28d
Nivolumab,0.6,56,0.1,50,0,50,2.2551239444315434,Cmax
Nivolumab,0.6,56,0.1,50,0,50,0.039542989226726506,Terminal clearance
Nivolumab,0.6,56,1,50,0,50,2838.8062628053726,AUC0-28d
Nivolumab,0.6,56,1,50,0,50,22.552375809550284,Cmax
Nivolumab,0.6,56,1,50,0,50,0.039496121855796186,Terminal clearance
Nivolumab,0.6,56,3,50,0,50,8490.361961174227,AUC0-28d
Nivolumab,0.6,56,3,50,0,50,67.65645844101905,Cmax
Nivolumab,0.6,56,3,50,0,50,0.039604739399087895,Terminal clearance
Nivolumab,0.6,56,10,50,0,50,27976.69018956463,AUC0-28d
Nivolumab,0.6,56,10,50,0,50,225.50741895914078,Cmax
Nivolumab,0.6,56,10,50,0,50,0.040036872802775236,Terminal clearance
Nivolumab,0.6,56,30,50,0,50,81195.4578000069,AUC0-28d
Nivolumab,0.6,56,30,50,0,50,676.3564932727813,Cmax
Nivolumab,0.6,56,30,50,0,50,0.0413158659023232,Terminal clearance
Nivolumab,0.6,57,0.1,50,0,50,451.98473571657166,AUC0-28d
Nivolumab,0.6,57,0.1,50,0,50,2.2558289051055906,Cmax
Nivolumab,0.6,57,0.1,50,0,50,0.02048237226022855,Terminal clearance
Nivolumab,0.6,57,1,50,0,50,4518.9695142965475,AUC0-28d
Nivolumab,0.6,57,1,50,0,50,22.55900407373905,Cmax
Nivolumab,0.6,57,1,50,0,50,0.020480273703571344,Terminal clearance
Nivolumab,0.6,57,3,50,0,50,13528.571849703787,AUC0-28d
Nivolumab,0.6,57,3,50,0,50,67.67669933080673,Cmax
Nivolumab,0.6,57,3,50,0,50,0.020517501893534643,Terminal clearance
Nivolumab,0.6,57,10,50,0,50,44720.27016111268,AUC0-28d
Nivolumab,0.6,57,10,50,0,50,225.58065855026246,Cmax
Nivolumab,0.6,57,10,50,0,50,0.02068243527956938,Terminal clearance
Nivolumab,0.6,57,30,50,0,50,130859.18237595451,AUC0-28d
Nivolumab,0.6,57,30,50,0,50,676.6382862663269,Cmax
Nivolumab,0.6,57,30,50,0,50,0.021190938744953123,Terminal clearance
Nivolumab,0.6,58,0.1,50,0,50,330.62829890709537,AUC0-28d
Nivolumab,0.6,58,0.1,50,0,50,2.255335390754044,Cmax
Nivolumab,0.6,58,0.1,50,0,50,0.03266112599405023,Terminal clearance
Nivolumab,0.6,58,1,50,0,50,3310.0068996210657,AUC0-28d
Nivolumab,0.6,58,1,50,0,50,22.554771503210066,Cmax
Nivolumab,0.6,58,1,50,0,50,0.03256776806668388,Terminal clearance
Nivolumab,0.6,58,3,50,0,50,9902.469033013806,AUC0-28d
Nivolumab,0.6,58,3,50,0,50,67.66386225223542,Cmax
Nivolumab,0.6,58,3,50,0,50,0.032646164734064724,Terminal clearance
Nivolumab,0.6,58,10,50,0,50,32659.884482675097,AUC0-28d
Nivolumab,0.6,58,10,50,0,50,225.5342012643814,Cmax
Nivolumab,0.6,58,10,50,0,50,0.03297305569076569,Terminal clearance
Nivolumab,0.6,58,30,50,0,50,95009.21815712751,AUC0-28d
Nivolumab,0.6,58,30,50,0,50,676.4580558204651,Cmax
Nivolumab,0.6,58,30,50,0,50,0.03395069758132364,Terminal clearance
Nivolumab,0.6,59,0.1,50,0,50,585.2525773275693,AUC0-28d
Nivolumab,0.6,59,0.1,50,0,50,2.2560782770439984,Cmax
Nivolumab,0.6,59,0.1,50,0,50,0.011977441292459687,Terminal clearance
Nivolumab,0.6,59,1,50,0,50,5860.051339310986,AUC0-28d
Nivolumab,0.6,59,1,50,0,50,22.561875064074993,Cmax
Nivolumab,0.6,59,1,50,0,50,0.011916965082107161,Terminal clearance
Nivolumab,0.6,59,3,50,0,50,17554.706929104468,AUC0-28d
Nivolumab,0.6,59,3,50,0,50,67.68560994148254,Cmax
Nivolumab,0.6,59,3,50,0,50,0.011929909593767711,Terminal clearance
Nivolumab,0.6,59,10,50,0,50,58162.170763201124,AUC0-28d
Nivolumab,0.6,59,10,50,0,50,225.6132846093178,Cmax
Nivolumab,0.6,59,10,50,0,50,0.012010155484439382,Terminal clearance
Nivolumab,0.6,59,30,50,0,50,171321.24734627354,AUC0-28d
Nivolumab,0.6,59,30,50,0,50,676.7684890556335,Cmax
Nivolumab,0.6,59,30,50,0,50,0.012260424553454405,Terminal clearance
Nivolumab,0.6,60,0.1,50,0,50,512.188983066088,AUC0-28d
Nivolumab,0.6,60,0.1,50,0,50,2.2559573045000434,Cmax
Nivolumab,0.6,60,0.1,50,0,50,0.016269479296961164,Terminal clearance
Nivolumab,0.6,60,1,50,0,50,5140.266450623831,AUC0-28d
Nivolumab,0.6,60,1,50,0,50,22.560484374761582,Cmax
Nivolumab,0.6,60,1,50,0,50,0.016097605782041884,Terminal clearance
Nivolumab,0.6,60,3,50,0,50,15396.53743487786,AUC0-28d
Nivolumab,0.6,60,3,50,0,50,67.68128882527351,Cmax
Nivolumab,0.6,60,3,50,0,50,0.016108469045692242,Terminal clearance
Nivolumab,0.6,60,10,50,0,50,50951.24644775691,AUC0-28d
Nivolumab,0.6,60,10,50,0,50,225.59744141578673,Cmax
Nivolumab,0.6,60,10,50,0,50,0.016223529270165307,Terminal clearance
Nivolumab,0.6,60,30,50,0,50,149542.90254413462,AUC0-28d
Nivolumab,0.6,60,30,50,0,50,676.7048872375489,Cmax
Nivolumab,0.6,60,30,50,0,50,0.01658951739942842,Terminal clearance
Nivolumab,0.6,61,0.1,50,0,50,570.8023589428561,AUC0-28d
Nivolumab,0.6,61,0.1,50,0,50,2.256085973121226,Cmax
Nivolumab,0.6,61,0.1,50,0,50,0.012737782202355443,Terminal clearance
Nivolumab,0.6,61,1,50,0,50,5707.750645402203,AUC0-28d
Nivolumab,0.6,61,1,50,0,50,22.56162976861,Cmax
Nivolumab,0.6,61,1,50,0,50,0.012731082688533176,Terminal clearance
Nivolumab,0.6,61,3,50,0,50,17095.142850777287,AUC0-28d
Nivolumab,0.6,61,3,50,0,50,67.68478087544442,Cmax
Nivolumab,0.6,61,3,50,0,50,0.012751528052035383,Terminal clearance
Nivolumab,0.6,61,10,50,0,50,56622.10513760306,AUC0-28d
Nivolumab,0.6,61,10,50,0,50,225.61017145633699,Cmax
Nivolumab,0.6,61,10,50,0,50,0.012840621058658594,Terminal clearance
Nivolumab,0.6,61,30,50,0,50,166652.58665337865,AUC0-28d
Nivolumab,0.6,61,30,50,0,50,676.7558867645264,Cmax
Nivolumab,0.6,61,30,50,0,50,0.013112848856848274,Terminal clearance
Nivolumab,0.6,62,0.1,50,0,50,334.44531527677276,AUC0-28d
Nivolumab,0.6,62,0.1,50,0,50,2.255401821769774,Cmax
Nivolumab,0.6,62,0.1,50,0,50,0.032150835279263344,Terminal clearance
Nivolumab,0.6,62,1,50,0,50,3345.246526470156,AUC0-28d
Nivolumab,0.6,62,1,50,0,50,22.554970154464243,Cmax
Nivolumab,0.6,62,1,50,0,50,0.03211426926301648,Terminal clearance
Nivolumab,0.6,62,3,50,0,50,10007.564469974755,AUC0-28d
Nivolumab,0.6,62,3,50,0,50,67.66436898589134,Cmax
Nivolumab,0.6,62,3,50,0,50,0.03219473339029184,Terminal clearance
Nivolumab,0.6,62,10,50,0,50,33008.20264075839,AUC0-28d
Nivolumab,0.6,62,10,50,0,50,225.53594502687454,Cmax
Nivolumab,0.6,62,10,50,0,50,0.03251611531449218,Terminal clearance
Nivolumab,0.6,62,30,50,0,50,96038.57631941758,AUC0-28d
Nivolumab,0.6,62,30,50,0,50,676.4646772098541,Cmax
Nivolumab,0.6,62,30,50,0,50,0.03347512965716604,Terminal clearance
Nivolumab,0.6,63,0.1,50,0,50,215.57345423529082,AUC0-28d
Nivolumab,0.6,63,0.1,50,0,50,2.2546401032060386,Cmax
Nivolumab,0.6,63,0.1,50,0,50,0.05409127157526238,Terminal clearance
Nivolumab,0.6,63,1,50,0,50,2154.36913221049,AUC0-28d
Nivolumab,0.6,63,1,50,0,50,22.54721755594015,Cmax
Nivolumab,0.6,63,1,50,0,50,0.05411112017116044,Terminal clearance
Nivolumab,0.6,63,3,50,0,50,6439.851692042965,AUC0-28d
Nivolumab,0.6,63,3,50,0,50,67.64059618949891,Cmax
Nivolumab,0.6,63,3,50,0,50,0.05429382327538372,Terminal clearance
Nivolumab,0.6,63,10,50,0,50,21187.879248607656,AUC0-28d
Nivolumab,0.6,63,10,50,0,50,225.45041816711426,Cmax
Nivolumab,0.6,63,10,50,0,50,0.0549697658924342,Terminal clearance
Nivolumab,0.6,63,30,50,0,50,61276.0307107483,AUC0-28d
Nivolumab,0.6,63,30,50,0,50,676.1456217575073,Cmax
Nivolumab,0.6,63,30,50,0,50,0.056925294437003365,Terminal clearance
Nivolumab,0.6,64,0.1,50,0,50,486.2307395549327,AUC0-28d
Nivolumab,0.6,64,0.1,50,0,50,2.2558803138136865,Cmax
Nivolumab,0.6,64,0.1,50,0,50,0.01795549073601362,Terminal clearance
Nivolumab,0.6,64,1,50,0,50,4863.074286559695,AUC0-28d
Nivolumab,0.6,64,1,50,0,50,22.55983786076307,Cmax
Nivolumab,0.6,64,1,50,0,50,0.017941296329134136,Terminal clearance
Nivolumab,0.6,64,3,50,0,50,14560.096631532095,AUC0-28d
Nivolumab,0.6,64,3,50,0,50,67.67933020353317,Cmax
Nivolumab,0.6,64,3,50,0,50,0.017972814623043874,Terminal clearance
Nivolumab,0.6,64,10,50,0,50,48155.49321295049,AUC0-28d
Nivolumab,0.6,64,10,50,0,50,225.5903196454048,Cmax
Nivolumab,0.6,64,10,50,0,50,0.018112013814863877,Terminal clearance
Nivolumab,0.6,64,30,50,0,50,141140.9062402384,AUC0-28d
Nivolumab,0.6,64,30,50,0,50,676.6765540122985,Cmax
Nivolumab,0.6,64,30,50,0,50,0.018537511821798098,Terminal clearance
Nivolumab,0.6,65,0.1,50,0,50,309.059153970809,AUC0-28d
Nivolumab,0.6,65,0.1,50,0,50,2.255251310430467,Cmax
Nivolumab,0.6,65,0.1,50,0,50,0.035596897235447816,Terminal clearance
Nivolumab,0.6,65,1,50,0,50,3092.030166828316,AUC0-28d
Nivolumab,0.6,65,1,50,0,50,22.553748854994772,Cmax
Nivolumab,0.6,65,1,50,0,50,0.035549141164996065,Terminal clearance
Nivolumab,0.6,65,3,50,0,50,9249.089768806236,AUC0-28d
Nivolumab,0.6,65,3,50,0,50,67.6606870520115,Cmax
Nivolumab,0.6,65,3,50,0,50,0.035641145655707196,Terminal clearance
Nivolumab,0.6,65,10,50,0,50,30492.166236053243,AUC0-28d
Nivolumab,0.6,65,10,50,0,50,225.5226898908615,Cmax
Nivolumab,0.6,65,10,50,0,50,0.03601236679046596,Terminal clearance
Nivolumab,0.6,65,30,50,0,50,88608.10685874459,AUC0-28d
Nivolumab,0.6,65,30,50,0,50,676.4141984272003,Cmax
Nivolumab,0.6,65,30,50,0,50,0.03711760156850062,Terminal clearance
Nivolumab,0.6,66,0.1,50,0,50,481.64406419258466,AUC0-28d
Nivolumab,0.6,66,0.1,50,0,50,2.255861122570932,Cmax
Nivolumab,0.6,66,0.1,50,0,50,0.01831147157236385,Terminal clearance
Nivolumab,0.6,66,1,50,0,50,4832.700929859567,AUC0-28d
Nivolumab,0.6,66,1,50,0,50,22.559761759340763,Cmax
Nivolumab,0.6,66,1,50,0,50,0.018166584942931732,Terminal clearance
Nivolumab,0.6,66,3,50,0,50,14476.209453920244,AUC0-28d
Nivolumab,0.6,66,3,50,0,50,67.67912561297416,Cmax
Nivolumab,0.6,66,3,50,0,50,0.018173873655259392,Terminal clearance
Nivolumab,0.6,66,10,50,0,50,47885.643507057925,AUC0-28d
Nivolumab,0.6,66,10,50,0,50,225.58960257768632,Cmax
Nivolumab,0.6,66,10,50,0,50,0.01830502726038679,Terminal clearance
Nivolumab,0.6,66,30,50,0,50,140340.62487787183,AUC0-28d
Nivolumab,0.6,66,30,50,0,50,676.6737379550934,Cmax
Nivolumab,0.6,66,30,50,0,50,0.018733424172946003,Terminal clearance
Nivolumab,0.6,67,0.1,50,0,50,471.983246748104,AUC0-28d
Nivolumab,0.6,67,0.1,50,0,50,2.255852667763829,Cmax
Nivolumab,0.6,67,0.1,50,0,50,0.01899707070697722,Terminal clearance
Nivolumab,0.6,67,1,50,0,50,4725.358952105913,AUC0-28d
Nivolumab,0.6,67,1,50,0,50,22.559506586790086,Cmax
Nivolumab,0.6,67,1,50,0,50,0.018925646549018998,Terminal clearance
Nivolumab,0.6,67,3,50,0,50,14147.40227894158,AUC0-28d
Nivolumab,0.6,67,3,50,0,50,67.67830551028251,Cmax
Nivolumab,0.6,67,3,50,0,50,0.01895636337492988,Terminal clearance
Nivolumab,0.6,67,10,50,0,50,46779.370013016865,AUC0-28d
Nivolumab,0.6,67,10,50,0,50,225.586576795578,Cmax
Nivolumab,0.6,67,10,50,0,50,0.019105865020652618,Terminal clearance
Nivolumab,0.6,67,30,50,0,50,137015.66260447138,AUC0-28d
Nivolumab,0.6,67,30,50,0,50,676.6617100143433,Cmax
Nivolumab,0.6,67,30,50,0,50,0.01956343172956746,Terminal clearance
Nivolumab,0.6,68,0.1,50,0,50,194.7975014035278,AUC0-28d
Nivolumab,0.6,68,0.1,50,0,50,2.254392463564873,Cmax
Nivolumab,0.6,68,0.1,50,0,50,0.06032740635230628,Terminal clearance
Nivolumab,0.6,68,1,50,0,50,1947.1730682372613,AUC0-28d
Nivolumab,0.6,68,1,50,0,50,22.544956617057323,Cmax
Nivolumab,0.6,68,1,50,0,50,0.06033757416600119,Terminal clearance
Nivolumab,0.6,68,3,50,0,50,5820.004014793228,AUC0-28d
Nivolumab,0.6,68,3,50,0,50,67.63373453021049,Cmax
Nivolumab,0.6,68,3,50,0,50,0.06054586104776126,Terminal clearance
Nivolumab,0.6,68,10,50,0,50,19139.887858522037,AUC0-28d
Nivolumab,0.6,68,10,50,0,50,225.42597120523453,Cmax
Nivolumab,0.6,68,10,50,0,50,0.06132647198909844,Terminal clearance
Nivolumab,0.6,68,30,50,0,50,55295.14226228745,AUC0-28d
Nivolumab,0.6,68,30,50,0,50,676.0572309780121,Cmax
Nivolumab,0.6,68,30,50,0,50,0.06357519637810481,Terminal clearance
Nivolumab,0.6,69,0.1,50,0,50,318.8900254022837,AUC0-28d
Nivolumab,0.6,69,0.1,50,0,50,2.255342850238085,Cmax
Nivolumab,0.6,69,0.1,50,0,50,0.03419004005132161,Terminal clearance
Nivolumab,0.6,69,1,50,0,50,3188.1489301860893,AUC0-28d
Nivolumab,0.6,69,1,50,0,50,22.55426522642374,Cmax
Nivolumab,0.6,69,1,50,0,50,0.034190894755802254,Terminal clearance
Nivolumab,0.6,69,3,50,0,50,9538.66323499057,AUC0-28d
Nivolumab,0.6,69,3,50,0,50,67.6621819293499,Cmax
Nivolumab,0.6,69,3,50,0,50,0.034272965167936764,Terminal clearance
Nivolumab,0.6,69,10,50,0,50,31457.103538112562,AUC0-28d
Nivolumab,0.6,69,10,50,0,50,225.52801533699036,Cmax
Nivolumab,0.6,69,10,50,0,50,0.03461730252547048,Terminal clearance
Nivolumab,0.6,69,30,50,0,50,91461.7668651085,AUC0-28d
Nivolumab,0.6,69,30,50,0,50,676.4343925857544,Cmax
Nivolumab,0.6,69,30,50,0,50,0.035659881647291496,Terminal clearance
Nivolumab,0.6,70,0.1,50,0,50,416.2046566204416,AUC0-28d
Nivolumab,0.6,70,0.1,50,0,50,2.2556608641147613,Cmax
Nivolumab,0.6,70,0.1,50,0,50,0.023501420730292846,Terminal clearance
Nivolumab,0.6,70,1,50,0,50,4169.354342476452,AUC0-28d
Nivolumab,0.6,70,1,50,0,50,22.557947682440282,Cmax
Nivolumab,0.6,70,1,50,0,50,0.023394694009819198,Terminal clearance
Nivolumab,0.6,70,3,50,0,50,12480.00680738124,AUC0-28d
Nivolumab,0.6,70,3,50,0,50,67.67359488010406,Cmax
Nivolumab,0.6,70,3,50,0,50,0.023435839516508697,Terminal clearance
Nivolumab,0.6,70,10,50,0,50,41226.73209113693,AUC0-28d
Nivolumab,0.6,70,10,50,0,50,225.56948813199998,Cmax
Nivolumab,0.6,70,10,50,0,50,0.02363672603813106,Terminal clearance
Nivolumab,0.6,70,30,50,0,50,120430.35563018781,AUC0-28d
Nivolumab,0.6,70,30,50,0,50,676.5944943141938,Cmax
Nivolumab,0.6,70,30,50,0,50,0.02424996459350377,Terminal clearance
Nivolumab,0.6,71,0.1,50,0,50,257.99107531858704,AUC0-28d
Nivolumab,0.6,71,0.1,50,0,50,2.2549725411087276,Cmax
Nivolumab,0.6,71,0.1,50,0,50,0.044232290685724575,Terminal clearance
Nivolumab,0.6,71,1,50,0,50,2579.213549232484,AUC0-28d
Nivolumab,0.6,71,1,50,0,50,22.550721310675144,Cmax
Nivolumab,0.6,71,1,50,0,50,0.04422651738466566,Terminal clearance
Nivolumab,0.6,71,3,50,0,50,7712.286072562336,AUC0-28d
Nivolumab,0.6,71,3,50,0,50,67.65135733962059,Cmax
Nivolumab,0.6,71,3,50,0,50,0.044360199251362475,Terminal clearance
Nivolumab,0.6,71,10,50,0,50,25398.609555228057,AUC0-28d
Nivolumab,0.6,71,10,50,0,50,225.48903121948243,Cmax
Nivolumab,0.6,71,10,50,0,50,0.044869615274724654,Terminal clearance
Nivolumab,0.6,71,30,50,0,50,73615.45940803272,AUC0-28d
Nivolumab,0.6,71,30,50,0,50,676.2877111625671,Cmax
Nivolumab,0.6,71,30,50,0,50,0.04636355503809611,Terminal clearance
Nivolumab,0.6,72,0.1,50,0,50,418.91117766695584,AUC0-28d
Nivolumab,0.6,72,0.1,50,0,50,2.255675347968936,Cmax
Nivolumab,0.6,72,0.1,50,0,50,0.023242487324920943,Terminal clearance
Nivolumab,0.6,72,1,50,0,50,4191.296306950228,AUC0-28d
Nivolumab,0.6,72,1,50,0,50,22.55801817089319,Cmax
Nivolumab,0.6,72,1,50,0,50,0.023197301761613956,Terminal clearance
Nivolumab,0.6,72,3,50,0,50,12544.198301299455,AUC0-28d
Nivolumab,0.6,72,3,50,0,50,67.67379485845566,Cmax
Nivolumab,0.6,72,3,50,0,50,0.023244952718028376,Terminal clearance
Nivolumab,0.6,72,10,50,0,50,41438.364608275246,AUC0-28d
Nivolumab,0.6,72,10,50,0,50,225.57020572185516,Cmax
Nivolumab,0.6,72,10,50,0,50,0.023446090043671895,Terminal clearance
Nivolumab,0.6,72,30,50,0,50,121059.16380528838,AUC0-28d
Nivolumab,0.6,72,30,50,0,50,676.5972943592071,Cmax
Nivolumab,0.6,72,30,50,0,50,0.02405325982875882,Terminal clearance
Nivolumab,0.6,73,0.1,50,0,50,458.7529605030211,AUC0-28d
Nivolumab,0.6,73,0.1,50,0,50,2.2558568747714163,Cmax
Nivolumab,0.6,73,0.1,50,0,50,0.019972601543710243,Terminal clearance
Nivolumab,0.6,73,1,50,0,50,4588.001214086882,AUC0-28d
Nivolumab,0.6,73,1,50,0,50,22.559191237986088,Cmax
Nivolumab,0.6,73,1,50,0,50,0.019946893889721533,Terminal clearance
Nivolumab,0.6,73,3,50,0,50,13733.375625813482,AUC0-28d
Nivolumab,0.6,73,3,50,0,50,67.67725410103797,Cmax
Nivolumab,0.6,73,3,50,0,50,0.019987317865633538,Terminal clearance
Nivolumab,0.6,73,10,50,0,50,45397.056225896835,AUC0-28d
Nivolumab,0.6,73,10,50,0,50,225.582651720047,Cmax
Nivolumab,0.6,73,10,50,0,50,0.02015099318580023,Terminal clearance
Nivolumab,0.6,73,30,50,0,50,132875.9756477276,AUC0-28d
Nivolumab,0.6,73,30,50,0,50,676.6461385059357,Cmax
Nivolumab,0.6,73,30,50,0,50,0.020643971409511963,Terminal clearance
Nivolumab,0.6,74,0.1,50,0,50,377.8706709956106,AUC0-28d
Nivolumab,0.6,74,0.1,50,0,50,2.255573950111866,Cmax
Nivolumab,0.6,74,0.1,50,0,50,0.027168652513196476,Terminal clearance
Nivolumab,0.6,74,1,50,0,50,3781.629910951044,AUC0-28d
Nivolumab,0.6,74,1,50,0,50,22.556702538728715,Cmax
Nivolumab,0.6,74,1,50,0,50,0.02711148052547529,Terminal clearance
Nivolumab,0.6,74,3,50,0,50,11316.762121486885,AUC0-28d
Nivolumab,0.6,74,3,50,0,50,67.6696892106533,Cmax
Nivolumab,0.6,74,3,50,0,50,0.027167993332202208,Terminal clearance
Nivolumab,0.6,74,10,50,0,50,37358.01321342895,AUC0-28d
Nivolumab,0.6,74,10,50,0,50,225.55522910118103,Cmax
Nivolumab,0.6,74,10,50,0,50,0.027417167233311713,Terminal clearance
Nivolumab,0.6,74,30,50,0,50,108926.22553819783,AUC0-28d
Nivolumab,0.6,74,30,50,0,50,676.538942451477,Cmax
Nivolumab,0.6,74,30,50,0,50,0.028171165745731336,Terminal clearance
Nivolumab,0.6,75,0.1,50,0,50,341.94958013467703,AUC0-28d
Nivolumab,0.6,75,0.1,50,0,50,2.25545566983521,Cmax
Nivolumab,0.6,75,0.1,50,0,50,0.031199468886083995,Terminal clearance
Nivolumab,0.6,75,1,50,0,50,3417.3653028014483,AUC0-28d
Nivolumab,0.6,75,1,50,0,50,22.555302820801735,Cmax
Nivolumab,0.6,75,1,50,0,50,0.03121288034690225,Terminal clearance
Nivolumab,0.6,75,3,50,0,50,10223.765914541118,AUC0-28d
Nivolumab,0.6,75,3,50,0,50,67.66534468531609,Cmax
Nivolumab,0.6,75,3,50,0,50,0.0312915961191805,Terminal clearance
Nivolumab,0.6,75,10,50,0,50,33726.94463149188,AUC0-28d
Nivolumab,0.6,75,10,50,0,50,225.53942959308625,Cmax
Nivolumab,0.6,75,10,50,0,50,0.031598878849839265,Terminal clearance
Nivolumab,0.6,75,30,50,0,50,98166.02422537652,AUC0-28d
Nivolumab,0.6,75,30,50,0,50,676.4780049228668,Cmax
Nivolumab,0.6,75,30,50,0,50,0.03251943011715757,Terminal clearance
Nivolumab,0.6,76,0.1,50,0,50,506.74625828611335,AUC0-28d
Nivolumab,0.6,76,0.1,50,0,50,2.2559272680431603,Cmax
Nivolumab,0.6,76,0.1,50,0,50,0.016613071131191495,Terminal clearance
Nivolumab,0.6,76,1,50,0,50,5080.261243394035,AUC0-28d
Nivolumab,0.6,76,1,50,0,50,22.560334543287755,Cmax
Nivolumab,0.6,76,1,50,0,50,0.016481881444906362,Terminal clearance
Nivolumab,0.6,76,3,50,0,50,15214.091935960943,AUC0-28d
Nivolumab,0.6,76,3,50,0,50,67.68086528539658,Cmax
Nivolumab,0.6,76,3,50,0,50,0.016500859210751374,Terminal clearance
Nivolumab,0.6,76,10,50,0,50,50339.17982152097,AUC0-28d
Nivolumab,0.6,76,10,50,0,50,225.59592791557313,Cmax
Nivolumab,0.6,76,10,50,0,50,0.016622733458302133,Terminal clearance
Nivolumab,0.6,76,30,50,0,50,147699.41469889152,AUC0-28d
Nivolumab,0.6,76,30,50,0,50,676.6988666534423,Cmax
Nivolumab,0.6,76,30,50,0,50,0.017001630771295455,Terminal clearance
Nivolumab,0.6,77,0.1,50,0,50,456.4674928178464,AUC0-28d
Nivolumab,0.6,77,0.1,50,0,50,2.2558105677738785,Cmax
Nivolumab,0.6,77,0.1,50,0,50,0.020139845618950384,Terminal clearance
Nivolumab,0.6,77,1,50,0,50,4565.354846699339,AUC0-28d
Nivolumab,0.6,77,1,50,0,50,22.55909827589989,Cmax
Nivolumab,0.6,77,1,50,0,50,0.020120754787068047,Terminal clearance
Nivolumab,0.6,77,3,50,0,50,13666.052019967921,AUC0-28d
Nivolumab,0.6,77,3,50,0,50,67.67704620361329,Cmax
Nivolumab,0.6,77,3,50,0,50,0.020160132530658903,Terminal clearance
Nivolumab,0.6,77,10,50,0,50,45173.79077799413,AUC0-28d
Nivolumab,0.6,77,10,50,0,50,225.58198286294936,Cmax
Nivolumab,0.6,77,10,50,0,50,0.020324766857787283,Terminal clearance
Nivolumab,0.6,77,30,50,0,50,132209.28515334934,AUC0-28d
Nivolumab,0.6,77,30,50,0,50,676.6435542774201,Cmax
Nivolumab,0.6,77,30,50,0,50,0.02082318843808117,Terminal clearance
Nivolumab,0.6,78,0.1,50,0,50,311.0517980982383,AUC0-28d
Nivolumab,0.6,78,0.1,50,0,50,2.255249221883714,Cmax
Nivolumab,0.6,78,0.1,50,0,50,0.03531052938388643,Terminal clearance
Nivolumab,0.6,78,1,50,0,50,3113.394489975207,AUC0-28d
Nivolumab,0.6,78,1,50,0,50,22.5538477781415,Cmax
Nivolumab,0.6,78,1,50,0,50,0.03524379733203271,Terminal clearance
Nivolumab,0.6,78,3,50,0,50,9314.071381506366,AUC0-28d
Nivolumab,0.6,78,3,50,0,50,67.66101704239846,Cmax
Nivolumab,0.6,78,3,50,0,50,0.035328778136666655,Terminal clearance
Nivolumab,0.6,78,10,50,0,50,30709.136558362203,AUC0-28d
Nivolumab,0.6,78,10,50,0,50,225.52390612125396,Cmax
Nivolumab,0.6,78,10,50,0,50,0.03569234611063116,Terminal clearance
Nivolumab,0.6,78,30,50,0,50,89249.62206566008,AUC0-28d
Nivolumab,0.6,78,30,50,0,50,676.4188224697114,Cmax
Nivolumab,0.6,78,30,50,0,50,0.03678295313111158,Terminal clearance
Nivolumab,0.6,79,0.1,50,0,50,439.25861015138327,AUC0-28d
Nivolumab,0.6,79,0.1,50,0,50,2.2557121178135278,Cmax
Nivolumab,0.6,79,0.1,50,0,50,0.0215124102918264,Terminal clearance
Nivolumab,0.6,79,1,50,0,50,4394.4317506296275,AUC0-28d
Nivolumab,0.6,79,1,50,0,50,22.55859045445919,Cmax
Nivolumab,0.6,79,1,50,0,50,0.021475449610428826,Terminal clearance
Nivolumab,0.6,79,3,50,0,50,13153.274412873785,AUC0-28d
Nivolumab,0.6,79,3,50,0,50,67.67559422850609,Cmax
Nivolumab,0.6,79,3,50,0,50,0.021518533823629133,Terminal clearance
Nivolumab,0.6,79,10,50,0,50,43465.55824109096,AUC0-28d
Nivolumab,0.6,79,10,50,0,50,225.57678534030913,Cmax
Nivolumab,0.6,79,10,50,0,50,0.02169917175492065,Terminal clearance
Nivolumab,0.6,79,30,50,0,50,127104.9249718136,AUC0-28d
Nivolumab,0.6,79,30,50,0,50,676.6231324672699,Cmax
Nivolumab,0.6,79,30,50,0,50,0.02224472382721531,Terminal clearance
Nivolumab,0.6,80,0.1,50,0,50,362.06224456901583,AUC0-28d
Nivolumab,0.6,80,0.1,50,0,50,2.255532657802105,Cmax
Nivolumab,0.6,80,0.1,50,0,50,0.028855780810053407,Terminal clearance
Nivolumab,0.6,80,1,50,0,50,3619.8175734125775,AUC0-28d
Nivolumab,0.6,80,1,50,0,50,22.556117419302463,Cmax
Nivolumab,0.6,80,1,50,0,50,0.028848770793487386,Terminal clearance
Nivolumab,0.6,80,3,50,0,50,10830.77585664996,AUC0-28d
Nivolumab,0.6,80,3,50,0,50,67.66785416126251,Cmax
Nivolumab,0.6,80,3,50,0,50,0.028916676766792465,Terminal clearance
Nivolumab,0.6,80,10,50,0,50,35742.497572940825,AUC0-28d
Nivolumab,0.6,80,10,50,0,50,225.54853304624558,Cmax
Nivolumab,0.6,80,10,50,0,50,0.029190830831075407,Terminal clearance
Nivolumab,0.6,80,30,50,0,50,104134.02667381965,AUC0-28d
Nivolumab,0.6,80,30,50,0,50,676.5130270671845,Cmax
Nivolumab,0.6,80,30,50,0,50,0.03001463929367446,Terminal clearance
Nivolumab,0.6,81,0.1,50,0,50,281.71977238585026,AUC0-28d
Nivolumab,0.6,81,0.1,50,0,50,2.255105737634003,Cmax
Nivolumab,0.6,81,0.1,50,0,50,0.03987776342966106,Terminal clearance
Nivolumab,0.6,81,1,50,0,50,2817.95055113534,AUC0-28d
Nivolumab,0.6,81,1,50,0,50,22.55224801659584,Cmax
Nivolumab,0.6,81,1,50,0,50,0.039849578695345445,Terminal clearance
Nivolumab,0.6,81,3,50,0,50,8428.881958564369,AUC0-28d
Nivolumab,0.6,81,3,50,0,50,67.65608485221863,Cmax
Nivolumab,0.6,81,3,50,0,50,0.03995424488300318,Terminal clearance
Nivolumab,0.6,81,10,50,0,50,27774.969996131684,AUC0-28d
Nivolumab,0.6,81,10,50,0,50,225.5060911655426,Cmax
Nivolumab,0.6,81,10,50,0,50,0.040387621346580575,Terminal clearance
Nivolumab,0.6,81,30,50,0,50,80603.96892370484,AUC0-28d
Nivolumab,0.6,81,30,50,0,50,676.3515183544159,Cmax
Nivolumab,0.6,81,30,50,0,50,0.0416800681077404,Terminal clearance
Nivolumab,0.6,82,0.1,50,0,50,554.9657061674588,AUC0-28d
Nivolumab,0.6,82,0.1,50,0,50,2.2559995268657804,Cmax
Nivolumab,0.6,82,0.1,50,0,50,0.013640149714905712,Terminal clearance
Nivolumab,0.6,82,1,50,0,50,5560.9337553139485,AUC0-28d
Nivolumab,0.6,82,1,50,0,50,22.561304129362107,Cmax
Nivolumab,0.6,82,1,50,0,50,0.013556228223498714,Terminal clearance
Nivolumab,0.6,82,3,50,0,50,16659.411333569322,AUC0-28d
Nivolumab,0.6,82,3,50,0,50,67.68390533924102,Cmax
Nivolumab,0.6,82,3,50,0,50,0.013564962357097265,Terminal clearance
Nivolumab,0.6,82,10,50,0,50,55171.635274749206,AUC0-28d
Nivolumab,0.6,82,10,50,0,50,225.60709102392195,Cmax
Nivolumab,0.6,82,10,50,0,50,0.013655830767636485,Terminal clearance
Nivolumab,0.6,82,30,50,0,50,162270.84308207987,AUC0-28d
Nivolumab,0.6,82,30,50,0,50,676.7435789585113,Cmax
Nivolumab,0.6,82,30,50,0,50,0.013948140161388756,Terminal clearance
Nivolumab,0.6,83,0.1,50,0,50,629.9091317255416,AUC0-28d
Nivolumab,0.6,83,0.1,50,0,50,2.2561082400754096,Cmax
Nivolumab,0.6,83,0.1,50,0,50,0.009808861492667083,Terminal clearance
Nivolumab,0.6,83,1,50,0,50,6336.199075024279,AUC0-28d
Nivolumab,0.6,83,1,50,0,50,22.562635534405707,Cmax
Nivolumab,0.6,83,1,50,0,50,0.009558544567547723,Terminal clearance
Nivolumab,0.6,83,3,50,0,50,18991.0168098278,AUC0-28d
Nivolumab,0.6,83,3,50,0,50,67.68804814577102,Cmax
Nivolumab,0.6,83,3,50,0,50,0.009554276842876212,Terminal clearance
Nivolumab,0.6,83,10,50,0,50,62981.13427294372,AUC0-28d
Nivolumab,0.6,83,10,50,0,50,225.62229738473891,Cmax
Nivolumab,0.6,83,10,50,0,50,0.009611751973444306,Terminal clearance
Nivolumab,0.6,83,30,50,0,50,185986.84077713315,AUC0-28d
Nivolumab,0.6,83,30,50,0,50,676.8050448894501,Cmax
Nivolumab,0.6,83,30,50,0,50,0.009803077716428577,Terminal clearance
Nivolumab,0.6,84,0.1,50,0,50,245.68401578514911,AUC0-28d
Nivolumab,0.6,84,0.1,50,0,50,2.254886657781899,Cmax
Nivolumab,0.6,84,0.1,50,0,50,0.04677918429524984,Terminal clearance
Nivolumab,0.6,84,1,50,0,50,2456.201188511498,AUC0-28d
Nivolumab,0.6,84,1,50,0,50,22.54982382297516,Cmax
Nivolumab,0.6,84,1,50,0,50,0.046773468750437586,Terminal clearance
Nivolumab,0.6,84,3,50,0,50,7343.918576057249,AUC0-28d
Nivolumab,0.6,84,3,50,0,50,67.648599152565,Cmax
Nivolumab,0.6,84,3,50,0,50,0.04691837506143581,Terminal clearance
Nivolumab,0.6,84,10,50,0,50,24179.13155118241,AUC0-28d
Nivolumab,0.6,84,10,50,0,50,225.4791172361374,Cmax
Nivolumab,0.6,84,10,50,0,50,0.04746942071265848,Terminal clearance
Nivolumab,0.6,84,30,50,0,50,70036.6321980516,AUC0-28d
Nivolumab,0.6,84,30,50,0,50,676.2509367275238,Cmax
Nivolumab,0.6,84,30,50,0,50,0.04908071758571229,Terminal clearance
Nivolumab,0.6,85,0.1,50,0,50,455.58018206785465,AUC0-28d
Nivolumab,0.6,85,0.1,50,0,50,2.255834205336869,Cmax
Nivolumab,0.6,85,0.1,50,0,50,0.02021414818082396,Terminal clearance
Nivolumab,0.6,85,1,50,0,50,4558.484757349037,AUC0-28d
Nivolumab,0.6,85,1,50,0,50,22.559103997647764,Cmax
Nivolumab,0.6,85,1,50,0,50,0.020176613417745837,Terminal clearance
Nivolumab,0.6,85,3,50,0,50,13647.376185568177,AUC0-28d
Nivolumab,0.6,85,3,50,0,50,67.67701652884483,Cmax
Nivolumab,0.6,85,3,50,0,50,0.02020962607968578,Terminal clearance
Nivolumab,0.6,85,10,50,0,50,45114.80918993584,AUC0-28d
Nivolumab,0.6,85,10,50,0,50,225.58182187080382,Cmax
Nivolumab,0.6,85,10,50,0,50,0.02037147467944512,Terminal clearance
Nivolumab,0.6,85,30,50,0,50,132036.20615777595,AUC0-28d
Nivolumab,0.6,85,30,50,0,50,676.6428908157349,Cmax
Nivolumab,0.6,85,30,50,0,50,0.020870202299018446,Terminal clearance
Nivolumab,0.6,86,0.1,50,0,50,448.0400437905651,AUC0-28d
Nivolumab,0.6,86,0.1,50,0,50,2.255808767490089,Cmax
Nivolumab,0.6,86,0.1,50,0,50,0.020797886713406096,Terminal clearance
Nivolumab,0.6,86,1,50,0,50,4481.482653636679,AUC0-28d
Nivolumab,0.6,86,1,50,0,50,22.558894033432008,Cmax
Nivolumab,0.6,86,1,50,0,50,0.020776819305581302,Terminal clearance
Nivolumab,0.6,86,3,50,0,50,13415.90948521517,AUC0-28d
Nivolumab,0.6,86,3,50,0,50,67.67637960910797,Cmax
Nivolumab,0.6,86,3,50,0,50,0.02081372262504293,Terminal clearance
Nivolumab,0.6,86,10,50,0,50,44343.33178415761,AUC0-28d
Nivolumab,0.6,86,10,50,0,50,225.57951489686965,Cmax
Nivolumab,0.6,86,10,50,0,50,0.020983059118045246,Terminal clearance
Nivolumab,0.6,86,30,50,0,50,129729.97955024673,AUC0-28d
Nivolumab,0.6,86,30,50,0,50,676.6338028526307,Cmax
Nivolumab,0.6,86,30,50,0,50,0.021502627899475445,Terminal clearance
Nivolumab,0.6,87,0.1,50,0,50,382.6244295930046,AUC0-28d
Nivolumab,0.6,87,0.1,50,0,50,2.2555468234792353,Cmax
Nivolumab,0.6,87,0.1,50,0,50,0.02671246512094513,Terminal clearance
Nivolumab,0.6,87,1,50,0,50,3835.8922616963355,AUC0-28d
Nivolumab,0.6,87,1,50,0,50,22.55685807019472,Cmax
Nivolumab,0.6,87,1,50,0,50,0.02655974235255713,Terminal clearance
Nivolumab,0.6,87,3,50,0,50,11480.898053114759,AUC0-28d
Nivolumab,0.6,87,3,50,0,50,67.67025920987129,Cmax
Nivolumab,0.6,87,3,50,0,50,0.026605817295735492,Terminal clearance
Nivolumab,0.6,87,10,50,0,50,37905.00316613768,AUC0-28d
Nivolumab,0.6,87,10,50,0,50,225.55737995624543,Cmax
Nivolumab,0.6,87,10,50,0,50,0.026845075458654936,Terminal clearance
Nivolumab,0.6,87,30,50,0,50,110551.34450749215,AUC0-28d
Nivolumab,0.6,87,30,50,0,50,676.5473244857789,Cmax
Nivolumab,0.6,87,30,50,0,50,0.027576450434297364,Terminal clearance
Nivolumab,0.6,88,0.1,50,0,50,410.24217392774364,AUC0-28d
Nivolumab,0.6,88,0.1,50,0,50,2.255637699738145,Cmax
Nivolumab,0.6,88,0.1,50,0,50,0.024020418523433982,Terminal clearance
Nivolumab,0.6,88,1,50,0,50,4104.541676258226,AUC0-28d
Nivolumab,0.6,88,1,50,0,50,22.557742961347103,Cmax
Nivolumab,0.6,88,1,50,0,50,0.02397310289542743,Terminal clearance
Nivolumab,0.6,88,3,50,0,50,12283.844496774826,AUC0-28d
Nivolumab,0.6,88,3,50,0,50,67.67297092676162,Cmax
Nivolumab,0.6,88,3,50,0,50,0.024023935874185873,Terminal clearance
Nivolumab,0.6,88,10,50,0,50,40571.82776193197,AUC0-28d
Nivolumab,0.6,88,10,50,0,50,225.56722519159317,Cmax
Nivolumab,0.6,88,10,50,0,50,0.024235095090866927,Terminal clearance
Nivolumab,0.6,88,30,50,0,50,118478.05990341817,AUC0-28d
Nivolumab,0.6,88,30,50,0,50,676.5856514072418,Cmax
Nivolumab,0.6,88,30,50,0,50,0.024870910760913495,Terminal clearance
Nivolumab,0.6,89,0.1,50,0,50,543.7916803005793,AUC0-28d
Nivolumab,0.6,89,0.1,50,0,50,2.256003219895065,Cmax
Nivolumab,0.6,89,0.1,50,0,50,0.01432360236462402,Terminal clearance
Nivolumab,0.6,89,1,50,0,50,5458.61955845547,AUC0-28d
Nivolumab,0.6,89,1,50,0,50,22.56112645059824,Cmax
Nivolumab,0.6,89,1,50,0,50,0.014149171023400004,Terminal clearance
Nivolumab,0.6,89,3,50,0,50,16352.897395349277,AUC0-28d
Nivolumab,0.6,89,3,50,0,50,67.68330697059632,Cmax
Nivolumab,0.6,89,3,50,0,50,0.014155118379887505,Terminal clearance
Nivolumab,0.6,89,10,50,0,50,54146.583204733026,AUC0-28d
Nivolumab,0.6,89,10,50,0,50,225.6048592376709,Cmax
Nivolumab,0.6,89,10,50,0,50,0.014251169844664477,Terminal clearance
Nivolumab,0.6,89,30,50,0,50,159173.3952013782,AUC0-28d
Nivolumab,0.6,89,30,50,0,50,676.7345808029174,Cmax
Nivolumab,0.6,89,30,50,0,50,0.01456005341141743,Terminal clearance
Nivolumab,0.6,90,0.1,50,0,50,646.9550991921636,AUC0-28d
Nivolumab,0.6,90,0.1,50,0,50,2.2561501714587213,Cmax
Nivolumab,0.6,90,0.1,50,0,50,0.008954636529357223,Terminal clearance
Nivolumab,0.6,90,1,50,0,50,6477.4606312898695,AUC0-28d
Nivolumab,0.6,90,1,50,0,50,22.562864926457404,Cmax
Nivolumab,0.6,90,1,50,0,50,0.00889961983832928,Terminal clearance
Nivolumab,0.6,90,3,50,0,50,19408.50832512033,AUC0-28d
Nivolumab,0.6,90,3,50,0,50,67.68871561050415,Cmax
Nivolumab,0.6,90,3,50,0,50,0.008910185380563325,Terminal clearance
Nivolumab,0.6,90,10,50,0,50,64373.577080142764,AUC0-28d
Nivolumab,0.6,90,10,50,0,50,225.6247145295143,Cmax
Nivolumab,0.6,90,10,50,0,50,0.008968292775437169,Terminal clearance
Nivolumab,0.6,90,30,50,0,50,190232.3940361529,AUC0-28d
Nivolumab,0.6,90,30,50,0,50,676.8148547935485,Cmax
Nivolumab,0.6,90,30,50,0,50,0.009146821459218718,Terminal clearance
Nivolumab,0.6,91,0.1,50,0,50,297.38658319185834,AUC0-28d
Nivolumab,0.6,91,0.1,50,0,50,2.2552625309303402,Cmax
Nivolumab,0.6,91,0.1,50,0,50,0.03733503941193739,Terminal clearance
Nivolumab,0.6,91,1,50,0,50,2973.4755588699104,AUC0-28d
Nivolumab,0.6,91,1,50,0,50,22.55319219201803,Cmax
Nivolumab,0.6,91,1,50,0,50,0.037324548125468454,Terminal clearance
Nivolumab,0.6,91,3,50,0,50,8893.909687892168,AUC0-28d
Nivolumab,0.6,91,3,50,0,50,67.65883459806442,Cmax
Nivolumab,0.6,91,3,50,0,50,0.037424673992545184,Terminal clearance
Nivolumab,0.6,91,10,50,0,50,29314.86178676108,AUC0-28d
Nivolumab,0.6,91,10,50,0,50,225.51585390329362,Cmax
Nivolumab,0.6,91,10,50,0,50,0.03782232034333237,Terminal clearance
Nivolumab,0.6,91,30,50,0,50,85137.39911418826,AUC0-28d
Nivolumab,0.6,91,30,50,0,50,676.3882224750519,Cmax
Nivolumab,0.6,91,30,50,0,50,0.03900453062345251,Terminal clearance
Nivolumab,0.6,92,0.1,50,0,50,263.8773591168917,AUC0-28d
Nivolumab,0.6,92,0.1,50,0,50,2.254993921518326,Cmax
Nivolumab,0.6,92,0.1,50,0,50,0.04308669401287347,Terminal clearance
Nivolumab,0.6,92,1,50,0,50,2638.1880817155948,AUC0-28d
Nivolumab,0.6,92,1,50,0,50,22.551110258996488,Cmax
Nivolumab,0.6,92,1,50,0,50,0.043080133511498656,Terminal clearance
Nivolumab,0.6,92,3,50,0,50,7888.967921114332,AUC0-28d
Nivolumab,0.6,92,3,50,0,50,67.65258679747582,Cmax
Nivolumab,0.6,92,3,50,0,50,0.0432084149546999,Terminal clearance
Nivolumab,0.6,92,10,50,0,50,25983.77930729015,AUC0-28d
Nivolumab,0.6,92,10,50,0,50,225.49348469734193,Cmax
Nivolumab,0.6,92,10,50,0,50,0.04369907873371467,Terminal clearance
Nivolumab,0.6,92,30,50,0,50,75334.32578445021,AUC0-28d
Nivolumab,0.6,92,30,50,0,50,676.304320678711,Cmax
Nivolumab,0.6,92,30,50,0,50,0.045140507102724936,Terminal clearance
Nivolumab,0.6,93,0.1,50,0,50,204.28594698399448,AUC0-28d
Nivolumab,0.6,93,0.1,50,0,50,2.2545760490000246,Cmax
Nivolumab,0.6,93,0.1,50,0,50,0.05732676045926806,Terminal clearance
Nivolumab,0.6,93,1,50,0,50,2040.7235485869635,AUC0-28d
Nivolumab,0.6,93,1,50,0,50,22.546092525422573,Cmax
Nivolumab,0.6,93,1,50,0,50,0.05738064795394106,Terminal clearance
Nivolumab,0.6,93,3,50,0,50,6100.002315969326,AUC0-28d
Nivolumab,0.6,93,3,50,0,50,67.6370546233654,Cmax
Nivolumab,0.6,93,3,50,0,50,0.057576865616998756,Terminal clearance
Nivolumab,0.6,93,10,50,0,50,20065.584435025765,AUC0-28d
Nivolumab,0.6,93,10,50,0,50,225.43764252662658,Cmax
Nivolumab,0.6,93,10,50,0,50,0.05830550077176855,Terminal clearance
Nivolumab,0.6,93,30,50,0,50,57997.97424650639,AUC0-28d
Nivolumab,0.6,93,30,50,0,50,676.0992003250122,Cmax
Nivolumab,0.6,93,30,50,0,50,0.06041329531390445,Terminal clearance
Nivolumab,0.6,94,0.1,50,0,50,370.5211914968048,AUC0-28d
Nivolumab,0.6,94,0.1,50,0,50,2.2555528960376976,Cmax
Nivolumab,0.6,94,0.1,50,0,50,0.027932429722173392,Terminal clearance
Nivolumab,0.6,94,1,50,0,50,3703.60875072965,AUC0-28d
Nivolumab,0.6,94,1,50,0,50,22.556421803236006,Cmax
Nivolumab,0.6,94,1,50,0,50,0.027930098912972226,Terminal clearance
Nivolumab,0.6,94,3,50,0,50,11080.66020901495,AUC0-28d
Nivolumab,0.6,94,3,50,0,50,67.66880958437919,Cmax
Nivolumab,0.6,94,3,50,0,50,0.028000185634759818,Terminal clearance
Nivolumab,0.6,94,10,50,0,50,36570.37967844173,AUC0-28d
Nivolumab,0.6,94,10,50,0,50,225.55201900482177,Cmax
Nivolumab,0.6,94,10,50,0,50,0.028265172264446397,Terminal clearance
Nivolumab,0.6,94,30,50,0,50,106586.35778294792,AUC0-28d
Nivolumab,0.6,94,30,50,0,50,676.5265058517456,Cmax
Nivolumab,0.6,94,30,50,0,50,0.029053640580624148,Terminal clearance
Nivolumab,0.6,95,0.1,50,0,50,394.7801283286474,AUC0-28d
Nivolumab,0.6,95,0.1,50,0,50,2.255624882914126,Cmax
Nivolumab,0.6,95,0.1,50,0,50,0.02547655125488185,Terminal clearance
Nivolumab,0.6,95,1,50,0,50,3949.8065874840377,AUC0-28d
Nivolumab,0.6,95,1,50,0,50,22.557275583744048,Cmax
Nivolumab,0.6,95,1,50,0,50,0.02542397838408656,Terminal clearance
Nivolumab,0.6,95,3,50,0,50,11819.576260158768,AUC0-28d
Nivolumab,0.6,95,3,50,0,50,67.67145820975304,Cmax
Nivolumab,0.6,95,3,50,0,50,0.02548077254836219,Terminal clearance
Nivolumab,0.6,95,10,50,0,50,39027.29239354235,AUC0-28d
Nivolumab,0.6,95,10,50,0,50,225.56166426181792,Cmax
Nivolumab,0.6,95,10,50,0,50,0.02571101020059379,Terminal clearance
Nivolumab,0.6,95,30,50,0,50,113882.7587049889,AUC0-28d
Nivolumab,0.6,95,30,50,0,50,676.5639326095582,Cmax
Nivolumab,0.6,95,30,50,0,50,0.02640139737658292,Terminal clearance
Nivolumab,0.6,96,0.1,50,0,50,309.882822537891,AUC0-28d
Nivolumab,0.6,96,0.1,50,0,50,2.2552605810761452,Cmax
Nivolumab,0.6,96,0.1,50,0,50,0.03546416257488923,Terminal clearance
Nivolumab,0.6,96,1,50,0,50,3096.8090196605863,AUC0-28d
Nivolumab,0.6,96,1,50,0,50,22.553773939311505,Cmax
Nivolumab,0.6,96,1,50,0,50,0.03547605392778183,Terminal clearance
Nivolumab,0.6,96,3,50,0,50,9262.173124827606,AUC0-28d
Nivolumab,0.6,96,3,50,0,50,67.66075371146202,Cmax
Nivolumab,0.6,96,3,50,0,50,0.03557624338575469,Terminal clearance
Nivolumab,0.6,96,10,50,0,50,30533.994563961605,AUC0-28d
Nivolumab,0.6,96,10,50,0,50,225.52292380809783,Cmax
Nivolumab,0.6,96,10,50,0,50,0.035949786778909594,Terminal clearance
Nivolumab,0.6,96,30,50,0,50,88730.14865024586,AUC0-28d
Nivolumab,0.6,96,30,50,0,50,676.4150756168366,Cmax
Nivolumab,0.6,96,30,50,0,50,0.03705335506995668,Terminal clearance
Nivolumab,0.6,97,0.1,50,0,50,352.7609746397254,AUC0-28d
Nivolumab,0.6,97,0.1,50,0,50,2.2555039566010238,Cmax
Nivolumab,0.6,97,0.1,50,0,50,0.029927139772213,Terminal clearance
Nivolumab,0.6,97,1,50,0,50,3531.6032318677167,AUC0-28d
Nivolumab,0.6,97,1,50,0,50,22.5557804235816,Cmax
Nivolumab,0.6,97,1,50,0,50,0.029857532766648154,Terminal clearance
Nivolumab,0.6,97,3,50,0,50,10568.442527623765,AUC0-28d
Nivolumab,0.6,97,3,50,0,50,67.6668068420887,Cmax
Nivolumab,0.6,97,3,50,0,50,0.029917735364918464,Terminal clearance
Nivolumab,0.6,97,10,50,0,50,34873.93448528335,AUC0-28d
Nivolumab,0.6,97,10,50,0,50,225.5447240591049,Cmax
Nivolumab,0.6,97,10,50,0,50,0.03020084363392834,Terminal clearance
Nivolumab,0.6,97,30,50,0,50,101563.06750749687,AUC0-28d
Nivolumab,0.6,97,30,50,0,50,676.4983445835113,Cmax
Nivolumab,0.6,97,30,50,0,50,0.03106363540341022,Terminal clearance
Nivolumab,0.6,98,0.1,50,0,50,321.10111512808766,AUC0-28d
Nivolumab,0.6,98,0.1,50,0,50,2.2553214671090247,Cmax
Nivolumab,0.6,98,0.1,50,0,50,0.03390222096821805,Terminal clearance
Nivolumab,0.6,98,1,50,0,50,3211.3380855305927,AUC0-28d
Nivolumab,0.6,98,1,50,0,50,22.55434141486883,Cmax
Nivolumab,0.6,98,1,50,0,50,0.03387300542216039,Terminal clearance
Nivolumab,0.6,98,3,50,0,50,9606.100612097776,AUC0-28d
Nivolumab,0.6,98,3,50,0,50,67.66247980833053,Cmax
Nivolumab,0.6,98,3,50,0,50,0.03396148858315471,Terminal clearance
Nivolumab,0.6,98,10,50,0,50,31675.764104925092,AUC0-28d
Nivolumab,0.6,98,10,50,0,50,225.52914819955825,Cmax
Nivolumab,0.6,98,10,50,0,50,0.03430904807950729,Terminal clearance
Nivolumab,0.6,98,30,50,0,50,92101.08969140293,AUC0-28d
Nivolumab,0.6,98,30,50,0,50,676.4387388515472,Cmax
Nivolumab,0.6,98,30,50,0,50,0.035342742796289704,Terminal clearance
Nivolumab,0.6,99,0.1,50,0,50,528.1447186546086,AUC0-28d
Nivolumab,0.6,99,0.1,50,0,50,2.2559605243429544,Cmax
Nivolumab,0.6,99,0.1,50,0,50,0.015230262249589623,Terminal clearance
Nivolumab,0.6,99,1,50,0,50,5288.104847370171,AUC0-28d
Nivolumab,0.6,99,1,50,0,50,22.560769113302232,Cmax
Nivolumab,0.6,99,1,50,0,50,0.0151648979853683,Terminal clearance
Nivolumab,0.6,99,3,50,0,50,15836.980809899787,AUC0-28d
Nivolumab,0.6,99,3,50,0,50,67.68222640872001,Cmax
Nivolumab,0.6,99,3,50,0,50,0.015184818818979883,Terminal clearance
Nivolumab,0.6,99,10,50,0,50,52418.10873742336,AUC0-28d
Nivolumab,0.6,99,10,50,0,50,225.60092319726945,Cmax
Nivolumab,0.6,99,10,50,0,50,0.015294588850725346,Terminal clearance
Nivolumab,0.6,99,30,50,0,50,153956.05046197266,AUC0-28d
Nivolumab,0.6,99,30,50,0,50,676.7188255023956,Cmax
Nivolumab,0.6,99,30,50,0,50,0.015634328742961827,Terminal clearance
Nivolumab,0.6,100,0.1,50,0,50,145.14057075816876,AUC0-28d
Nivolumab,0.6,100,0.1,50,0,50,2.25363927051425,Cmax
Nivolumab,0.6,100,0.1,50,0,50,0.08190641971164342,Terminal clearance
Nivolumab,0.6,100,1,50,0,50,1449.4578991418932,AUC0-28d
Nivolumab,0.6,100,1,50,0,50,22.537024468779563,Cmax
Nivolumab,0.6,100,1,50,0,50,0.08200769823313948,Terminal clearance
Nivolumab,0.6,100,3,50,0,50,4330.394495308006,AUC0-28d
Nivolumab,0.6,100,3,50,0,50,67.609433157444,Cmax
Nivolumab,0.6,100,3,50,0,50,0.08233104849254556,Terminal clearance
Nivolumab,0.6,100,10,50,0,50,14224.599461676253,AUC0-28d
Nivolumab,0.6,100,10,50,0,50,225.33978053569794,Cmax
Nivolumab,0.6,100,10,50,0,50,0.08348979382373437,Terminal clearance
Nivolumab,0.6,100,30,50,0,50,41004.40762894332,AUC0-28d
Nivolumab,0.6,100,30,50,0,50,675.7538744354248,Cmax
Nivolumab,0.6,100,30,50,0,50,0.08674592594471939,Terminal clearance
